name,level,province,city,district,address,category,description,latitude,longitude,coordinate_system
恭王府,5A,北京,北京市,西城区,北京西城区柳荫街甲14号恭王府,景点景区,国家5A旅游景区。所属地：北京·北京市·西城区。地址：北京西城区柳荫街甲14号恭王府。,39.9358144,116.3800742,wgs84
八达岭长城风景名胜区,5A,北京,北京市,延庆区,北京延庆区北京市延庆区八达岭旅游公司院内八达岭长城风景名胜区,景点景区,国家5A旅游景区。所属地：北京·北京市·延庆区。地址：北京延庆区北京市延庆区八达岭旅游公司院内八达岭长城风景名胜区。,40.3548924,116.0105793,wgs84
天坛公园,5A,北京,北京市,东城区,北京东城区天坛内东里7号天坛公园管理处天坛公园,景点景区,国家5A旅游景区。所属地：北京·北京市·东城区。地址：北京东城区天坛内东里7号天坛公园管理处天坛公园。,39.8805463,116.4046460,wgs84
慕田峪长城,5A,北京,北京市,怀柔区,北京怀柔区渤海镇慕田峪村慕田峪长城,景点景区,国家5A旅游景区。所属地：北京·北京市·怀柔区。地址：北京怀柔区渤海镇慕田峪村慕田峪长城。,40.4297075,116.5581503,wgs84
故宫博物院,5A,北京,北京市,东城区,北京东城区景山前街4号故宫博物院,景点景区,国家5A旅游景区。所属地：北京·北京市·东城区。地址：北京东城区景山前街4号故宫博物院。,39.9166566,116.3907839,wgs84
圆明园遗址公园,5A,北京,北京市,海淀区,北京海淀区清华西路28号圆明园遗址公园,景点景区,国家5A旅游景区。所属地：北京·北京市·海淀区。地址：北京海淀区清华西路28号圆明园遗址公园。,39.9993264,116.3062185,wgs84
颐和园,5A,北京,北京市,海淀区,北京海淀区北京海淀区宫门前街甲23号颐和园,景点景区,国家5A旅游景区。所属地：北京·北京市·海淀区。地址：北京海淀区北京海淀区宫门前街甲23号颐和园。,39.9912052,116.2668337,wgs84
北京市奥林匹克公园,5A,北京,北京市,朝阳区,北京朝阳区朝阳区北辰东路15号北京市奥林匹克公园,景点景区,国家5A旅游景区。所属地：北京·北京市·朝阳区。地址：北京朝阳区朝阳区北辰东路15号北京市奥林匹克公园。,40.0136073,116.3862845,wgs84
十三陵,5A,北京,北京市,昌平区,北京昌平区十三陵特区办事处十三陵,景点景区,国家5A旅游景区。所属地：北京·北京市·昌平区。地址：北京昌平区十三陵特区办事处十三陵。,40.2989698,116.2427942,wgs84
通州大运河森林旅游区,4A,北京,北京市,通州区,北京通州区北京市通州区通胡大街奥体公园通州大运河森林旅游区,景点景区,国家4A旅游景区。所属地：北京·北京市·通州区。地址：北京通州区北京市通州区通胡大街奥体公园通州大运河森林旅游区。,39.9073710,116.6823349,wgs84
中国园林博物馆,4A,北京,北京市,丰台区,北京丰台区北京市丰台区射击场路15号中国园林博物馆,景点景区,国家4A旅游景区。所属地：北京·北京市·丰台区。地址：北京丰台区北京市丰台区射击场路15号中国园林博物馆。,39.8779921,116.1706773,wgs84
北京世园公园,4A,北京,北京市,延庆区,北京延庆区北京市延庆区环湖南路北京世园公园,景点景区,国家4A旅游景区。所属地：北京·北京市·延庆区。地址：北京延庆区北京市延庆区环湖南路北京世园公园。,40.4413946,115.9415808,wgs84
北京市房山区周口店遗址景区,4A,北京,北京市,房山区,北京房山区周口店大街1号北京市房山区周口店遗址景区,景点景区,国家4A旅游景区。所属地：北京·北京市·房山区。地址：北京房山区周口店大街1号北京市房山区周口店遗址景区。,39.6870666,115.9225267,wgs84
野鸭湖景区,4A,北京,北京市,延庆区,北京延庆区康庄镇刘浩营村西野鸭湖景区,景点景区,国家4A旅游景区。所属地：北京·北京市·延庆区。地址：北京延庆区康庄镇刘浩营村西野鸭湖景区。,40.4077904,115.8516354,wgs84
国家植物园,4A,北京,北京市,海淀区,北京海淀区北京市植物园(卧佛寺)国家植物园,景点景区,国家4A旅游景区。所属地：北京·北京市·海淀区。地址：北京海淀区北京市植物园(卧佛寺)国家植物园。,39.9903642,116.2043854,wgs84
凤凰岭自然风景区,4A,北京,北京市,海淀区,北京海淀区苏家坨镇凤凰岭路19号凤凰岭自然风景区,景点景区,国家4A旅游景区。所属地：北京·北京市·海淀区。地址：北京海淀区苏家坨镇凤凰岭路19号凤凰岭自然风景区。,40.1048177,116.0788321,wgs84
世界公园,4A,北京,北京市,丰台区,北京丰台区花乡大葆台158号世界公园,景点景区,国家4A旅游景区。所属地：北京·北京市·丰台区。地址：北京丰台区花乡大葆台158号世界公园。,39.8092012,116.2813674,wgs84
雁栖湖旅游区,4A,北京,北京市,怀柔区,北京怀柔区北京市怀柔区怀北镇雁水路3号雁栖湖旅游区,景点景区,国家4A旅游景区。所属地：北京·北京市·怀柔区。地址：北京怀柔区北京市怀柔区怀北镇雁水路3号雁栖湖旅游区。,40.3913808,116.6627402,wgs84
京东石林峡风景区,4A,北京,北京市,平谷区,北京平谷区北京市平谷区雕窝村73号京东石林峡风景区,景点景区,国家4A旅游景区。所属地：北京·北京市·平谷区。地址：北京平谷区北京市平谷区雕窝村73号京东石林峡风景区。,40.2603425,117.2442102,wgs84
八达岭水关长城景区,4A,北京,北京市,延庆区,北京延庆区八达岭镇石佛寺村八达岭水关长城景区,景点景区,国家4A旅游景区。所属地：北京·北京市·延庆区。地址：北京延庆区八达岭镇石佛寺村八达岭水关长城景区。,40.3369824,116.0313888,wgs84
司马台长城景区,4A,北京,北京市,密云区,北京密云区古北口镇司马台村司马台长城景区,景点景区,国家4A旅游景区。所属地：北京·北京市·密云区。地址：北京密云区古北口镇司马台村司马台长城景区。,40.6533572,117.2722753,wgs84
中国人民抗日战争纪念馆,4A,北京,北京市,丰台区,北京丰台区卢沟桥宛平城内街101号中国人民抗日战争纪念馆,景点景区,国家4A旅游景区。所属地：北京·北京市·丰台区。地址：北京丰台区卢沟桥宛平城内街101号中国人民抗日战争纪念馆。,39.8505802,116.2198690,wgs84
明城墙遗址公园,4A,北京,北京市,东城区,北京东城区崇文门东大街东便门9号明城墙遗址公园,景点景区,国家4A旅游景区。所属地：北京·北京市·东城区。地址：北京东城区崇文门东大街东便门9号明城墙遗址公园。,39.8998005,116.4216290,wgs84
石花洞,4A,北京,北京市,房山区,北京房山区北京市房山区河北镇南车营村石花洞,景点景区,国家4A旅游景区。所属地：北京·北京市·房山区。地址：北京房山区北京市房山区河北镇南车营村石花洞。,39.7944689,115.9423726,wgs84
北京韩美林艺术馆,4A,北京,北京市,通州区,北京通州区梨园镇九棵树东路68号北京韩美林艺术馆,景点景区,国家4A旅游景区。所属地：北京·北京市·通州区。地址：北京通州区梨园镇九棵树东路68号北京韩美林艺术馆。,39.8738794,116.6709014,wgs84
金海湖风景区,4A,北京,北京市,平谷区,北京平谷区北京市平谷区金海湖镇金海湖景区坝前广场路1号金海湖风景区,景点景区,国家4A旅游景区。所属地：北京·北京市·平谷区。地址：北京平谷区北京市平谷区金海湖镇金海湖景区坝前广场路1号金海湖风景区。,40.1640381,117.3212747,wgs84
玉渊潭公园,4A,北京,北京市,海淀区,北京海淀区西三环中路10号玉渊潭公园,景点景区,国家4A旅游景区。所属地：北京·北京市·海淀区。地址：北京海淀区西三环中路10号玉渊潭公园。,39.9158981,116.3170799,wgs84
北京黄花城水长城旅游区,4A,北京,北京市,怀柔区,北京怀柔区九渡河镇西水峪村16号北京黄花城水长城旅游区,景点景区,国家4A旅游景区。所属地：北京·北京市·怀柔区。地址：北京怀柔区九渡河镇西水峪村16号北京黄花城水长城旅游区。,40.4116966,116.2977287,wgs84
戒台寺,4A,北京,北京市,门头沟区,北京门头沟区北京市门头沟永定镇戒台寺戒台寺,景点景区,国家4A旅游景区。所属地：北京·北京市·门头沟区。地址：北京门头沟区北京市门头沟永定镇戒台寺戒台寺。,39.8691421,116.0802156,wgs84
龙潭公园,4A,北京,北京市,东城区,北京东城区北京市东城区龙潭路16号龙潭公园,景点景区,国家4A旅游景区。所属地：北京·北京市·东城区。地址：北京东城区北京市东城区龙潭路16号龙潭公园。,39.8773141,116.4344463,wgs84
景山公园,4A,北京,北京市,西城区,北京西城区景山西街44号景山公园,景点景区,国家4A旅游景区。所属地：北京·北京市·西城区。地址：北京西城区景山西街44号景山公园。,39.9244454,116.3905331,wgs84
青龙峡旅游度假区,4A,北京,北京市,怀柔区,北京怀柔区北京市怀柔区怀北镇大水峪村北500米青龙峡旅游度假区,景点景区,国家4A旅游景区。所属地：北京·北京市·怀柔区。地址：北京怀柔区北京市怀柔区怀北镇大水峪村北500米青龙峡旅游度假区。,40.4480776,116.6941766,wgs84
黑龙潭旅游区,4A,北京,北京市,密云区,北京密云区石城镇大关桥黑龙潭旅游区,景点景区,国家4A旅游景区。所属地：北京·北京市·密云区。地址：北京密云区石城镇大关桥黑龙潭旅游区。,40.5625575,116.7969366,wgs84
龙庆峡旅游区,4A,北京,北京市,延庆区,北京延庆区旧县镇古城村北龙庆峡旅游区,景点景区,国家4A旅游景区。所属地：北京·北京市·延庆区。地址：北京延庆区旧县镇古城村北龙庆峡旅游区。,40.5441269,116.0043803,wgs84
北京丫髻山道教文化名胜区,4A,北京,北京市,平谷区,北京平谷区北京市平谷区刘家店镇北吉山村北吉山大街临485号北京丫髻山道教文化名胜区,景点景区,国家4A旅游景区。所属地：北京·北京市·平谷区。地址：北京平谷区北京市平谷区刘家店镇北吉山村北吉山大街临485号北京丫髻山道教文化名胜区。,40.2646325,116.9803911,wgs84
北京海洋馆,4A,北京,北京市,海淀区,北京西城区北京市西城区西直门外大街137号49幢平房第一间北京海洋馆,景点景区,国家4A旅游景区。所属地：北京·北京市·海淀区。地址：北京西城区北京市西城区西直门外大街137号49幢平房第一间北京海洋馆。,39.9433392,116.3347941,wgs84
中国紫檀博物馆,4A,北京,北京市,朝阳区,北京朝阳区北京市朝阳区建国路23号中国紫檀博物馆,景点景区,国家4A旅游景区。所属地：北京·北京市·朝阳区。地址：北京朝阳区北京市朝阳区建国路23号中国紫檀博物馆。,39.9094699,116.5201892,wgs84
北京顺义国际鲜花港,4A,北京,北京市,顺义区,北京顺义区北京市顺义区杨镇鲜花港南路9号(白马路北侧)北京顺义国际鲜花港,景点景区,国家4A旅游景区。所属地：北京·北京市·顺义区。地址：北京顺义区北京市顺义区杨镇鲜花港南路9号(白马路北侧)北京顺义国际鲜花港。,40.1803679,116.7904907,wgs84
绿野晴川野生动物园,4A,北京,北京市,大兴区,北京大兴区榆垡镇万亩林绿野晴川野生动物园,景点景区,国家4A旅游景区。所属地：北京·北京市·大兴区。地址：北京大兴区榆垡镇万亩林绿野晴川野生动物园。,39.4949786,116.3294992,wgs84
仙居谷风景区,4A,北京,北京市,密云区,北京密云区密云区太师屯镇令公村甲一号仙居谷风景区,景点景区,国家4A旅游景区。所属地：北京·北京市·密云区。地址：北京密云区密云区太师屯镇令公村甲一号仙居谷风景区。,40.5873530,117.2314603,wgs84
小汤山现代农业示范园区,4A,北京,北京市,昌平区,北京昌平区北京市昌平区小汤山镇立汤路马坊小汤山现代农业示范园区,景点景区,国家4A旅游景区。所属地：北京·北京市·昌平区。地址：北京昌平区北京市昌平区小汤山镇立汤路马坊小汤山现代农业示范园区。,40.1738930,116.3877379,wgs84
地坛公园,4A,北京,北京市,东城区,北京东城区安定门外大街200号地坛公园,景点景区,国家4A旅游景区。所属地：北京·北京市·东城区。地址：北京东城区安定门外大街200号地坛公园。,39.9522740,116.4086191,wgs84
北京园博园,4A,北京,北京市,丰台区,北京丰台区丰台区射击场路15号北京园博园,景点景区,国家4A旅游景区。所属地：北京·北京市·丰台区。地址：北京丰台区丰台区射击场路15号北京园博园。,39.8739695,116.1848224,wgs84
谷山村景区,4A,北京,北京市,门头沟区,北京门头沟区北京市门头沟区妙峰山镇谷山村景区谷山村景区,景点景区,国家4A旅游景区。所属地：北京·北京市·门头沟区。地址：北京门头沟区北京市门头沟区妙峰山镇谷山村景区谷山村景区。,39.9918564,116.0508650,wgs84
乐多港假日广场,4A,北京,北京市,昌平区,北京昌平区北京市昌平区城南街道邓庄村西(西关环岛西侧2公里)乐多港假日广场,景点景区,国家4A旅游景区。所属地：北京·北京市·昌平区。地址：北京昌平区北京市昌平区城南街道邓庄村西(西关环岛西侧2公里)乐多港假日广场。,40.2313902,116.1838645,wgs84
龙脉温泉度假村,4A,北京,北京市,昌平区,北京昌平区北京市昌平区小汤山镇龙脉温泉度假村龙脉温泉度假村,景点景区,国家4A旅游景区。所属地：北京·北京市·昌平区。地址：北京昌平区北京市昌平区小汤山镇龙脉温泉度假村龙脉温泉度假村。,40.1797171,116.3942996,wgs84
北京十渡风景名胜区,4A,北京,北京市,房山区,北京房山区北京市房山区九渡大街9号北京十渡风景名胜区,景点景区,国家4A旅游景区。所属地：北京·北京市·房山区。地址：北京房山区北京市房山区九渡大街9号北京十渡风景名胜区。,39.6372738,115.5937129,wgs84
朝阳公园,4A,北京,北京市,朝阳区,北京朝阳区朝阳公园南路1号朝阳公园,景点景区,国家4A旅游景区。所属地：北京·北京市·朝阳区。地址：北京朝阳区朝阳公园南路1号朝阳公园。,39.9430124,116.4764351,wgs84
世界花卉大观园,4A,北京,北京市,丰台区,北京丰台区北京市丰台区南四环中路235号世界花卉大观园,景点景区,国家4A旅游景区。所属地：北京·北京市·丰台区。地址：北京丰台区北京市丰台区南四环中路235号世界花卉大观园。,39.8348269,116.3458730,wgs84
八大处公园,4A,北京,北京市,石景山区,北京石景山区北京市石景山区八大处路3号八大处公园,景点景区,国家4A旅游景区。所属地：北京·北京市·石景山区。地址：北京石景山区北京市石景山区八大处路3号八大处公园。,39.9609347,116.1765985,wgs84
八奇洞景区,4A,北京,北京市,门头沟区,北京门头沟区北京市门头沟区潭柘寺镇八奇洞景区八奇洞景区,景点景区,国家4A旅游景区。所属地：北京·北京市·门头沟区。地址：北京门头沟区北京市门头沟区潭柘寺镇八奇洞景区八奇洞景区。,39.8920854,116.0212539,wgs84
银山塔林风景区,4A,北京,北京市,昌平区,北京昌平区北京市昌平区银山路1银山塔林风景区,景点景区,国家4A旅游景区。所属地：北京·北京市·昌平区。地址：北京昌平区北京市昌平区银山路1银山塔林风景区。,40.3188598,116.3212993,wgs84
居庸关长城,4A,北京,北京市,昌平区,北京昌平区南口镇居庸关村居庸关管理处居庸关长城,景点景区,国家4A旅游景区。所属地：北京·北京市·昌平区。地址：北京昌平区南口镇居庸关村居庸关管理处居庸关长城。,40.2897277,116.0668003,wgs84
圣莲山旅游度假区,4A,北京,北京市,房山区,北京房山区史家营乡柳林水村圣莲山旅游度假区,景点景区,国家4A旅游景区。所属地：北京·北京市·房山区。地址：北京房山区史家营乡柳林水村圣莲山旅游度假区。,39.8441498,115.7263677,wgs84
北京渔阳国际滑雪场景区,4A,北京,北京市,平谷区,北京平谷区东高村镇大旺务村东688号北京渔阳国际滑雪场景区,景点景区,国家4A旅游景区。所属地：北京·北京市·平谷区。地址：北京平谷区东高村镇大旺务村东688号北京渔阳国际滑雪场景区。,40.0758047,117.1411850,wgs84
云居寺,4A,北京,北京市,房山区,北京房山区北京市房山区大石窝镇水头村云居寺,景点景区,国家4A旅游景区。所属地：北京·北京市·房山区。地址：北京房山区北京市房山区大石窝镇水头村云居寺。,39.6078728,115.7682848,wgs84
红螺寺,4A,北京,北京市,怀柔区,北京怀柔区北京市怀柔区怀柔镇红螺东路2号红螺寺,景点景区,国家4A旅游景区。所属地：北京·北京市·怀柔区。地址：北京怀柔区北京市怀柔区怀柔镇红螺东路2号红螺寺。,40.3829859,116.6188943,wgs84
中央广播电视塔,4A,北京,北京市,海淀区,北京海淀区西三环中路11号中央广播电视塔,景点景区,国家4A旅游景区。所属地：北京·北京市·海淀区。地址：北京海淀区西三环中路11号中央广播电视塔。,39.9181841,116.3006586,wgs84
中山公园,4A,北京,北京市,东城区,北京东城区北京市东城区中华路4号中山公园,景点景区,国家4A旅游景区。所属地：北京·北京市·东城区。地址：北京东城区北京市东城区中华路4号中山公园。,39.9093194,116.3881135,wgs84
南宫旅游景区,4A,北京,北京市,丰台区,北京丰台区北京市丰台区王佐镇南宫南路1号南宫旅游景区,景点景区,国家4A旅游景区。所属地：北京·北京市·丰台区。地址：北京丰台区北京市丰台区王佐镇南宫南路1号南宫旅游景区。,39.7933244,116.1458584,wgs84
中国航空博物馆,4A,北京,北京市,昌平区,北京昌平区小汤山镇航空博物馆中国航空博物馆,景点景区,国家4A旅游景区。所属地：北京·北京市·昌平区。地址：北京昌平区小汤山镇航空博物馆中国航空博物馆。,40.1842797,116.3598714,wgs84
京东大峡谷旅游区,4A,北京,北京市,平谷区,北京平谷区山东庄镇鱼子山村京东大峡谷旅游区,景点景区,国家4A旅游景区。所属地：北京·北京市·平谷区。地址：北京平谷区山东庄镇鱼子山村京东大峡谷旅游区。,40.2445454,117.1636774,wgs84
香山公园,4A,北京,北京市,海淀区,北京海淀区香山公园买卖街40号香山公园,景点景区,国家4A旅游景区。所属地：北京·北京市·海淀区。地址：北京海淀区香山公园买卖街40号香山公园。,39.9889553,116.1829848,wgs84
潭柘寺,4A,北京,北京市,门头沟区,北京门头沟区潭柘寺镇潭柘寺管理处潭柘寺,景点景区,国家4A旅游景区。所属地：北京·北京市·门头沟区。地址：北京门头沟区潭柘寺镇潭柘寺管理处潭柘寺。,39.8752796,116.0279153,wgs84
北京欢乐谷,4A,北京,北京市,朝阳区,北京朝阳区东四环小武基北路北京欢乐谷,景点景区,国家4A旅游景区。所属地：北京·北京市·朝阳区。地址：北京朝阳区东四环小武基北路北京欢乐谷。,39.8602009,116.4932827,wgs84
北海公园,4A,北京,北京市,西城区,北京西城区北京市西城区文津街1号北海公园管理处北海公园,景点景区,国家4A旅游景区。所属地：北京·北京市·西城区。地址：北京西城区北京市西城区文津街1号北海公园管理处北海公园。,39.9268686,116.3825299,wgs84
北京汽车博物馆,4A,北京,北京市,丰台区,北京丰台区南四环西路126号北京汽车博物馆,景点景区,国家4A旅游景区。所属地：北京·北京市·丰台区。地址：北京丰台区南四环西路126号北京汽车博物馆。,39.8276717,116.2956440,wgs84
延庆百里山水画廊景区,4A,北京,北京市,延庆区,北京延庆区北京市延庆区千家店镇硅化木景区管理处大院内延庆百里山水画廊景区,景点景区,国家4A旅游景区。所属地：北京·北京市·延庆区。地址：北京延庆区北京市延庆区千家店镇硅化木景区管理处大院内延庆百里山水画廊景区。,40.6990179,116.3135377,wgs84
北宫国家森林公园,4A,北京,北京市,丰台区,北京丰台区长辛店镇大灰厂东路55号北宫国家森林公园,景点景区,国家4A旅游景区。所属地：北京·北京市·丰台区。地址：北京丰台区长辛店镇大灰厂东路55号北宫国家森林公园。,39.8715330,116.1249659,wgs84
紫竹院公园,4A,北京,北京市,海淀区,北京海淀区中关村南大街35号紫竹院公园,景点景区,国家4A旅游景区。所属地：北京·北京市·海淀区。地址：北京海淀区中关村南大街35号紫竹院公园。,39.9409781,116.3133030,wgs84
首都博物馆,4A,北京,北京市,西城区,北京西城区北京市西城区复兴门外大街16号首都博物馆,景点景区,国家4A旅游景区。所属地：北京·北京市·西城区。地址：北京西城区北京市西城区复兴门外大街16号首都博物馆。,39.9051545,116.3359682,wgs84
北京奥林匹克水上公园,4A,北京,北京市,顺义区,北京顺义区白马路19号北京奥林匹克水上公园,景点景区,国家4A旅游景区。所属地：北京·北京市·顺义区。地址：北京顺义区白马路19号北京奥林匹克水上公园。,40.1813157,116.6842165,wgs84
陶然亭公园,4A,北京,北京市,西城区,北京西城区太平街19号陶然亭公园,景点景区,国家4A旅游景区。所属地：北京·北京市·西城区。地址：北京西城区太平街19号陶然亭公园。,39.8730724,116.3758082,wgs84
石景山游乐园,4A,北京,北京市,石景山区,北京石景山区石景山路25号石景山游乐园,景点景区,国家4A旅游景区。所属地：北京·北京市·石景山区。地址：北京石景山区石景山路25号石景山游乐园。,39.9107906,116.2025000,wgs84
北京天文馆,4A,北京,北京市,西城区,北京西城区西直门外大街138号北京天文馆,景点景区,国家4A旅游景区。所属地：北京·北京市·西城区。地址：北京西城区西直门外大街138号北京天文馆。,39.9360366,116.3305577,wgs84
世界葡萄博览中心景区,4A,北京,北京市,延庆区,北京延庆区北京市延庆区张山营镇下芦凤营村村南８００米世界葡萄博览中心景区,景点景区,国家4A旅游景区。所属地：北京·北京市·延庆区。地址：北京延庆区北京市延庆区张山营镇下芦凤营村村南８００米世界葡萄博览中心景区。,40.4754818,115.8557837,wgs84
孔庙和国子监博物馆,4A,北京,北京市,东城区,北京东城区国子监街13号-15号孔庙和国子监博物馆,景点景区,国家4A旅游景区。所属地：北京·北京市·东城区。地址：北京东城区国子监街13号-15号孔庙和国子监博物馆。,39.9441280,116.4073136,wgs84
北京张裕爱斐堡国际酒庄,4A,北京,北京市,密云区,北京密云区北京市密云区巨各庄镇宁菜路与密三路交汇处东南侧北京张裕爱斐堡国际酒庄,景点景区,国家4A旅游景区。所属地：北京·北京市·密云区。地址：北京密云区北京市密云区巨各庄镇宁菜路与密三路交汇处东南侧北京张裕爱斐堡国际酒庄。,40.3770614,116.8942855,wgs84
北京动物园,4A,北京,北京市,西城区,北京西城区西直门外大街137号北京动物园,景点景区,国家4A旅游景区。所属地：北京·北京市·西城区。地址：北京西城区西直门外大街137号北京动物园。,39.9408137,116.3304075,wgs84
天津古文化街旅游区（津门故里）,5A,天津,天津市,南开区,天津南开区水阁大街天津古文化街旅游区（津门故里）,景点景区,国家5A旅游景区。所属地：天津·天津市·南开区。地址：天津南开区水阁大街天津古文化街旅游区（津门故里）。,39.1446576,117.1846311,wgs84
天津盘山风景名胜区,5A,天津,天津市,蓟州区,天津蓟州区官庄镇莲花岭村天津盘山风景名胜区,景点景区,国家5A旅游景区。所属地：天津·天津市·蓟州区。地址：天津蓟州区官庄镇莲花岭村天津盘山风景名胜区。,40.0919910,117.2733076,wgs84
天津海河意式风情区,4A,天津,天津市,河北区,天津河北区进步道34号天津海河意式风情区,景点景区,国家4A旅游景区。所属地：天津·天津市·河北区。地址：天津河北区进步道34号天津海河意式风情区。,39.1327891,117.1933710,wgs84
天津周恩来邓颖超纪念馆,4A,天津,天津市,南开区,天津南开区水上公园西路9号天津周恩来邓颖超纪念馆,景点景区,国家4A旅游景区。所属地：天津·天津市·南开区。地址：天津南开区水上公园西路9号天津周恩来邓颖超纪念馆。,39.0930438,117.1586253,wgs84
精武门·中华武林园,4A,天津,天津市,西青区,天津西青区精武镇小南河村精武门·中华武林园,景点景区,国家4A旅游景区。所属地：天津·天津市·西青区。地址：天津西青区精武镇小南河村精武门·中华武林园。,39.0275865,117.1282393,wgs84
天津市蓟州区梨木台景区,4A,天津,天津市,蓟州区,天津蓟州区下营镇梨木台天津市蓟州区梨木台景区,景点景区,国家4A旅游景区。所属地：天津·天津市·蓟州区。地址：天津蓟州区下营镇梨木台天津市蓟州区梨木台景区。,40.1636153,117.5416587,wgs84
天津欢乐谷景区,4A,天津,天津市,东丽区,天津东丽区东丽湖迎乐路1号天津欢乐谷景区,景点景区,国家4A旅游景区。所属地：天津·天津市·东丽区。地址：天津东丽区东丽湖迎乐路1号天津欢乐谷景区。,39.1902506,117.4776945,wgs84
天津方特欢乐世界景区,4A,天津,天津市,滨海新区,天津滨海新区中新生态城中生大道4888号天津方特欢乐世界景区,景点景区,国家4A旅游景区。所属地：天津·天津市·滨海新区。地址：天津滨海新区中新生态城中生大道4888号天津方特欢乐世界景区。,39.1531581,117.7330510,wgs84
蓟州溶洞,4A,天津,天津市,蓟州区,天津蓟州区罗庄子镇洪水庄村北蓟州溶洞,景点景区,国家4A旅游景区。所属地：天津·天津市·蓟州区。地址：天津蓟州区罗庄子镇洪水庄村北蓟州溶洞。,40.1289229,117.3715158,wgs84
天津蓟州区独乐寺景区,4A,天津,天津市,蓟州区,天津蓟州区渔阳镇武定街41号天津蓟州区独乐寺景区,景点景区,国家4A旅游景区。所属地：天津·天津市·蓟州区。地址：天津蓟州区渔阳镇武定街41号天津蓟州区独乐寺景区。,40.0442141,117.3964654,wgs84
天津水上公园景区,4A,天津,天津市,南开区,天津南开区水上公园路东路天津水上公园景区,景点景区,国家4A旅游景区。所属地：天津·天津市·南开区。地址：天津南开区水上公园路东路天津水上公园景区。,39.0878901,117.1614350,wgs84
天津泰达航母主题公园景区,4A,天津,天津市,滨海新区,天津滨海新区汉北路269号天津泰达航母主题公园景区,景点景区,国家4A旅游景区。所属地：天津·天津市·滨海新区。地址：天津滨海新区汉北路269号天津泰达航母主题公园景区。,39.1569364,117.8030121,wgs84
大沽口炮台遗址博物馆景区,4A,天津,天津市,滨海新区,天津滨海新区塘沽东炮台路1号大沽口炮台遗址博物馆景区,景点景区,国家4A旅游景区。所属地：天津·天津市·滨海新区。地址：天津滨海新区塘沽东炮台路1号大沽口炮台遗址博物馆景区。,38.9786092,117.7042470,wgs84
天津海昌极地海洋公园景区,4A,天津,天津市,滨海新区,天津滨海新区响螺湾商务区61号天津海昌极地海洋公园景区,景点景区,国家4A旅游景区。所属地：天津·天津市·滨海新区。地址：天津滨海新区响螺湾商务区61号天津海昌极地海洋公园景区。,39.0083928,117.6554135,wgs84
五大道文化旅游区,4A,天津,天津市,和平区,天津和平区重庆道70号五大道文化旅游区,景点景区,国家4A旅游景区。所属地：天津·天津市·和平区。地址：天津和平区重庆道70号五大道文化旅游区。,39.1095189,117.1973294,wgs84
水高庄园景区,4A,天津,天津市,西青区,天津西青区辛口镇水高庄村水高庄园景区,景点景区,国家4A旅游景区。所属地：天津·天津市·西青区。地址：天津西青区辛口镇水高庄村水高庄园景区。,39.0886424,116.9271202,wgs84
天津市河北区大悲禅院景区,4A,天津,天津市,河北区,天津河北区天纬路40号天津市河北区大悲禅院景区,景点景区,国家4A旅游景区。所属地：天津·天津市·河北区。地址：天津河北区天纬路40号天津市河北区大悲禅院景区。,39.1525112,117.1825814,wgs84
萨马兰奇纪念馆景区,4A,天津,天津市,静海区,天津静海区团泊新城健康产业园萨马兰奇纪念馆景区,景点景区,国家4A旅游景区。所属地：天津·天津市·静海区。地址：天津静海区团泊新城健康产业园萨马兰奇纪念馆景区。,38.9692997,117.0681240,wgs84
国家海洋博物馆景区,4A,天津,天津市,滨海新区,天津滨海新区中心生态城海轩道377号国家海洋博物馆景区,景点景区,国家4A旅游景区。所属地：天津·天津市·滨海新区。地址：天津滨海新区中心生态城海轩道377号国家海洋博物馆景区。,39.1198958,117.7392139,wgs84
东丽湖恒大温泉旅游区,4A,天津,天津市,东丽区,天津东丽区东丽湖旅游度假区东丽大道1037号东丽湖恒大温泉旅游区,景点景区,国家4A旅游景区。所属地：天津·天津市·东丽区。地址：天津东丽区东丽湖旅游度假区东丽大道1037号东丽湖恒大温泉旅游区。,39.1931055,117.4705469,wgs84
天津黄崖关长城风景游览区,4A,天津,天津市,蓟州区,天津蓟州区下营镇黄崖关村天津黄崖关长城风景游览区,景点景区,国家4A旅游景区。所属地：天津·天津市·蓟州区。地址：天津蓟州区下营镇黄崖关村天津黄崖关长城风景游览区。,40.2404739,117.4383944,wgs84
天津热带植物观光园景区,4A,天津,天津市,西青区,天津西青区中北镇外环线七号桥天津热带植物观光园景区,景点景区,国家4A旅游景区。所属地：天津·天津市·西青区。地址：天津西青区中北镇外环线七号桥天津热带植物观光园景区。,39.1366549,117.0882816,wgs84
石家大院景区,4A,天津,天津市,西青区,天津西青区杨柳青镇石家大院景区,景点景区,国家4A旅游景区。所属地：天津·天津市·西青区。地址：天津西青区杨柳青镇石家大院景区。,39.1341685,117.0031948,wgs84
平津战役纪念馆景区,4A,天津,天津市,红桥区,天津红桥区平津道8号平津战役纪念馆景区,景点景区,国家4A旅游景区。所属地：天津·天津市·红桥区。地址：天津红桥区平津道8号平津战役纪念馆景区。,39.1678254,117.1405246,wgs84
天山海世界米立方水上乐园,4A,天津,天津市,津南区,天津津南区小站镇天山路9号天山海世界米立方水上乐园,景点景区,国家4A旅游景区。所属地：天津·天津市·津南区。地址：天津津南区小站镇天山路9号天山海世界米立方水上乐园。,38.9266236,117.4296876,wgs84
天津东疆湾景区,4A,天津,天津市,滨海新区,天津滨海新区东疆保税区观澜路天津东疆湾景区,景点景区,国家4A旅游景区。所属地：天津·天津市·滨海新区。地址：天津滨海新区东疆保税区观澜路天津东疆湾景区。,39.0061964,117.8198930,wgs84
天津南湖绿博园景区,4A,天津,天津市,武清区,天津武清区下朱庄街天和路天津南湖绿博园景区,景点景区,国家4A旅游景区。所属地：天津·天津市·武清区。地址：天津武清区下朱庄街天和路天津南湖绿博园景区。,39.3353392,117.1170162,wgs84
郭家沟景区,4A,天津,天津市,蓟州区,天津蓟州区下营镇郭家沟村郭家沟景区,景点景区,国家4A旅游景区。所属地：天津·天津市·蓟州区。地址：天津蓟州区下营镇郭家沟村郭家沟景区。,40.1882861,117.4788492,wgs84
天津天塔湖风景区,4A,天津,天津市,河西区,天津河西区卫津南路1号天津天塔湖风景区,景点景区,国家4A旅游景区。所属地：天津·天津市·河西区。地址：天津河西区卫津南路1号天津天塔湖风景区。,39.0914740,117.1754588,wgs84
天士力大健康城景区,4A,天津,天津市,北辰区,天津北辰区普济河东道2号天士力大健康城景区,景点景区,国家4A旅游景区。所属地：天津·天津市·北辰区。地址：天津北辰区普济河东道2号天士力大健康城景区。,39.2085797,117.2083569,wgs84
仁爱团泊湖国际休闲博览园景区,4A,天津,天津市,静海区,天津静海区团泊镇地水路仁爱团泊湖国际休闲博览园景区,景点景区,国家4A旅游景区。所属地：天津·天津市·静海区。地址：天津静海区团泊镇地水路仁爱团泊湖国际休闲博览园景区。,38.9040477,117.1524585,wgs84
“天津之眼”摩天轮,4A,天津,天津市,红桥区,天津河北区李公祠大街与五马路交口永乐桥“天津之眼”摩天轮,景点景区,国家4A旅游景区。所属地：天津·天津市·红桥区。地址：天津河北区李公祠大街与五马路交口永乐桥“天津之眼”摩天轮。,39.1530770,117.1799675,wgs84
天津光合谷旅游度假区,4A,天津,天津市,静海区,天津静海区团泊镇津团路东侧天津光合谷旅游度假区,景点景区,国家4A旅游景区。所属地：天津·天津市·静海区。地址：天津静海区团泊镇津团路东侧天津光合谷旅游度假区。,38.8876846,117.1659817,wgs84
杨柳青庄园景区,4A,天津,天津市,西青区,天津西青区杨柳青镇津同路20号杨柳青庄园景区,景点景区,国家4A旅游景区。所属地：天津·天津市·西青区。地址：天津西青区杨柳青镇津同路20号杨柳青庄园景区。,39.1543970,116.9679551,wgs84
天津市金街文化旅游区,4A,天津,天津市,和平区,天津和平区新华路177号天津市金街文化旅游区,景点景区,国家4A旅游景区。所属地：天津·天津市·和平区。地址：天津和平区新华路177号天津市金街文化旅游区。,39.1237692,117.1955127,wgs84
西柏坡景区,5A,河北,石家庄市,平山县,河北石家庄市平山县西柏坡景区,景点景区,国家5A旅游景区。所属地：河北·石家庄市·平山县。地址：河北石家庄市平山县西柏坡景区。,38.3387266,113.9373231,wgs84
承德避暑山庄及周围寺庙景区,5A,河北,承德市,双桥区,河北承德市双桥区承德避暑山庄及周围寺庙景区,景点景区,国家5A旅游景区。所属地：河北·承德市·双桥区。地址：河北承德市双桥区承德避暑山庄及周围寺庙景区。,40.9802291,117.9481511,wgs84
承德市滦平县金山岭长城景区,5A,河北,承德市,滦平县,河北承德市滦平县承德市滦平县金山岭长城景区,景点景区,国家5A旅游景区。所属地：河北·承德市·滦平县。地址：河北承德市滦平县承德市滦平县金山岭长城景区。,40.7009903,117.2272219,wgs84
山海关景区,5A,河北,秦皇岛市,山海关区,河北秦皇岛市山海关景区,景点景区,国家5A旅游景区。所属地：河北·秦皇岛市·山海关区。地址：河北秦皇岛市山海关景区。,40.0052173,119.7445686,wgs84
清东陵,5A,河北,唐山市,遵化市,河北唐山市遵化市清东陵,景点景区,国家5A旅游景区。所属地：河北·唐山市·遵化市。地址：河北唐山市遵化市清东陵。,40.1886735,117.6590987,wgs84
野三坡景区,5A,河北,保定市,涞水县,河北保定市涞水县野三坡景区,景点景区,国家5A旅游景区。所属地：河北·保定市·涞水县。地址：河北保定市涞水县野三坡景区。,39.6686595,115.4425884,wgs84
白石山景区,5A,河北,保定市,涞源县,河北保定市涞源县白石山景区,景点景区,国家5A旅游景区。所属地：河北·保定市·涞源县。地址：河北保定市涞源县白石山景区。,39.2116160,114.6867971,wgs84
清西陵景区,5A,河北,保定市,易县,河北易县清西陵景区,景点景区,国家5A旅游景区。所属地：河北·保定市·易县。地址：河北易县清西陵景区。,39.4085887,115.3539639,wgs84
涉县娲皇宫,5A,河北,邯郸市,涉县,河北涉县涉县娲皇宫,景点景区,国家5A旅游景区。所属地：河北·邯郸市·涉县。地址：河北涉县涉县娲皇宫。,36.6407924,113.6101312,wgs84
永年区广府古城旅游区,5A,河北,邯郸市,永年区,河北永年区永年区广府古城旅游区,景点景区,国家5A旅游景区。所属地：河北·邯郸市·永年区。地址：河北永年区永年区广府古城旅游区。,36.8009683,114.4360100,wgs84
白洋淀景区,5A,河北,保定市,安新县,河北雄安新区安新县白洋淀景区,景点景区,国家5A旅游景区。所属地：河北·保定市·安新县。地址：河北雄安新区安新县白洋淀景区。,38.9417558,115.9826100,wgs84
驼梁景区,4A,河北,石家庄市,平山县,河北石家庄市平山县驼梁景区,景点景区,国家4A旅游景区。所属地：河北·石家庄市·平山县。地址：河北石家庄市平山县驼梁景区。,38.7253889,113.8119944,wgs84
平山县天桂山风景名胜区,4A,河北,石家庄市,平山县,河北石家庄市平山县平山县天桂山风景名胜区,景点景区,国家4A旅游景区。所属地：河北·石家庄市·平山县。地址：河北石家庄市平山县平山县天桂山风景名胜区。,38.2442931,113.7535285,wgs84
佛光山景区,4A,河北,石家庄市,平山县,河北石家庄市平山县佛光山景区,景点景区,国家4A旅游景区。所属地：河北·石家庄市·平山县。地址：河北石家庄市平山县佛光山景区。,38.2761971,113.7491073,wgs84
平山县黑山大峡谷景区,4A,河北,石家庄市,平山县,河北石家庄市平山县平山县黑山大峡谷景区,景点景区,国家4A旅游景区。所属地：河北·石家庄市·平山县。地址：河北石家庄市平山县平山县黑山大峡谷景区。,38.5508257,113.5908509,wgs84
平山县沕沕水景区,4A,河北,石家庄市,平山县,河北石家庄市平山县平山县沕沕水景区,景点景区,国家4A旅游景区。所属地：河北·石家庄市·平山县。地址：河北石家庄市平山县平山县沕沕水景区。,38.1977533,113.7455991,wgs84
河北平山藤龙山,4A,河北,石家庄市,平山县,河北石家庄市平山县河北平山藤龙山,景点景区,国家4A旅游景区。所属地：河北·石家庄市·平山县。地址：河北石家庄市平山县河北平山藤龙山。,38.5140389,114.1102412,wgs84
东方巨龟苑,4A,河北,石家庄市,平山县,河北石家庄市平山县东方巨龟苑,景点景区,国家4A旅游景区。所属地：河北·石家庄市·平山县。地址：河北石家庄市平山县东方巨龟苑。,38.2250992,114.1490549,wgs84
西苑温泉度假村,4A,河北,石家庄市,平山县,河北石家庄市平山县西苑温泉度假村,景点景区,国家4A旅游景区。所属地：河北·石家庄市·平山县。地址：河北石家庄市平山县西苑温泉度假村。,38.2653166,113.9757225,wgs84
白鹿温泉景区,4A,河北,石家庄市,平山县,河北石家庄市平山县白鹿温泉景区,景点景区,国家4A旅游景区。所属地：河北·石家庄市·平山县。地址：河北石家庄市平山县白鹿温泉景区。,38.2490643,113.9752228,wgs84
平山县紫云山景区,4A,河北,石家庄市,平山县,河北石家庄市平山县平山县紫云山景区,景点景区,国家4A旅游景区。所属地：河北·石家庄市·平山县。地址：河北石家庄市平山县平山县紫云山景区。,38.2161941,113.8395456,wgs84
灵寿县水泉溪自然风景区,4A,河北,石家庄市,灵寿县,河北石家庄市灵寿县灵寿县水泉溪自然风景区,景点景区,国家4A旅游景区。所属地：河北·石家庄市·灵寿县。地址：河北石家庄市灵寿县灵寿县水泉溪自然风景区。,38.6459362,113.9150316,wgs84
秋山风景区,4A,河北,石家庄市,灵寿县,河北石家庄市灵寿县秋山风景区,景点景区,国家4A旅游景区。所属地：河北·石家庄市·灵寿县。地址：河北石家庄市灵寿县秋山风景区。,38.5163679,114.1277390,wgs84
五岳寨风景区,4A,河北,石家庄市,灵寿县,河北石家庄市灵寿县五岳寨风景区,景点景区,国家4A旅游景区。所属地：河北·石家庄市·灵寿县。地址：河北石家庄市灵寿县五岳寨风景区。,38.7134695,113.8614463,wgs84
国御温泉度假小镇,4A,河北,石家庄市,藁城区,河北石家庄市藁城区国御温泉度假小镇,景点景区,国家4A旅游景区。所属地：河北·石家庄市·藁城区。地址：河北石家庄市藁城区国御温泉度假小镇。,38.0305543,114.7544419,wgs84
苍岩山景区,4A,河北,石家庄市,井陉县,河北石家庄市井陉县苍岩山景区,景点景区,国家4A旅游景区。所属地：河北·石家庄市·井陉县。地址：河北石家庄市井陉县苍岩山景区。,37.8311500,114.1401954,wgs84
赵州桥景区,4A,河北,石家庄市,赵县,河北石家庄市赵县赵州桥景区,景点景区,国家4A旅游景区。所属地：河北·石家庄市·赵县。地址：河北石家庄市赵县赵州桥景区。,37.7229854,114.7658292,wgs84
双凤山景区,4A,河北,石家庄市,鹿泉区,河北石家庄市鹿泉区双凤山景区,景点景区,国家4A旅游景区。所属地：河北·石家庄市·鹿泉区。地址：河北石家庄市鹿泉区双凤山景区。,38.0852516,114.3075182,wgs84
石家庄市君乐宝乳业工业旅游区,4A,河北,石家庄市,鹿泉区,河北石家庄市鹿泉区石家庄市君乐宝乳业工业旅游区,景点景区,国家4A旅游景区。所属地：河北·石家庄市·鹿泉区。地址：河北石家庄市鹿泉区石家庄市君乐宝乳业工业旅游区。,37.9671901,114.3870204,wgs84
抱犊寨风景区,4A,河北,石家庄市,鹿泉区,河北石家庄市鹿泉区抱犊寨风景区,景点景区,国家4A旅游景区。所属地：河北·石家庄市·鹿泉区。地址：河北石家庄市鹿泉区抱犊寨风景区。,38.0877940,114.2707948,wgs84
华北军区烈士陵园,4A,河北,石家庄市,桥西区,河北石家庄市桥西区华北军区烈士陵园,景点景区,国家4A旅游景区。所属地：河北·石家庄市·桥西区。地址：河北石家庄市桥西区华北军区烈士陵园。,38.0419060,114.4589619,wgs84
石家庄嶂石岩风景名胜区,4A,河北,石家庄市,赞皇县,河北石家庄市赞皇县石家庄嶂石岩风景名胜区,景点景区,国家4A旅游景区。所属地：河北·石家庄市·赞皇县。地址：河北石家庄市赞皇县石家庄嶂石岩风景名胜区。,37.5333702,114.1107571,wgs84
棋盘山景区,4A,河北,石家庄市,赞皇县,河北石家庄市赞皇县棋盘山景区,景点景区,国家4A旅游景区。所属地：河北·石家庄市·赞皇县。地址：河北石家庄市赞皇县棋盘山景区。,37.6281114,114.1332137,wgs84
正定隆兴寺,4A,河北,石家庄市,正定县,河北石家庄正定县正定隆兴寺,景点景区,国家4A旅游景区。所属地：河北·石家庄市·正定县。地址：河北石家庄正定县正定隆兴寺。,38.1438453,114.5767468,wgs84
正定荣国府,4A,河北,石家庄市,正定县,河北石家庄市正定县正定荣国府,景点景区,国家4A旅游景区。所属地：河北·石家庄市·正定县。地址：河北石家庄市正定县正定荣国府。,38.1475626,114.5734173,wgs84
天山海世界,4A,河北,石家庄市,裕华区,河北石家庄高新区天山海世界,景点景区,国家4A旅游景区。所属地：河北·石家庄市·裕华区。地址：河北石家庄高新区天山海世界。,38.0377434,114.6015091,wgs84
承德市围场县塞罕坝森林公园景区,4A,河北,承德市,围场满族蒙古族自治县,河北承德市围场县承德市围场县塞罕坝森林公园景区,景点景区,国家4A旅游景区。所属地：河北·承德市·围场满族蒙古族自治县。地址：河北承德市围场县承德市围场县塞罕坝森林公园景区。,42.4070004,117.2495741,wgs84
承德市丰宁县京北第一草原景区,4A,河北,承德市,丰宁满族自治县,河北承德市丰宁县承德市丰宁县京北第一草原景区,景点景区,国家4A旅游景区。所属地：河北·承德市·丰宁满族自治县。地址：河北承德市丰宁县承德市丰宁县京北第一草原景区。,41.6325411,115.9365473,wgs84
承德市御道口草原森林风景区,4A,河北,承德市,围场满族蒙古族自治县,河北承德市御道口承德市御道口草原森林风景区,景点景区,国家4A旅游景区。所属地：河北·承德市·围场满族蒙古族自治县。地址：河北承德市御道口承德市御道口草原森林风景区。,42.1440276,116.9732363,wgs84
承德市双滦区双塔山景区,4A,河北,承德市,双滦区,河北承德市双滦区承德市双滦区双塔山景区,景点景区,国家4A旅游景区。所属地：河北·承德市·双滦区。地址：河北承德市双滦区承德市双滦区双塔山景区。,40.9577556,117.7994906,wgs84
承德市隆化县董存瑞纪念馆,4A,河北,承德市,隆化县,河北承德市隆化县承德市隆化县董存瑞纪念馆,景点景区,国家4A旅游景区。所属地：河北·承德市·隆化县。地址：河北承德市隆化县承德市隆化县董存瑞纪念馆。,41.3118338,117.7323331,wgs84
承德市兴隆县兴隆溶洞景区,4A,河北,承德市,兴隆县,河北承德市兴隆县承德市兴隆县兴隆溶洞景区,景点景区,国家4A旅游景区。所属地：河北·承德市·兴隆县。地址：河北承德市兴隆县承德市兴隆县兴隆溶洞景区。,40.4160213,117.4940209,wgs84
承德市丰宁县大汗行宫旅游景区,4A,河北,承德市,丰宁满族自治县,河北承德市丰宁县承德市丰宁县大汗行宫旅游景区,景点景区,国家4A旅游景区。所属地：河北·承德市·丰宁满族自治县。地址：河北承德市丰宁县承德市丰宁县大汗行宫旅游景区。,41.6273391,115.9403248,wgs84
承德市丰宁县马镇旅游区,4A,河北,承德市,丰宁满族自治县,河北承德市丰宁县承德市丰宁县马镇旅游区,景点景区,国家4A旅游景区。所属地：河北·承德市·丰宁满族自治县。地址：河北承德市丰宁县承德市丰宁县马镇旅游区。,41.6017086,116.0003267,wgs84
承德市平泉市山庄老酒文化产业园景区,4A,河北,承德市,平泉市,河北承德市平泉市承德市平泉市山庄老酒文化产业园景区,景点景区,国家4A旅游景区。所属地：河北·承德市·平泉市。地址：河北承德市平泉市承德市平泉市山庄老酒文化产业园景区。,40.9997338,118.6921017,wgs84
承德市兴隆县兴隆山景区,4A,河北,承德市,兴隆县,河北承德市兴隆县承德市兴隆县兴隆山景区,景点景区,国家4A旅游景区。所属地：河北·承德市·兴隆县。地址：河北承德市兴隆县承德市兴隆县兴隆山景区。,40.4802967,117.8267798,wgs84
承德市丰宁县七彩森林景区,4A,河北,承德市,丰宁满族自治县,河北承德市丰宁县承德市丰宁县七彩森林景区,景点景区,国家4A旅游景区。所属地：河北·承德市·丰宁满族自治县。地址：河北承德市丰宁县承德市丰宁县七彩森林景区。,41.2072359,116.6399819,wgs84
承德市磬锤峰森林公园景区,4A,河北,承德市,双桥区,河北承德市双桥区承德市磬锤峰森林公园景区,景点景区,国家4A旅游景区。所属地：河北·承德市·双桥区。地址：河北承德市双桥区承德市磬锤峰森林公园景区。,40.9985905,117.9533770,wgs84
鼎盛文化产业园景区,4A,河北,承德市,双滦区,河北承德市双滦鼎盛文化产业园景区,景点景区,国家4A旅游景区。所属地：河北·承德市·双滦区。地址：河北承德市双滦鼎盛文化产业园景区。,40.9772901,117.8396784,wgs84
万龙滑雪场景区,4A,河北,张家口市,崇礼区,河北崇礼万龙滑雪场景区,景点景区,国家4A旅游景区。所属地：河北·张家口市·崇礼区。地址：河北崇礼万龙滑雪场景区。,40.9617258,115.3918313,wgs84
张北中都原始草原度假村景区,4A,河北,张家口市,张北县,河北张北张北中都原始草原度假村景区,景点景区,国家4A旅游景区。所属地：河北·张家口市·张北县。地址：河北张北张北中都原始草原度假村景区。,41.1631073,114.7106812,wgs84
黄龙山庄景区,4A,河北,张家口市,怀来县,河北怀来黄龙山庄景区,景点景区,国家4A旅游景区。所属地：河北·张家口市·怀来县。地址：河北怀来黄龙山庄景区。,40.5033248,115.4554244,wgs84
安家沟生态旅游区,4A,河北,张家口市,桥西区,河北桥西安家沟生态旅游区,景点景区,国家4A旅游景区。所属地：河北·张家口市·桥西区。地址：河北桥西安家沟生态旅游区。,40.8664628,114.8646280,wgs84
大境门景区,4A,河北,张家口市,桥西区,河北桥西大境门景区,景点景区,国家4A旅游景区。所属地：河北·张家口市·桥西区。地址：河北桥西大境门景区。,40.8431943,114.8869805,wgs84
小五台·金河景区,4A,河北,张家口市,蔚县,河北蔚县小五台·金河景区,景点景区,国家4A旅游景区。所属地：河北·张家口市·蔚县。地址：河北蔚县小五台·金河景区。,39.9476465,114.9422208,wgs84
赤城温泉度假村景区,4A,河北,张家口市,赤城县,河北赤城赤城温泉度假村景区,景点景区,国家4A旅游景区。所属地：河北·张家口市·赤城县。地址：河北赤城赤城温泉度假村景区。,40.9004282,115.7452204,wgs84
沽水福源度假村景区,4A,河北,张家口市,沽源县,河北沽源沽水福源度假村景区,景点景区,国家4A旅游景区。所属地：河北·张家口市·沽源县。地址：河北沽源沽水福源度假村景区。,41.6427540,115.7964114,wgs84
天鹅湖旅游度假村景区,4A,河北,张家口市,沽源县,河北沽源天鹅湖旅游度假村景区,景点景区,国家4A旅游景区。所属地：河北·张家口市·沽源县。地址：河北沽源天鹅湖旅游度假村景区。,41.7046461,115.6997165,wgs84
滦河神韵风景区,4A,河北,张家口市,沽源县,河北沽源滦河神韵风景区,景点景区,国家4A旅游景区。所属地：河北·张家口市·沽源县。地址：河北沽源滦河神韵风景区。,41.7738685,115.7818221,wgs84
鸡鸣山风景旅游区,4A,河北,张家口市,下花园区,河北下花园鸡鸣山风景旅游区,景点景区,国家4A旅游景区。所属地：河北·张家口市·下花园区。地址：河北下花园鸡鸣山风景旅游区。,40.4743769,115.2980287,wgs84
黄帝城遗址文化旅游区,4A,河北,张家口市,涿鹿县,河北涿鹿黄帝城遗址文化旅游区,景点景区,国家4A旅游景区。所属地：河北·张家口市·涿鹿县。地址：河北涿鹿黄帝城遗址文化旅游区。,40.2211664,115.4115261,wgs84
太舞四季小镇,4A,河北,张家口市,崇礼区,河北崇礼太舞四季小镇,景点景区,国家4A旅游景区。所属地：河北·张家口市·崇礼区。地址：河北崇礼太舞四季小镇。,40.9795553,115.2924951,wgs84
富龙四季小镇景区,4A,河北,张家口市,崇礼区,河北崇礼富龙四季小镇景区,景点景区,国家4A旅游景区。所属地：河北·张家口市·崇礼区。地址：河北崇礼富龙四季小镇景区。,40.9809739,115.2883280,wgs84
桑干河大峡谷·飞瀑峡景区,4A,河北,张家口市,宣化区,河北宣化桑干河大峡谷·飞瀑峡景区,景点景区,国家4A旅游景区。所属地：河北·张家口市·宣化区。地址：河北宣化桑干河大峡谷·飞瀑峡景区。,40.2778496,114.8097206,wgs84
张家口市翠云山森林风景区,4A,河北,张家口市,崇礼区,河北张家口市张家口市翠云山森林风景区,景点景区,国家4A旅游景区。所属地：河北·张家口市·崇礼区。地址：河北张家口市张家口市翠云山森林风景区。,40.9795347,115.2848304,wgs84
角山景区,4A,河北,秦皇岛市,山海关区,河北秦皇岛市角山景区,景点景区,国家4A旅游景区。所属地：河北·秦皇岛市·山海关区。地址：河北秦皇岛市角山景区。,40.0329006,119.7354021,wgs84
长寿山景区,4A,河北,秦皇岛市,山海关区,河北秦皇岛市长寿山景区,景点景区,国家4A旅游景区。所属地：河北·秦皇岛市·山海关区。地址：河北秦皇岛市长寿山景区。,40.0672049,119.7279332,wgs84
乐岛海洋王国,4A,河北,秦皇岛市,山海关区,河北秦皇岛市乐岛海洋王国,景点景区,国家4A旅游景区。所属地：河北·秦皇岛市·山海关区。地址：河北秦皇岛市乐岛海洋王国。,39.9618370,119.7593479,wgs84
鸽子窝公园,4A,河北,秦皇岛市,北戴河区,河北秦皇岛市鸽子窝公园,景点景区,国家4A旅游景区。所属地：河北·秦皇岛市·北戴河区。地址：河北秦皇岛市鸽子窝公园。,39.8351537,119.5204497,wgs84
集发农业梦想王国,4A,河北,秦皇岛市,北戴河区,河北秦皇岛市集发农业梦想王国,景点景区,国家4A旅游景区。所属地：河北·秦皇岛市·北戴河区。地址：河北秦皇岛市集发农业梦想王国。,39.8187347,119.4110828,wgs84
秦皇岛野生动物园,4A,河北,秦皇岛市,北戴河区,河北秦皇岛市秦皇岛野生动物园,景点景区,国家4A旅游景区。所属地：河北·秦皇岛市·北戴河区。地址：河北秦皇岛市秦皇岛野生动物园。,39.8670822,119.5115939,wgs84
碧螺塔海上酒吧公园,4A,河北,秦皇岛市,北戴河区,河北秦皇岛市碧螺塔海上酒吧公园,景点景区,国家4A旅游景区。所属地：河北·秦皇岛市·北戴河区。地址：河北秦皇岛市碧螺塔海上酒吧公园。,39.8196810,119.5300267,wgs84
联峰山公园,4A,河北,秦皇岛市,北戴河区,河北秦皇岛市联峰山公园,景点景区,国家4A旅游景区。所属地：河北·秦皇岛市·北戴河区。地址：河北秦皇岛市联峰山公园。,39.8223944,119.4533544,wgs84
秦皇求仙入海处景区,4A,河北,秦皇岛市,海港区,河北秦皇岛市秦皇求仙入海处景区,景点景区,国家4A旅游景区。所属地：河北·秦皇岛市·海港区。地址：河北秦皇岛市秦皇求仙入海处景区。,39.9134544,119.6164640,wgs84
新澳海底世界,4A,河北,秦皇岛市,海港区,河北秦皇岛市新澳海底世界,景点景区,国家4A旅游景区。所属地：河北·秦皇岛市·海港区。地址：河北秦皇岛市新澳海底世界。,39.9049167,119.5573472,wgs84
昌黎县旅游滑沙活动中心,4A,河北,秦皇岛市,昌黎县,河北秦皇岛市昌黎县旅游滑沙活动中心,景点景区,国家4A旅游景区。所属地：河北·秦皇岛市·昌黎县。地址：河北秦皇岛市昌黎县旅游滑沙活动中心。,39.6349737,119.3072110,wgs84
华夏庄园景区,4A,河北,秦皇岛市,昌黎县,河北秦皇岛市华夏庄园景区,景点景区,国家4A旅游景区。所属地：河北·秦皇岛市·昌黎县。地址：河北秦皇岛市华夏庄园景区。,39.7318512,119.1764941,wgs84
秦皇岛市南戴河国际娱乐中心,4A,河北,秦皇岛市,抚宁区,河北秦皇岛市秦皇岛市南戴河国际娱乐中心,景点景区,国家4A旅游景区。所属地：河北·秦皇岛市·抚宁区。地址：河北秦皇岛市秦皇岛市南戴河国际娱乐中心。,39.7328587,119.3458258,wgs84
河北省秦皇岛市抚宁区冰塘峪长城风情大峡谷景区,4A,河北,秦皇岛市,抚宁区,河北秦皇岛市河北省秦皇岛市抚宁区冰塘峪长城风情大峡谷景区,景点景区,国家4A旅游景区。所属地：河北·秦皇岛市·抚宁区。地址：河北秦皇岛市河北省秦皇岛市抚宁区冰塘峪长城风情大峡谷景区。,40.1041639,119.3521152,wgs84
祖山景区,4A,河北,秦皇岛市,青龙满族自治县,河北秦皇岛市祖山景区,景点景区,国家4A旅游景区。所属地：河北·秦皇岛市·青龙满族自治县。地址：河北秦皇岛市祖山景区。,40.1468946,119.4544703,wgs84
渔岛海洋温泉景区,4A,河北,秦皇岛市,昌黎县,河北秦皇岛市渔岛海洋温泉景区,景点景区,国家4A旅游景区。所属地：河北·秦皇岛市·昌黎县。地址：河北秦皇岛市渔岛海洋温泉景区。,39.5999654,119.2823734,wgs84
沙雕海洋乐园,4A,河北,秦皇岛市,昌黎县,河北秦皇岛市沙雕海洋乐园,景点景区,国家4A旅游景区。所属地：河北·秦皇岛市·昌黎县。地址：河北秦皇岛市沙雕海洋乐园。,39.6182330,119.2977609,wgs84
遵化市万佛园景区,4A,河北,唐山市,遵化市,河北唐山市遵化市遵化市万佛园景区,景点景区,国家4A旅游景区。所属地：河北·唐山市·遵化市。地址：河北唐山市遵化市遵化市万佛园景区。,40.1870481,117.6179880,wgs84
乐亭县李大钊纪念馆及故居,4A,河北,唐山市,乐亭县,河北唐山市乐亭县乐亭县李大钊纪念馆及故居,景点景区,国家4A旅游景区。所属地：河北·唐山市·乐亭县。地址：河北唐山市乐亭县乐亭县李大钊纪念馆及故居。,39.4231376,118.8833458,wgs84
迁西县景忠山旅游区,4A,河北,唐山市,迁西县,河北河北省唐山市迁西县迁西县景忠山旅游区,景点景区,国家4A旅游景区。所属地：河北·唐山市·迁西县。地址：河北河北省唐山市迁西县迁西县景忠山旅游区。,40.2004646,118.2018074,wgs84
迁西县青山关景区,4A,河北,唐山市,迁西县,河北河北省唐山市迁西县迁西县青山关景区,景点景区,国家4A旅游景区。所属地：河北·唐山市·迁西县。地址：河北河北省唐山市迁西县迁西县青山关景区。,40.4000467,118.5103385,wgs84
唐山市南湖景区,4A,河北,唐山市,路南区,河北唐山市唐山市南湖景区,景点景区,国家4A旅游景区。所属地：河北·唐山市·路南区。地址：河北唐山市唐山市南湖景区。,39.5976939,118.1654838,wgs84
唐山国际旅游岛月岛景区（含三岛旅游码头）,4A,河北,唐山市,乐亭县,河北唐山市唐山国际旅游岛唐山国际旅游岛月岛景区（含三岛旅游码头）,景点景区,国家4A旅游景区。所属地：河北·唐山市·乐亭县。地址：河北唐山市唐山国际旅游岛唐山国际旅游岛月岛景区（含三岛旅游码头）。,39.2006353,118.8867766,wgs84
曹妃甸湿地景区,4A,河北,唐山市,曹妃甸区,河北唐山市曹妃甸区曹妃甸湿地景区,景点景区,国家4A旅游景区。所属地：河北·唐山市·曹妃甸区。地址：河北唐山市曹妃甸区曹妃甸湿地景区。,39.2035345,118.3551622,wgs84
开滦国家矿山公园,4A,河北,唐山市,路南区,河北唐山市路南区开滦国家矿山公园,景点景区,国家4A旅游景区。所属地：河北·唐山市·路南区。地址：河北唐山市路南区开滦国家矿山公园。,39.6209652,118.1925012,wgs84
唐津运河生态旅游度假景区,4A,河北,唐山市,丰南区,河北唐山市丰南区唐津运河生态旅游度假景区,景点景区,国家4A旅游景区。所属地：河北·唐山市·丰南区。地址：河北唐山市丰南区唐津运河生态旅游度假景区。,39.5634000,118.0719963,wgs84
滦州市青龙山景区,4A,河北,唐山市,滦州市,河北唐山市滦州市滦州市青龙山景区,景点景区,国家4A旅游景区。所属地：河北·唐山市·滦州市。地址：河北唐山市滦州市滦州市青龙山景区。,39.7391935,118.6838111,wgs84
迁安市山叶口景区,4A,河北,唐山市,迁安市,河北唐山市迁安市迁安市山叶口景区,景点景区,国家4A旅游景区。所属地：河北·唐山市·迁安市。地址：河北唐山市迁安市迁安市山叶口景区。,39.9829412,118.5211762,wgs84
滦州古城景区,4A,河北,唐山市,滦州市,河北唐山市滦州市滦州古城景区,景点景区,国家4A旅游景区。所属地：河北·唐山市·滦州市。地址：河北唐山市滦州市滦州古城景区。,39.7413181,118.7514062,wgs84
唐山国际旅游岛菩提岛景区,4A,河北,唐山市,乐亭县,河北唐山市唐山国际旅游岛唐山国际旅游岛菩提岛景区,景点景区,国家4A旅游景区。所属地：河北·唐山市·乐亭县。地址：河北唐山市唐山国际旅游岛唐山国际旅游岛菩提岛景区。,39.2006353,118.8867766,wgs84
迁西县凤凰山景区,4A,河北,唐山市,迁西县,河北唐山市迁西县迁西县凤凰山景区,景点景区,国家4A旅游景区。所属地：河北·唐山市·迁西县。地址：河北唐山市迁西县迁西县凤凰山景区。,40.0711183,118.4166677,wgs84
迁西县花乡果巷景区,4A,河北,唐山市,迁西县,河北唐山市迁西县迁西县花乡果巷景区,景点景区,国家4A旅游景区。所属地：河北·唐山市·迁西县。地址：河北唐山市迁西县迁西县花乡果巷景区。,40.1401665,118.3084566,wgs84
迁安市白羊峪长城旅游区,4A,河北,唐山市,迁安市,河北唐山市迁安市迁安市白羊峪长城旅游区,景点景区,国家4A旅游景区。所属地：河北·唐山市·迁安市。地址：河北唐山市迁安市迁安市白羊峪长城旅游区。,40.1935664,118.7114813,wgs84
迁西县龙井关长城漂流景区,4A,河北,唐山市,迁西县,河北唐山市迁西县迁西县龙井关长城漂流景区,景点景区,国家4A旅游景区。所属地：河北·唐山市·迁西县。地址：河北唐山市迁西县迁西县龙井关长城漂流景区。,40.3884674,118.1544565,wgs84
遵化尚禾源旅游景区,4A,河北,唐山市,遵化市,河北唐山市遵化市遵化尚禾源旅游景区,景点景区,国家4A旅游景区。所属地：河北·唐山市·遵化市。地址：河北唐山市遵化市遵化尚禾源旅游景区。,40.2170122,117.8828274,wgs84
曹妃甸多玛乐园景区,4A,河北,唐山市,曹妃甸区,河北唐山市曹妃甸曹妃甸多玛乐园景区,景点景区,国家4A旅游景区。所属地：河北·唐山市·曹妃甸区。地址：河北唐山市曹妃甸曹妃甸多玛乐园景区。,39.1553339,118.3773842,wgs84
中信国安第一城,4A,河北,廊坊市,香河县,河北廊坊市香河县中信国安第一城,景点景区,国家4A旅游景区。所属地：河北·廊坊市·香河县。地址：河北廊坊市香河县中信国安第一城。,39.7161837,116.9007563,wgs84
金丰农科园,4A,河北,廊坊市,广阳区,河北廊坊市广阳区金丰农科园,景点景区,国家4A旅游景区。所属地：河北·廊坊市·广阳区。地址：河北廊坊市广阳区金丰农科园。,39.5837698,116.7138000,wgs84
金钥匙家居,4A,河北,廊坊市,香河县,河北廊坊市香河县金钥匙家居,景点景区,国家4A旅游景区。所属地：河北·廊坊市·香河县。地址：河北廊坊市香河县金钥匙家居。,39.7473202,117.0148305,wgs84
河北·大城·中国红木城,4A,河北,廊坊市,大城县,河北廊坊市大城县河北·大城·中国红木城,景点景区,国家4A旅游景区。所属地：河北·廊坊市·大城县。地址：河北廊坊市大城县河北·大城·中国红木城。,38.6910042,116.6720799,wgs84
梦东方未来世界,4A,河北,廊坊市,三河市,河北廊坊市三河市梦东方未来世界,景点景区,国家4A旅游景区。所属地：河北·廊坊市·三河市。地址：河北廊坊市三河市梦东方未来世界。,39.9162360,116.8211553,wgs84
易县狼牙山风景区,4A,河北,保定市,易县,河北易县易县狼牙山风景区,景点景区,国家4A旅游景区。所属地：河北·保定市·易县。地址：河北易县易县狼牙山风景区。,39.1391116,115.1667058,wgs84
易水湖景区,4A,河北,保定市,易县,河北易县易水湖景区,景点景区,国家4A旅游景区。所属地：河北·保定市·易县。地址：河北易县易水湖景区。,39.2881433,115.2068808,wgs84
曲阳北岳庙景区,4A,河北,保定市,曲阳县,河北保定市曲阳县曲阳北岳庙景区,景点景区,国家4A旅游景区。所属地：河北·保定市·曲阳县。地址：河北保定市曲阳县曲阳北岳庙景区。,38.6205244,114.6911036,wgs84
虎山风景区,4A,河北,保定市,曲阳县,河北保定市曲阳县虎山风景区,景点景区,国家4A旅游景区。所属地：河北·保定市·曲阳县。地址：河北保定市曲阳县虎山风景区。,38.9335588,114.5558936,wgs84
满城汉墓景区,4A,河北,保定市,满城区,河北保定市满城区满城汉墓景区,景点景区,国家4A旅游景区。所属地：河北·保定市·满城区。地址：河北保定市满城区满城汉墓景区。,38.9478354,115.2970356,wgs84
奥润顺达节能门窗工业旅游景区,4A,河北,保定市,高碑店市,河北保定市高碑店市奥润顺达节能门窗工业旅游景区,景点景区,国家4A旅游景区。所属地：河北·保定市·高碑店市。地址：河北保定市高碑店市奥润顺达节能门窗工业旅游景区。,39.3072260,115.9276521,wgs84
白沟新城和道国际箱包城旅游景区,4A,河北,保定市,高碑店市,河北保定市白沟新城白沟新城和道国际箱包城旅游景区,景点景区,国家4A旅游景区。所属地：河北·保定市·高碑店市。地址：河北保定市白沟新城白沟新城和道国际箱包城旅游景区。,39.1171272,116.0233666,wgs84
鱼谷洞景区,4A,河北,保定市,涞水县,河北保定市涞水县鱼谷洞景区,景点景区,国家4A旅游景区。所属地：河北·保定市·涞水县。地址：河北保定市涞水县鱼谷洞景区。,39.7602909,115.4061325,wgs84
晋察冀边区革命纪念馆,4A,河北,保定市,阜平县,河北保定市阜平县晋察冀边区革命纪念馆,景点景区,国家4A旅游景区。所属地：河北·保定市·阜平县。地址：河北保定市阜平县晋察冀边区革命纪念馆。,38.7321695,114.1705907,wgs84
直隶总督署博物馆,4A,河北,保定市,莲池区,河北保定市莲池区直隶总督署博物馆,景点景区,国家4A旅游景区。所属地：河北·保定市·莲池区。地址：河北保定市莲池区直隶总督署博物馆。,38.8589345,115.4909964,wgs84
刘伶醉景区,4A,河北,保定市,徐水区,河北保定市徐水区刘伶醉景区,景点景区,国家4A旅游景区。所属地：河北·保定市·徐水区。地址：河北保定市徐水区刘伶醉景区。,39.0033214,115.6317166,wgs84
阜平天生桥景区,4A,河北,保定市,阜平县,河北保定市阜平县阜平天生桥景区,景点景区,国家4A旅游景区。所属地：河北·保定市·阜平县。地址：河北保定市阜平县阜平天生桥景区。,38.8623956,113.8812685,wgs84
阜平县云花溪谷景区,4A,河北,保定市,阜平县,河北保定市阜平县阜平县云花溪谷景区,景点景区,国家4A旅游景区。所属地：河北·保定市·阜平县。地址：河北保定市阜平县阜平县云花溪谷景区。,38.7909756,114.0007418,wgs84
唐县潭瀑峡景区,4A,河北,保定市,唐县,河北保定市唐县唐县潭瀑峡景区,景点景区,国家4A旅游景区。所属地：河北·保定市·唐县。地址：河北保定市唐县唐县潭瀑峡景区。,39.0884527,114.5981262,wgs84
恋乡·太行水镇旅游综合体景区,4A,河北,保定市,易县,河北保定市易县恋乡·太行水镇旅游综合体景区,景点景区,国家4A旅游景区。所属地：河北·保定市·易县。地址：河北保定市易县恋乡·太行水镇旅游综合体景区。,39.2884175,115.2395404,wgs84
吴桥杂技大世界,4A,河北,沧州市,吴桥县,河北沧州市吴桥杂技大世界,景点景区,国家4A旅游景区。所属地：河北·沧州市·吴桥县。地址：河北沧州市吴桥杂技大世界。,37.6408854,116.3792175,wgs84
东光铁佛寺,4A,河北,沧州市,东光县,河北沧州市东光铁佛寺,景点景区,国家4A旅游景区。所属地：河北·沧州市·东光县。地址：河北沧州市东光铁佛寺。,37.8752495,116.5327593,wgs84
河间府署,4A,河北,沧州市,河间市,河北沧州市河间府署,景点景区,国家4A旅游景区。所属地：河北·沧州市·河间市。地址：河北沧州市河间府署。,38.4380771,116.0862248,wgs84
南大港湿地,4A,河北,沧州市,黄骅市,河北沧州市南大港湿地,景点景区,国家4A旅游景区。所属地：河北·沧州市·黄骅市。地址：河北沧州市南大港湿地。,38.5082781,117.4893508,wgs84
衡水湖景区,4A,河北,衡水市,桃城区,河北衡水市衡水湖景区,景点景区,国家4A旅游景区。所属地：河北·衡水市·桃城区。地址：河北衡水市衡水湖景区。,37.6486711,115.6473889,wgs84
闾里古镇,4A,河北,衡水市,冀州区,河北衡水市闾里古镇,景点景区,国家4A旅游景区。所属地：河北·衡水市·冀州区。地址：河北衡水市闾里古镇。,37.6010054,115.6276700,wgs84
武强年画博物馆,4A,河北,衡水市,武强县,河北衡水市武强年画博物馆,景点景区,国家4A旅游景区。所属地：河北·衡水市·武强县。地址：河北衡水市武强年画博物馆。,38.0375259,115.9750852,wgs84
周窝音乐小镇景区,4A,河北,衡水市,武强县,河北衡水市周窝音乐小镇景区,景点景区,国家4A旅游景区。所属地：河北·衡水市·武强县。地址：河北衡水市周窝音乐小镇景区。,37.9983976,115.8872526,wgs84
衡水老白干酿酒集团工业旅游示范点,4A,河北,衡水市,桃城区,河北衡水市衡水老白干酿酒集团工业旅游示范点,景点景区,国家4A旅游景区。所属地：河北·衡水市·桃城区。地址：河北衡水市衡水老白干酿酒集团工业旅游示范点。,37.8245696,115.7069374,wgs84
崆山白云洞旅游区,4A,河北,邢台市,临城县,河北邢台市临城县崆山白云洞旅游区,景点景区,国家4A旅游景区。所属地：河北·邢台市·临城县。地址：河北邢台市临城县崆山白云洞旅游区。,37.4657352,114.4328611,wgs84
天台山旅游区,4A,河北,邢台市,临城县,河北邢台市临城县天台山旅游区,景点景区,国家4A旅游景区。所属地：河北·邢台市·临城县。地址：河北邢台市临城县天台山旅游区。,37.4636481,114.4433207,wgs84
内丘扁鹊庙景区,4A,河北,邢台市,内丘县,河北邢台市内丘县内丘扁鹊庙景区,景点景区,国家4A旅游景区。所属地：河北·邢台市·内丘县。地址：河北邢台市内丘县内丘扁鹊庙景区。,37.3105094,114.2670063,wgs84
天河山景区,4A,河北,邢台市,信都区,河北邢台市信都区天河山景区,景点景区,国家4A旅游景区。所属地：河北·邢台市·信都区。地址：河北邢台市信都区天河山景区。,37.0932922,113.8863250,wgs84
云梦山景区,4A,河北,邢台市,任泽区,河北邢台市信都区云梦山景区,景点景区,国家4A旅游景区。所属地：河北·邢台市·任泽区。地址：河北邢台市信都区云梦山景区。,37.3267642,113.9233807,wgs84
紫金山景区,4A,河北,邢台市,任泽区,河北邢台市信都区紫金山景区,景点景区,国家4A旅游景区。所属地：河北·邢台市·任泽区。地址：河北邢台市信都区紫金山景区。,37.0199032,113.7904064,wgs84
邢台大峡谷景区,4A,河北,邢台市,任泽区,河北邢台市信都区邢台大峡谷景区,景点景区,国家4A旅游景区。所属地：河北·邢台市·任泽区。地址：河北邢台市信都区邢台大峡谷景区。,37.1375814,113.8593122,wgs84
九龙峡自然风光旅游区,4A,河北,邢台市,信都区,河北邢台市信都区九龙峡自然风光旅游区,景点景区,国家4A旅游景区。所属地：河北·邢台市·信都区。地址：河北邢台市信都区九龙峡自然风光旅游区。,37.1949131,113.8523154,wgs84
天梯山景区,4A,河北,邢台市,任泽区,河北邢台市信都区天梯山景区,景点景区,国家4A旅游景区。所属地：河北·邢台市·任泽区。地址：河北邢台市信都区天梯山景区。,37.1039100,114.2501980,wgs84
邢台前南峪生态旅游区,4A,河北,邢台市,任泽区,河北邢台市信都区邢台前南峪生态旅游区,景点景区,国家4A旅游景区。所属地：河北·邢台市·任泽区。地址：河北邢台市信都区邢台前南峪生态旅游区。,37.1638315,113.9134924,wgs84
德龙钢铁文化园,4A,河北,邢台市,宁晋县,河北邢台市信都区德龙钢铁文化园,景点景区,国家4A旅游景区。所属地：河北·邢台市·宁晋县。地址：河北邢台市信都区德龙钢铁文化园。,37.6348142,114.8917822,wgs84
沙河市红石沟休闲生态农场,4A,河北,邢台市,沙河市,河北邢台市沙河市沙河市红石沟休闲生态农场,景点景区,国家4A旅游景区。所属地：河北·邢台市·沙河市。地址：河北邢台市沙河市沙河市红石沟休闲生态农场。,36.9137303,114.2218762,wgs84
内丘县邢窑文化旅游区,4A,河北,邢台市,内丘县,河北邢台市内丘县内丘县邢窑文化旅游区,景点景区,国家4A旅游景区。所属地：河北·邢台市·内丘县。地址：河北邢台市内丘县内丘县邢窑文化旅游区。,37.2901438,114.5113975,wgs84
南和农业嘉年华,4A,河北,邢台市,南和区,河北邢台市南和县南和农业嘉年华,景点景区,国家4A旅游景区。所属地：河北·邢台市·南和区。地址：河北邢台市南和县南和农业嘉年华。,37.0674087,114.7149145,wgs84
临城县岐山湖景区,4A,河北,邢台市,临城县,河北邢台市临城县临城县岐山湖景区,景点景区,国家4A旅游景区。所属地：河北·邢台市·临城县。地址：河北邢台市临城县临城县岐山湖景区。,37.4548768,114.3868857,wgs84
丛台区丛台公园,4A,河北,邯郸市,丛台区,河北丛台区丛台区丛台公园,景点景区,国家4A旅游景区。所属地：河北·邯郸市·丛台区。地址：河北丛台区丛台区丛台公园。,36.6153539,114.4848579,wgs84
涉县八路军129师司令部旧址,4A,河北,邯郸市,涉县,河北涉县涉县八路军129师司令部旧址,景点景区,国家4A旅游景区。所属地：河北·邯郸市·涉县。地址：河北涉县涉县八路军129师司令部旧址。,36.5849154,113.6850624,wgs84
武安市朝阳沟,4A,河北,邯郸市,武安市,河北武安市武安市朝阳沟,景点景区,国家4A旅游景区。所属地：河北·邯郸市·武安市。地址：河北武安市武安市朝阳沟。,36.6917566,114.2098555,wgs84
武安市京娘湖风景区,4A,河北,邯郸市,武安市,河北武安市武安市京娘湖风景区,景点景区,国家4A旅游景区。所属地：河北·邯郸市·武安市。地址：河北武安市武安市京娘湖风景区。,36.8855559,113.9465203,wgs84
武安市东山文化博艺园,4A,河北,邯郸市,武安市,河北武安市武安市东山文化博艺园,景点景区,国家4A旅游景区。所属地：河北·邯郸市·武安市。地址：河北武安市武安市东山文化博艺园。,36.7071053,114.2398728,wgs84
峰峰矿区响堂山风景名胜区,4A,河北,邯郸市,峰峰矿区,河北峰峰矿区峰峰矿区响堂山风景名胜区,景点景区,国家4A旅游景区。所属地：河北·邯郸市·峰峰矿区。地址：河北峰峰矿区峰峰矿区响堂山风景名胜区。,36.5325185,114.1461057,wgs84
丛台区赵苑公园,4A,河北,邯郸市,复兴区,河北丛台区丛台区赵苑公园,景点景区,国家4A旅游景区。所属地：河北·邯郸市·复兴区。地址：河北丛台区丛台区赵苑公园。,36.6240352,114.4668021,wgs84
武安市长寿村,4A,河北,邯郸市,武安市,河北武安市武安市长寿村,景点景区,国家4A旅游景区。所属地：河北·邯郸市·武安市。地址：河北武安市武安市长寿村。,36.7302308,114.1261421,wgs84
涉县太行山五指山旅游区,4A,河北,邯郸市,涉县,河北涉县涉县太行山五指山旅游区,景点景区,国家4A旅游景区。所属地：河北·邯郸市·涉县。地址：河北涉县涉县太行山五指山旅游区。,36.5731777,113.8563247,wgs84
邯山区晋冀鲁豫革命纪念园,4A,河北,邯郸市,邯山区,河北邯山区邯山区晋冀鲁豫革命纪念园,景点景区,国家4A旅游景区。所属地：河北·邯郸市·邯山区。地址：河北邯山区邯山区晋冀鲁豫革命纪念园。,36.6006670,114.4809490,wgs84
武安市七步沟,4A,河北,邯郸市,武安市,河北武安市武安市七步沟,景点景区,国家4A旅游景区。所属地：河北·邯郸市·武安市。地址：河北武安市武安市七步沟。,36.9396926,113.8819118,wgs84
涉县韩王九寨旅游景区,4A,河北,邯郸市,涉县,河北涉县涉县韩王九寨旅游景区,景点景区,国家4A旅游景区。所属地：河北·邯郸市·涉县。地址：河北涉县涉县韩王九寨旅游景区。,36.5849154,113.6850624,wgs84
馆陶县粮画小镇旅游景区,4A,河北,邯郸市,馆陶县,河北馆陶县馆陶县粮画小镇旅游景区,景点景区,国家4A旅游景区。所属地：河北·邯郸市·馆陶县。地址：河北馆陶县馆陶县粮画小镇旅游景区。,36.5474579,115.2208400,wgs84
武安市东太行旅游景区,4A,河北,邯郸市,武安市,河北武安市武安市东太行旅游景区,景点景区,国家4A旅游景区。所属地：河北·邯郸市·武安市。地址：河北武安市武安市东太行旅游景区。,36.6962334,114.1975860,wgs84
肥乡区丛台酒苑景区,4A,河北,邯郸市,肥乡区,河北肥乡区肥乡区丛台酒苑景区,景点景区,国家4A旅游景区。所属地：河北·邯郸市·肥乡区。地址：河北肥乡区肥乡区丛台酒苑景区。,36.5724238,114.7285166,wgs84
武安市古武当山旅游景区,4A,河北,邯郸市,武安市,河北武安市武安市古武当山旅游景区,景点景区,国家4A旅游景区。所属地：河北·邯郸市·武安市。地址：河北武安市武安市古武当山旅游景区。,36.9502130,113.9457532,wgs84
广平县赵王印象城景区,4A,河北,邯郸市,广平县,河北广平县广平县赵王印象城景区,景点景区,国家4A旅游景区。所属地：河北·邯郸市·广平县。地址：河北广平县广平县赵王印象城景区。,36.5020785,114.9411885,wgs84
晋祠博物馆,4A,山西,太原市,晋源区,山西太原市晋祠博物馆,景点景区,国家4A旅游景区。所属地：山西·太原市·晋源区。地址：山西太原市晋祠博物馆。,37.7078468,112.4357753,wgs84
汾河景区,4A,山西,太原市,尖草坪区,山西太原市汾河景区,景点景区,国家4A旅游景区。所属地：山西·太原市·尖草坪区。地址：山西太原市汾河景区。,37.8931383,112.5315745,wgs84
蒙山大佛景区,4A,山西,太原市,晋源区,山西太原市蒙山大佛景区,景点景区,国家4A旅游景区。所属地：山西·太原市·晋源区。地址：山西太原市蒙山大佛景区。,37.7707508,112.4634823,wgs84
东湖醋园,4A,山西,太原市,杏花岭区,山西太原市东湖醋园,景点景区,国家4A旅游景区。所属地：山西·太原市·杏花岭区。地址：山西太原市东湖醋园。,37.8780118,112.5898202,wgs84
太原动物园,4A,山西,太原市,杏花岭区,山西太原市太原动物园,景点景区,国家4A旅游景区。所属地：山西·太原市·杏花岭区。地址：山西太原市太原动物园。,37.9102128,112.5770412,wgs84
太原市森林公园,4A,山西,太原市,尖草坪区,山西太原市太原市森林公园,景点景区,国家4A旅游景区。所属地：山西·太原市·尖草坪区。地址：山西太原市太原市森林公园。,37.9085245,112.5274995,wgs84
中国煤炭博物馆“煤海探秘游”,4A,山西,太原市,万柏林区,山西太原市中国煤炭博物馆“煤海探秘游”,景点景区,国家4A旅游景区。所属地：山西·太原市·万柏林区。地址：山西太原市中国煤炭博物馆“煤海探秘游”。,37.8570534,112.5221324,wgs84
宝源老醋坊,4A,山西,太原市,清徐县,山西太原市宝源老醋坊,景点景区,国家4A旅游景区。所属地：山西·太原市·清徐县。地址：山西太原市宝源老醋坊。,37.5066817,112.3625058,wgs84
紫林醋文化工业园区,4A,山西,太原市,杏花岭区,山西太原市紫林醋文化工业园区,景点景区,国家4A旅游景区。所属地：山西·太原市·杏花岭区。地址：山西太原市紫林醋文化工业园区。,37.8714648,112.5992080,wgs84
六味斋云梦坞,4A,山西,太原市,迎泽区,山西太原市六味斋云梦坞,景点景区,国家4A旅游景区。所属地：山西·太原市·迎泽区。地址：山西太原市六味斋云梦坞。,37.8616321,112.5423865,wgs84
云冈石窟,5A,山西,大同市,平城区,山西大同市云冈石窟,景点景区,国家5A旅游景区。所属地：山西·大同市·平城区。地址：山西大同市云冈石窟。,40.1100250,113.1287422,wgs84
恒山悬空寺,4A,山西,大同市,浑源县,山西大同市恒山悬空寺,景点景区,国家4A旅游景区。所属地：山西·大同市·浑源县。地址：山西大同市恒山悬空寺。,39.6600345,113.7090316,wgs84
大同华严寺,4A,山西,大同市,平城区,山西大同市大同华严寺,景点景区,国家4A旅游景区。所属地：山西·大同市·平城区。地址：山西大同市大同华严寺。,40.0913482,113.2880653,wgs84
大同善化寺景区,4A,山西,大同市,云州区,山西大同市大同善化寺景区,景点景区,国家4A旅游景区。所属地：山西·大同市·云州区。地址：山西大同市大同善化寺景区。,40.0393177,113.6057839,wgs84
大同城墙景区,4A,山西,大同市,阳高县,山西大同市大同城墙景区,景点景区,国家4A旅游景区。所属地：山西·大同市·阳高县。地址：山西大同市大同城墙景区。,40.3641075,113.7573108,wgs84
晋华宫矿井下游景区,4A,山西,大同市,平城区,山西大同市晋华宫矿井下游景区,景点景区,国家4A旅游景区。所属地：山西·大同市·平城区。地址：山西大同市晋华宫矿井下游景区。,40.1014893,113.1573372,wgs84
大同方特欢乐世界景区,4A,山西,大同市,平城区,山西大同市大同方特欢乐世界景区,景点景区,国家4A旅游景区。所属地：山西·大同市·平城区。地址：山西大同市大同方特欢乐世界景区。,40.0585356,113.3611878,wgs84
大同魏都水世界,4A,山西,大同市,平城区,山西大同市大同魏都水世界,景点景区,国家4A旅游景区。所属地：山西·大同市·平城区。地址：山西大同市大同魏都水世界。,40.0188490,113.2858859,wgs84
李二口长城景区,4A,山西,大同市,天镇县,山西大同市李二口长城景区,景点景区,国家4A旅游景区。所属地：山西·大同市·天镇县。地址：山西大同市李二口长城景区。,40.5256005,114.0943939,wgs84
平型关大捷纪念馆,4A,山西,大同市,灵丘县,山西大同市平型关大捷纪念馆,景点景区,国家4A旅游景区。所属地：山西·大同市·灵丘县。地址：山西大同市平型关大捷纪念馆。,39.3434376,113.9664734,wgs84
应县木塔,4A,山西,朔州市,应县,山西朔州市应县木塔,景点景区,国家4A旅游景区。所属地：山西·朔州市·应县。地址：山西朔州市应县木塔。,39.5692751,113.1827065,wgs84
金沙滩生态旅游区,4A,山西,朔州市,怀仁市,山西朔州市金沙滩生态旅游区,景点景区,国家4A旅游景区。所属地：山西·朔州市·怀仁市。地址：山西朔州市金沙滩生态旅游区。,39.7779146,112.9945597,wgs84
右玉生态旅游区,4A,山西,朔州市,右玉县,山西朔州市右玉生态旅游区,景点景区,国家4A旅游景区。所属地：山西·朔州市·右玉县。地址：山西朔州市右玉生态旅游区。,39.9878197,112.4601230,wgs84
崇福寺景区,4A,山西,朔州市,朔城区,山西朔州市崇福寺景区,景点景区,国家4A旅游景区。所属地：山西·朔州市·朔城区。地址：山西朔州市崇福寺景区。,39.3140116,112.4257067,wgs84
忻州市五台山风景名胜区,5A,山西,忻州市,五台县,山西忻州市忻州市五台山风景名胜区,景点景区,国家5A旅游景区。所属地：山西·忻州市·五台县。地址：山西忻州市忻州市五台山风景名胜区。,38.9680065,113.5841935,wgs84
忻州市代县雁门关风景区,5A,山西,忻州市,代县,山西忻州市忻州市代县雁门关风景区,景点景区,国家5A旅游景区。所属地：山西·忻州市·代县。地址：山西忻州市忻州市代县雁门关风景区。,39.1918470,112.8454277,wgs84
忻州市定襄河边民俗博物馆,4A,山西,忻州市,定襄县,山西忻州市忻州市定襄河边民俗博物馆,景点景区,国家4A旅游景区。所属地：山西·忻州市·定襄县。地址：山西忻州市忻州市定襄河边民俗博物馆。,38.5891471,113.1028242,wgs84
忻州市宁武万年冰洞旅游区,4A,山西,忻州市,宁武县,山西忻州市忻州市宁武万年冰洞旅游区,景点景区,国家4A旅游景区。所属地：山西·忻州市·宁武县。地址：山西忻州市忻州市宁武万年冰洞旅游区。,38.9456381,112.1486750,wgs84
忻州市宁武芦芽山生态旅游区,4A,山西,忻州市,宁武县,山西忻州市忻州市宁武芦芽山生态旅游区,景点景区,国家4A旅游景区。所属地：山西·忻州市·宁武县。地址：山西忻州市忻州市宁武芦芽山生态旅游区。,38.8303724,112.0705275,wgs84
忻州市宁武汾河源头旅游区,4A,山西,忻州市,宁武县,山西忻州市忻州市宁武汾河源头旅游区,景点景区,国家4A旅游景区。所属地：山西·忻州市·宁武县。地址：山西忻州市忻州市宁武汾河源头旅游区。,38.8191870,112.0914039,wgs84
忻州市忻府区云中河景区,4A,山西,忻州市,忻府区,山西忻州市忻州市忻府区云中河景区,景点景区,国家4A旅游景区。所属地：山西·忻州市·忻府区。地址：山西忻州市忻州市忻府区云中河景区。,38.4857652,112.7122606,wgs84
忻州市忻府区禹王洞景区,4A,山西,忻州市,忻府区,山西忻州市忻州市忻府区禹王洞景区,景点景区,国家4A旅游景区。所属地：山西·忻州市·忻府区。地址：山西忻州市忻州市忻府区禹王洞景区。,38.3058794,112.8045726,wgs84
忻州滹源景区,4A,山西,忻州市,繁峙县,山西忻州市忻州滹源景区,景点景区,国家4A旅游景区。所属地：山西·忻州市·繁峙县。地址：山西忻州市忻州滹源景区。,39.1889696,113.2735989,wgs84
忻州市原平市天涯山,4A,山西,忻州市,原平市,山西忻州市忻州市原平市天涯山,景点景区,国家4A旅游景区。所属地：山西·忻州市·原平市。地址：山西忻州市忻州市原平市天涯山。,38.7225472,112.7991001,wgs84
偏关县老牛湾景区,4A,山西,忻州市,偏关县,山西忻州市偏关县老牛湾景区,景点景区,国家4A旅游景区。所属地：山西·忻州市·偏关县。地址：山西忻州市偏关县老牛湾景区。,39.6369413,111.4364467,wgs84
忻府区忻州古城,4A,山西,忻州市,忻府区,山西忻州市忻府区忻州古城,景点景区,国家4A旅游景区。所属地：山西·忻州市·忻府区。地址：山西忻州市忻府区忻州古城。,38.3989323,112.7398545,wgs84
静乐县天柱山,4A,山西,忻州市,静乐县,山西忻州市静乐县天柱山,景点景区,国家4A旅游景区。所属地：山西·忻州市·静乐县。地址：山西忻州市静乐县天柱山。,38.3523404,111.9485074,wgs84
繁峙县憨山文化旅游景区,4A,山西,忻州市,繁峙县,山西忻州市繁峙县憨山文化旅游景区,景点景区,国家4A旅游景区。所属地：山西·忻州市·繁峙县。地址：山西忻州市繁峙县憨山文化旅游景区。,39.1878704,113.2587242,wgs84
平遥古城景区,5A,山西,晋中市,平遥县,山西晋中市平遥古城景区,景点景区,国家5A旅游景区。所属地：山西·晋中市·平遥县。地址：山西晋中市平遥古城景区。,37.2035224,112.1769990,wgs84
绵山景区,5A,山西,晋中市,介休市,山西晋中市绵山景区,景点景区,国家5A旅游景区。所属地：山西·晋中市·介休市。地址：山西晋中市绵山景区。,36.8892391,112.0207953,wgs84
常家庄园,4A,山西,晋中市,榆次区,山西晋中市常家庄园,景点景区,国家4A旅游景区。所属地：山西·晋中市·榆次区。地址：山西晋中市常家庄园。,37.5448205,112.6315324,wgs84
乌金山国家森林公园,4A,山西,晋中市,榆次区,山西晋中市乌金山国家森林公园,景点景区,国家4A旅游景区。所属地：山西·晋中市·榆次区。地址：山西晋中市乌金山国家森林公园。,37.8481089,112.7670818,wgs84
榆次老城,4A,山西,晋中市,榆次区,山西晋中市榆次老城,景点景区,国家4A旅游景区。所属地：山西·晋中市·榆次区。地址：山西晋中市榆次老城。,37.6762520,112.7434749,wgs84
九龙国际文化生态旅游区,4A,山西,晋中市,寿阳县,山西晋中市九龙国际文化生态旅游区,景点景区,国家4A旅游景区。所属地：山西·晋中市·寿阳县。地址：山西晋中市九龙国际文化生态旅游区。,37.9005586,113.1753335,wgs84
后沟古村,4A,山西,晋中市,榆次区,山西晋中市后沟古村,景点景区,国家4A旅游景区。所属地：山西·晋中市·榆次区。地址：山西晋中市后沟古村。,37.7549033,112.9056519,wgs84
昭馀古城茶商文化旅游景区,4A,山西,晋中市,平遥县,山西晋中市昭馀古城茶商文化旅游景区,景点景区,国家4A旅游景区。所属地：山西·晋中市·平遥县。地址：山西晋中市昭馀古城茶商文化旅游景区。,37.2036192,112.1769559,wgs84
太行龙泉旅游区,4A,山西,晋中市,左权县,山西晋中市太行龙泉旅游区,景点景区,国家4A旅游景区。所属地：山西·晋中市·左权县。地址：山西晋中市太行龙泉旅游区。,36.9891069,113.4130899,wgs84
麻田八路军总部纪念馆,4A,山西,晋中市,左权县,山西晋中市麻田八路军总部纪念馆,景点景区,国家4A旅游景区。所属地：山西·晋中市·左权县。地址：山西晋中市麻田八路军总部纪念馆。,36.7886037,113.5033249,wgs84
灵石县王家大院民居艺术馆,4A,山西,晋中市,灵石县,山西晋中市灵石县王家大院民居艺术馆,景点景区,国家4A旅游景区。所属地：山西·晋中市·灵石县。地址：山西晋中市灵石县王家大院民居艺术馆。,36.8920020,111.8590919,wgs84
红崖峡谷景区,4A,山西,晋中市,灵石县,山西晋中市红崖峡谷景区,景点景区,国家4A旅游景区。所属地：山西·晋中市·灵石县。地址：山西晋中市红崖峡谷景区。,36.8413513,111.9542164,wgs84
石膏山风景区,4A,山西,晋中市,灵石县,山西晋中市石膏山风景区,景点景区,国家4A旅游景区。所属地：山西·晋中市·灵石县。地址：山西晋中市石膏山风景区。,36.7554650,111.9307655,wgs84
张壁古堡景区,4A,山西,晋中市,介休市,山西晋中市张壁古堡景区,景点景区,国家4A旅游景区。所属地：山西·晋中市·介休市。地址：山西晋中市张壁古堡景区。,36.9621636,111.9668682,wgs84
平遥县双林寺彩塑艺术馆,4A,山西,晋中市,平遥县,山西晋中市平遥县双林寺彩塑艺术馆,景点景区,国家4A旅游景区。所属地：山西·晋中市·平遥县。地址：山西晋中市平遥县双林寺彩塑艺术馆。,37.1701268,112.1248500,wgs84
平遥县镇国寺管理处,4A,山西,晋中市,平遥县,山西晋中市平遥县镇国寺管理处,景点景区,国家4A旅游景区。所属地：山西·晋中市·平遥县。地址：山西晋中市平遥县镇国寺管理处。,37.2853518,112.2704734,wgs84
大寨景区,4A,山西,晋中市,昔阳县,山西晋中市大寨景区,景点景区,国家4A旅游景区。所属地：山西·晋中市·昔阳县。地址：山西晋中市大寨景区。,37.5941159,113.7035694,wgs84
小西沟,4A,山西,晋中市,榆次区,山西晋中市小西沟,景点景区,国家4A旅游景区。所属地：山西·晋中市·榆次区。地址：山西晋中市小西沟。,37.8314186,112.6941992,wgs84
藏山,4A,山西,阳泉市,盂县,山西阳泉市藏山,景点景区,国家4A旅游景区。所属地：山西·阳泉市·盂县。地址：山西阳泉市藏山。,38.2220336,113.3721180,wgs84
大汖温泉,4A,山西,阳泉市,盂县,山西阳泉市大汖温泉,景点景区,国家4A旅游景区。所属地：山西·阳泉市·盂县。地址：山西阳泉市大汖温泉。,38.4384842,113.4708049,wgs84
娘子关,4A,山西,阳泉市,平定县,山西阳泉市娘子关,景点景区,国家4A旅游景区。所属地：山西·阳泉市·平定县。地址：山西阳泉市娘子关。,37.9665922,113.8785054,wgs84
桃林沟,4A,山西,阳泉市,郊区,山西阳泉市桃林沟,景点景区,国家4A旅游景区。所属地：山西·阳泉市·郊区。地址：山西阳泉市桃林沟。,37.8886680,113.5488358,wgs84
翠枫山,4A,山西,阳泉市,郊区,山西阳泉市翠枫山,景点景区,国家4A旅游景区。所属地：山西·阳泉市·郊区。地址：山西阳泉市翠枫山。,37.7830532,113.4284425,wgs84
方山县北武当山风景名胜区,4A,山西,吕梁市,方山县,山西吕梁市方山县北武当山风景名胜区,景点景区,国家4A旅游景区。所属地：山西·吕梁市·方山县。地址：山西吕梁市方山县北武当山风景名胜区。,37.7804663,111.3690598,wgs84
汾阳汾酒文化景区,4A,山西,吕梁市,汾阳市,山西吕梁市汾阳汾酒文化景区,景点景区,国家4A旅游景区。所属地：山西·吕梁市·汾阳市。地址：山西吕梁市汾阳汾酒文化景区。,37.3372169,111.8944369,wgs84
汾阳市贾家庄文化生态旅游区,4A,山西,吕梁市,汾阳市,山西吕梁市汾阳市贾家庄文化生态旅游区,景点景区,国家4A旅游景区。所属地：山西·吕梁市·汾阳市。地址：山西吕梁市汾阳市贾家庄文化生态旅游区。,37.2947229,111.8236187,wgs84
交城县卦山景区,4A,山西,吕梁市,交城县,山西吕梁市交城县卦山景区,景点景区,国家4A旅游景区。所属地：山西·吕梁市·交城县。地址：山西吕梁市交城县卦山景区。,37.5691301,112.1301242,wgs84
交城县玄中寺景区,4A,山西,吕梁市,交城县,山西吕梁市交城县玄中寺景区,景点景区,国家4A旅游景区。所属地：山西·吕梁市·交城县。地址：山西吕梁市交城县玄中寺景区。,37.5638604,112.0784458,wgs84
孝义三皇庙景区,4A,山西,吕梁市,孝义市,山西吕梁市孝义三皇庙景区,景点景区,国家4A旅游景区。所属地：山西·吕梁市·孝义市。地址：山西吕梁市孝义三皇庙景区。,37.1395684,111.7438670,wgs84
孝义市金龙山风景区,4A,山西,吕梁市,孝义市,山西吕梁市孝义市金龙山风景区,景点景区,国家4A旅游景区。所属地：山西·吕梁市·孝义市。地址：山西吕梁市孝义市金龙山风景区。,37.1342799,111.6865342,wgs84
孝义市胜溪湖国家森林公园,4A,山西,吕梁市,孝义市,山西吕梁市孝义市胜溪湖国家森林公园,景点景区,国家4A旅游景区。所属地：山西·吕梁市·孝义市。地址：山西吕梁市孝义市胜溪湖国家森林公园。,37.0988125,111.7215469,wgs84
孝义市孝河湿地公园,4A,山西,吕梁市,孝义市,山西吕梁市孝义市孝河湿地公园,景点景区,国家4A旅游景区。所属地：山西·吕梁市·孝义市。地址：山西吕梁市孝义市孝河湿地公园。,37.1494459,111.7564095,wgs84
临县义居寺景区,4A,山西,吕梁市,临县,山西吕梁市临县义居寺景区,景点景区,国家4A旅游景区。所属地：山西·吕梁市·临县。地址：山西吕梁市临县义居寺景区。,37.7515352,110.9349508,wgs84
临县碛口景区,4A,山西,吕梁市,临县,山西吕梁市临县碛口景区,景点景区,国家4A旅游景区。所属地：山西·吕梁市·临县。地址：山西吕梁市临县碛口景区。,37.6416646,110.7999529,wgs84
太行山八泉峡景区,5A,山西,长治市,壶关县,山西长治市太行山八泉峡景区,景点景区,国家5A旅游景区。所属地：山西·长治市·壶关县。地址：山西长治市太行山八泉峡景区。,35.9456929,113.5610689,wgs84
太行山大峡谷景区,4A,山西,长治市,壶关县,山西长治市太行山大峡谷景区,景点景区,国家4A旅游景区。所属地：山西·长治市·壶关县。地址：山西长治市太行山大峡谷景区。,35.9280873,113.4783752,wgs84
洗耳河景区,4A,山西,长治市,黎城县,山西长治市洗耳河景区,景点景区,国家4A旅游景区。所属地：山西·长治市·黎城县。地址：山西长治市洗耳河景区。,36.7526331,113.3323993,wgs84
欢乐太行谷,4A,山西,长治市,壶关县,山西长治市欢乐太行谷,景点景区,国家4A旅游景区。所属地：山西·长治市·壶关县。地址：山西长治市欢乐太行谷。,36.1713435,113.2332192,wgs84
太行水乡,4A,山西,长治市,平顺县,山西长治市太行水乡,景点景区,国家4A旅游景区。所属地：山西·长治市·平顺县。地址：山西长治市太行水乡。,36.3476445,113.5016501,wgs84
振兴小镇,4A,山西,长治市,上党区,山西长治市振兴小镇,景点景区,国家4A旅游景区。所属地：山西·长治市·上党区。地址：山西长治市振兴小镇。,35.8934939,113.1193963,wgs84
System.Xml.XmlElement,4A,山西,长治市,平顺县,山西长治市通天峡景区,景点景区,国家4A旅游景区。所属地：山西·长治市·平顺县。地址：山西长治市通天峡景区。,36.2069405,113.5931515,wgs84
天脊山景区,4A,山西,长治市,平顺县,山西长治市天脊山景区,景点景区,国家4A旅游景区。所属地：山西·长治市·平顺县。地址：山西长治市天脊山景区。,36.1605302,113.6343145,wgs84
黄崖洞文化旅游区,4A,山西,长治市,黎城县,山西长治市黄崖洞文化旅游区,景点景区,国家4A旅游景区。所属地：山西·长治市·黎城县。地址：山西长治市黄崖洞文化旅游区。,36.7941181,113.3763067,wgs84
八路军太行纪念馆,4A,山西,长治市,武乡县,山西长治市八路军太行纪念馆,景点景区,国家4A旅游景区。所属地：山西·长治市·武乡县。地址：山西长治市八路军太行纪念馆。,36.8331709,112.8498979,wgs84
八路军文化园,4A,山西,长治市,武乡县,山西长治市八路军文化园,景点景区,国家4A旅游景区。所属地：山西·长治市·武乡县。地址：山西长治市八路军文化园。,36.8342744,112.8518632,wgs84
太行龙洞,4A,山西,长治市,武乡县,山西长治市太行龙洞,景点景区,国家4A旅游景区。所属地：山西·长治市·武乡县。地址：山西长治市太行龙洞。,36.7752940,113.2847956,wgs84
仙堂山,4A,山西,长治市,襄垣县,山西长治市仙堂山,景点景区,国家4A旅游景区。所属地：山西·长治市·襄垣县。地址：山西长治市仙堂山。,36.5345701,113.0433569,wgs84
皇城相府,5A,山西,晋城市,阳城县,山西晋城市皇城相府,景点景区,国家5A旅游景区。所属地：山西·晋城市·阳城县。地址：山西晋城市皇城相府。,35.5142113,112.5770012,wgs84
珏山景区,4A,山西,晋城市,泽州县,山西晋城市珏山景区,景点景区,国家4A旅游景区。所属地：山西·晋城市·泽州县。地址：山西晋城市珏山景区。,35.4450113,113.0014393,wgs84
大阳古镇景区,4A,山西,晋城市,城区,山西晋城市大阳古镇景区,景点景区,国家4A旅游景区。所属地：山西·晋城市·城区。地址：山西晋城市大阳古镇景区。,35.4870594,112.8548777,wgs84
炎帝陵景区,4A,山西,晋城市,高平市,山西晋城市炎帝陵景区,景点景区,国家4A旅游景区。所属地：山西·晋城市·高平市。地址：山西晋城市炎帝陵景区。,35.9022821,112.9983694,wgs84
天官王府,4A,山西,晋城市,阳城县,山西晋城市天官王府,景点景区,国家4A旅游景区。所属地：山西·晋城市·阳城县。地址：山西晋城市天官王府。,35.5171735,112.5523333,wgs84
郭峪古城,4A,山西,晋城市,阳城县,山西晋城市郭峪古城,景点景区,国家4A旅游景区。所属地：山西·晋城市·阳城县。地址：山西晋城市郭峪古城。,35.5087203,112.5742169,wgs84
蟒河景区,4A,山西,晋城市,阳城县,山西晋城市蟒河景区,景点景区,国家4A旅游景区。所属地：山西·晋城市·阳城县。地址：山西晋城市蟒河景区。,35.2557855,112.4347464,wgs84
王莽岭景区,4A,山西,晋城市,陵川县,山西晋城市王莽岭景区,景点景区,国家4A旅游景区。所属地：山西·晋城市·陵川县。地址：山西晋城市王莽岭景区。,35.6932216,113.5794894,wgs84
历山景区,4A,山西,晋城市,沁水县,山西晋城市历山景区,景点景区,国家4A旅游景区。所属地：山西·晋城市·沁水县。地址：山西晋城市历山景区。,35.4418474,112.0161398,wgs84
柳氏民居景区,4A,山西,晋城市,沁水县,山西晋城市柳氏民居景区,景点景区,国家4A旅游景区。所属地：山西·晋城市·沁水县。地址：山西晋城市柳氏民居景区。,35.5598484,112.1429683,wgs84
湘峪古堡景区,4A,山西,晋城市,沁水县,山西晋城市湘峪古堡景区,景点景区,国家4A旅游景区。所属地：山西·晋城市·沁水县。地址：山西晋城市湘峪古堡景区。,35.5675354,112.5890315,wgs84
司徒小镇景区,4A,山西,晋城市,城区,山西晋城市司徒小镇景区,景点景区,国家4A旅游景区。所属地：山西·晋城市·城区。地址：山西晋城市司徒小镇景区。,35.5235922,112.8890622,wgs84
海会书院,4A,山西,晋城市,阳城县,山西晋城市海会书院,景点景区,国家4A旅游景区。所属地：山西·晋城市·阳城县。地址：山西晋城市海会书院。,35.5002307,112.5623163,wgs84
洪洞大槐树寻根祭祖园,5A,山西,临汾市,洪洞县,山西临汾市洪洞大槐树寻根祭祖园,景点景区,国家5A旅游景区。所属地：山西·临汾市·洪洞县。地址：山西临汾市洪洞大槐树寻根祭祖园。,36.2710936,111.6691245,wgs84
乡宁县云丘山景区,5A,山西,临汾市,乡宁县,山西临汾市乡宁县云丘山景区,景点景区,国家5A旅游景区。所属地：山西·临汾市·乡宁县。地址：山西临汾市乡宁县云丘山景区。,35.7536302,111.0150989,wgs84
尧庙-华门景区,4A,山西,临汾市,尧都区,山西临汾市尧庙-华门景区,景点景区,国家4A旅游景区。所属地：山西·临汾市·尧都区。地址：山西临汾市尧庙-华门景区。,36.0520662,111.4817210,wgs84
汾河文化生态景区,4A,山西,临汾市,洪洞县,山西临汾市汾河文化生态景区,景点景区,国家4A旅游景区。所属地：山西·临汾市·洪洞县。地址：山西临汾市汾河文化生态景区。,36.3837107,111.6851057,wgs84
古县牡丹文化旅游景区,4A,山西,临汾市,尧都区,山西临汾市古县牡丹文化旅游景区,景点景区,国家4A旅游景区。所属地：山西·临汾市·尧都区。地址：山西临汾市古县牡丹文化旅游景区。,36.0851944,111.4231881,wgs84
黄河壶口瀑布风景名胜区,4A,山西,临汾市,吉县,山西临汾市黄河壶口瀑布风景名胜区,景点景区,国家4A旅游景区。所属地：山西·临汾市·吉县。地址：山西临汾市黄河壶口瀑布风景名胜区。,36.1158406,110.4530866,wgs84
隰县小西天景区,4A,山西,临汾市,隰县,山西临汾市隰县小西天景区,景点景区,国家4A旅游景区。所属地：山西·临汾市·隰县。地址：山西临汾市隰县小西天景区。,36.7006178,110.9282767,wgs84
蒲县柏山东岳庙,4A,山西,临汾市,蒲县,山西临汾市蒲县柏山东岳庙,景点景区,国家4A旅游景区。所属地：山西·临汾市·蒲县。地址：山西临汾市蒲县柏山东岳庙。,36.3913157,111.1072147,wgs84
彭真故居纪念馆,4A,山西,临汾市,侯马市,山西临汾市彭真故居纪念馆,景点景区,国家4A旅游景区。所属地：山西·临汾市·侯马市。地址：山西临汾市彭真故居纪念馆。,35.6011800,111.3501483,wgs84
曲沃晋国博物馆,4A,山西,临汾市,曲沃县,山西临汾市曲沃晋国博物馆,景点景区,国家4A旅游景区。所属地：山西·临汾市·曲沃县。地址：山西临汾市曲沃晋国博物馆。,35.7369101,111.5628740,wgs84
临汾人祖山景区,4A,山西,临汾市,吉县,山西临汾市临汾人祖山景区,景点景区,国家4A旅游景区。所属地：山西·临汾市·吉县。地址：山西临汾市临汾人祖山景区。,36.2812498,110.7960153,wgs84
曲沃晋园景区,4A,山西,临汾市,曲沃县,山西临汾市曲沃晋园景区,景点景区,国家4A旅游景区。所属地：山西·临汾市·曲沃县。地址：山西临汾市曲沃晋园景区。,35.6412094,111.4695361,wgs84
霍太山（广胜）风景名胜区,4A,山西,临汾市,,山西临汾市霍太山（广胜）风景名胜区,景点景区,国家4A旅游景区。所属地：山西·临汾市。地址：山西临汾市霍太山（广胜）风景名胜区。,36.0881102,111.5127384,wgs84
襄汾龙澍峪景区,4A,山西,临汾市,襄汾县,山西临汾市襄汾龙澍峪景区,景点景区,国家4A旅游景区。所属地：山西·临汾市·襄汾县。地址：山西临汾市襄汾龙澍峪景区。,36.0066083,111.2930446,wgs84
永和县黄河乾坤湾景区,4A,山西,临汾市,永和县,山西临汾市永和县黄河乾坤湾景区,景点景区,国家4A旅游景区。所属地：山西·临汾市·永和县。地址：山西临汾市永和县黄河乾坤湾景区。,36.6742224,110.4294847,wgs84
襄汾县荷花小镇旅游景区,4A,山西,临汾市,襄汾县,山西临汾市襄汾县荷花小镇旅游景区,景点景区,国家4A旅游景区。所属地：山西·临汾市·襄汾县。地址：山西临汾市襄汾县荷花小镇旅游景区。,35.9711435,111.4141937,wgs84
解州关帝庙,4A,山西,运城市,盐湖区,山西运城市解州关帝庙,景点景区,国家4A旅游景区。所属地：山西·运城市·盐湖区。地址：山西运城市解州关帝庙。,34.9100109,110.8437896,wgs84
山西省永乐宫壁画艺术博物馆,4A,山西,运城市,芮城县,山西运城市山西省永乐宫壁画艺术博物馆,景点景区,国家4A旅游景区。所属地：山西·运城市·芮城县。地址：山西运城市山西省永乐宫壁画艺术博物馆。,34.7192692,110.6879688,wgs84
李家大院,4A,山西,运城市,万荣县,山西运城市李家大院,景点景区,国家4A旅游景区。所属地：山西·运城市·万荣县。地址：山西运城市李家大院。,35.2899982,110.7187630,wgs84
运城盐湖,4A,山西,运城市,盐湖区,山西运城市运城盐湖,景点景区,国家4A旅游景区。所属地：山西·运城市·盐湖区。地址：山西运城市运城盐湖。,35.0158947,110.9925278,wgs84
历山风景区,4A,山西,运城市,垣曲县,山西运城市历山风景区,景点景区,国家4A旅游景区。所属地：山西·运城市·垣曲县。地址：山西运城市历山风景区。,35.3362330,112.0073184,wgs84
运城市永济鹳雀楼,4A,山西,运城市,永济市,山西运城市运城市永济鹳雀楼,景点景区,国家4A旅游景区。所属地：山西·运城市·永济市。地址：山西运城市运城市永济鹳雀楼。,34.8405748,110.2654158,wgs84
永济五老峰风景名胜区,4A,山西,运城市,永济市,山西运城市永济五老峰风景名胜区,景点景区,国家4A旅游景区。所属地：山西·运城市·永济市。地址：山西运城市永济五老峰风景名胜区。,34.8284773,110.5887220,wgs84
普救寺旅游区,4A,山西,运城市,永济市,山西运城市普救寺旅游区,景点景区,国家4A旅游景区。所属地：山西·运城市·永济市。地址：山西运城市普救寺旅游区。,34.8460556,110.3278172,wgs84
神潭大峡谷,4A,山西,运城市,永济市,山西运城市神潭大峡谷,景点景区,国家4A旅游景区。所属地：山西·运城市·永济市。地址：山西运城市神潭大峡谷。,34.8343464,110.4257060,wgs84
大禹渡黄河风景区,4A,山西,运城市,芮城县,山西运城市大禹渡黄河风景区,景点景区,国家4A旅游景区。所属地：山西·运城市·芮城县。地址：山西运城市大禹渡黄河风景区。,34.6640612,110.7565062,wgs84
圣天湖,4A,山西,运城市,芮城县,山西运城市圣天湖,景点景区,国家4A旅游景区。所属地：山西·运城市·芮城县。地址：山西运城市圣天湖。,34.7043483,110.8987535,wgs84
舜帝陵,4A,山西,运城市,盐湖区,山西运城市舜帝陵,景点景区,国家4A旅游景区。所属地：山西·运城市·盐湖区。地址：山西运城市舜帝陵。,35.1152334,110.9105946,wgs84
夏县司马光祠,4A,山西,运城市,夏县,山西运城市夏县司马光祠,景点景区,国家4A旅游景区。所属地：山西·运城市·夏县。地址：山西运城市夏县司马光祠。,35.1991164,111.1182625,wgs84
黄河大梯子崖,4A,山西,运城市,盐湖区,山西运城市黄河大梯子崖,景点景区,国家4A旅游景区。所属地：山西·运城市·盐湖区。地址：山西运城市黄河大梯子崖。,35.0170259,110.9979805,wgs84
万荣后土祠,4A,山西,运城市,万荣县,山西运城市万荣后土祠,景点景区,国家4A旅游景区。所属地：山西·运城市·万荣县。地址：山西运城市万荣后土祠。,35.4157291,110.8324922,wgs84
望仙大峡谷,4A,山西,运城市,永济市,山西运城市望仙大峡谷,景点景区,国家4A旅游景区。所属地：山西·运城市·永济市。地址：山西运城市望仙大峡谷。,34.8343464,110.4257060,wgs84
昭君博物院,4A,内蒙古,呼和浩特市,玉泉区,内蒙古呼和浩特市昭君博物院,景点景区,国家4A旅游景区。所属地：内蒙古·呼和浩特市·玉泉区。地址：内蒙古呼和浩特市昭君博物院。,40.7066856,111.6769368,wgs84
蒙牛工业旅游景区,4A,内蒙古,呼和浩特市,和林格尔县,内蒙古呼和浩特市蒙牛工业旅游景区,景点景区,国家4A旅游景区。所属地：内蒙古·呼和浩特市·和林格尔县。地址：内蒙古呼和浩特市蒙牛工业旅游景区。,40.4739978,111.7835076,wgs84
伊利・乳都科技示范园,4A,内蒙古,呼和浩特市,土默特左旗,内蒙古呼和浩特市伊利・乳都科技示范园,景点景区,国家4A旅游景区。所属地：内蒙古·呼和浩特市·土默特左旗。地址：内蒙古呼和浩特市伊利・乳都科技示范园。,40.7477354,111.4489718,wgs84
神泉生态旅游景区,4A,内蒙古,呼和浩特市,托克托县,内蒙古呼和浩特市神泉生态旅游景区,景点景区,国家4A旅游景区。所属地：内蒙古·呼和浩特市·托克托县。地址：内蒙古呼和浩特市神泉生态旅游景区。,40.1811785,111.2152852,wgs84
敕勒川草原文化旅游区,4A,内蒙古,呼和浩特市,土默特左旗,内蒙古呼和浩特市敕勒川草原文化旅游区,景点景区,国家4A旅游景区。所属地：内蒙古·呼和浩特市·土默特左旗。地址：内蒙古呼和浩特市敕勒川草原文化旅游区。,40.6395453,110.9636052,wgs84
大青山太伟运动休闲度假村,4A,内蒙古,呼和浩特市,新城区,内蒙古呼和浩特市大青山太伟运动休闲度假村,景点景区,国家4A旅游景区。所属地：内蒙古·呼和浩特市·新城区。地址：内蒙古呼和浩特市大青山太伟运动休闲度假村。,40.9459658,111.8182284,wgs84
内蒙古博物院,4A,内蒙古,呼和浩特市,赛罕区,内蒙古呼和浩特市内蒙古博物院,景点景区,国家4A旅游景区。所属地：内蒙古·呼和浩特市·赛罕区。地址：内蒙古呼和浩特市内蒙古博物院。,40.8290674,111.7031804,wgs84
大召历史文化旅游区,4A,内蒙古,呼和浩特市,玉泉区,内蒙古呼和浩特市大召历史文化旅游区,景点景区,国家4A旅游景区。所属地：内蒙古·呼和浩特市·玉泉区。地址：内蒙古呼和浩特市大召历史文化旅游区。,40.7975470,111.6447825,wgs84
老牛湾黄河大峡谷旅游区,4A,内蒙古,呼和浩特市,清水河县,内蒙古呼和浩特市老牛湾黄河大峡谷旅游区,景点景区,国家4A旅游景区。所属地：内蒙古·呼和浩特市·清水河县。地址：内蒙古呼和浩特市老牛湾黄河大峡谷旅游区。,39.6497234,111.4386722,wgs84
蒙亮民族风情园,4A,内蒙古,呼和浩特市,回民区,内蒙古呼和浩特市蒙亮民族风情园,景点景区,国家4A旅游景区。所属地：内蒙古·呼和浩特市·回民区。地址：内蒙古呼和浩特市蒙亮民族风情园。,40.8208660,111.5745768,wgs84
南山旅游景区,4A,内蒙古,呼和浩特市,回民区,内蒙古呼和浩特市南山旅游景区,景点景区,国家4A旅游景区。所属地：内蒙古·呼和浩特市·回民区。地址：内蒙古呼和浩特市南山旅游景区。,40.8368625,111.6172547,wgs84
乌兰夫纪念馆旅游区,4A,内蒙古,呼和浩特市,土默特左旗,内蒙古呼和浩特市乌兰夫纪念馆旅游区,景点景区,国家4A旅游景区。所属地：内蒙古·呼和浩特市·土默特左旗。地址：内蒙古呼和浩特市乌兰夫纪念馆旅游区。,40.7174035,111.1228883,wgs84
奥威马文化生态旅游区,4A,内蒙古,呼和浩特市,土默特左旗,内蒙古呼和浩特市奥威马文化生态旅游区,景点景区,国家4A旅游景区。所属地：内蒙古·呼和浩特市·土默特左旗。地址：内蒙古呼和浩特市奥威马文化生态旅游区。,40.7639529,111.4467872,wgs84
蒙草·草博园,4A,内蒙古,呼和浩特市,和林格尔县,内蒙古呼和浩特市蒙草·草博园,景点景区,国家4A旅游景区。所属地：内蒙古·呼和浩特市·和林格尔县。地址：内蒙古呼和浩特市蒙草·草博园。,40.4976958,111.8141352,wgs84
内蒙古自治区赛马场,4A,内蒙古,呼和浩特市,新城区,内蒙古呼和浩林市内蒙古自治区赛马场,景点景区,国家4A旅游景区。所属地：内蒙古·呼和浩特市·新城区。地址：内蒙古呼和浩林市内蒙古自治区赛马场。,40.8489501,111.6584049,wgs84
老牛坡红色文化旅游区,4A,内蒙古,呼和浩特市,清水河县,内蒙古呼和浩特市老牛坡红色文化旅游区,景点景区,国家4A旅游景区。所属地：内蒙古·呼和浩特市·清水河县。地址：内蒙古呼和浩特市老牛坡红色文化旅游区。,39.6370124,111.8880047,wgs84
乌兰夫故居红色文化旅游区,4A,内蒙古,呼和浩特市,土默特左旗,内蒙古呼和浩特市乌兰夫故居红色文化旅游区,景点景区,国家4A旅游景区。所属地：内蒙古·呼和浩特市·土默特左旗。地址：内蒙古呼和浩特市乌兰夫故居红色文化旅游区。,40.5665218,111.2485644,wgs84
黄河麦野谷生态休闲旅游区,4A,内蒙古,呼和浩特市,托克托县,内蒙古呼和浩特市黄河麦野谷生态休闲旅游区,景点景区,国家4A旅游景区。所属地：内蒙古·呼和浩特市·托克托县。地址：内蒙古呼和浩特市黄河麦野谷生态休闲旅游区。,40.2137568,111.2268602,wgs84
莫尼山非遗小旗,4A,内蒙古,呼和浩特市,回民区,内蒙古呼和浩特市莫尼山非遗小旗,景点景区,国家4A旅游景区。所属地：内蒙古·呼和浩特市·回民区。地址：内蒙古呼和浩特市莫尼山非遗小旗。,40.9011105,111.5727383,wgs84
包头市土默特右旗敕勒川景区,4A,内蒙古,包头市,土默特右旗,内蒙古包头市包头市土默特右旗敕勒川景区,景点景区,国家4A旅游景区。所属地：内蒙古·包头市·土默特右旗。地址：内蒙古包头市包头市土默特右旗敕勒川景区。,40.5682535,110.5183680,wgs84
包头市石拐区五当召景区,4A,内蒙古,包头市,东河区,内蒙古包头市包头市石拐区五当召景区,景点景区,国家4A旅游景区。所属地：内蒙古·包头市·东河区。地址：内蒙古包头市包头市石拐区五当召景区。,40.5765777,110.0374382,wgs84
包头市固阳县春坤山生态旅游景区,4A,内蒙古,包头市,固阳县,内蒙古包头市包头市固阳县春坤山生态旅游景区,景点景区,国家4A旅游景区。所属地：内蒙古·包头市·固阳县。地址：内蒙古包头市包头市固阳县春坤山生态旅游景区。,41.0248975,110.5906185,wgs84
包头市达尔罕茂明安联合旗百灵那达慕文化旅游区,4A,内蒙古,包头市,达尔罕茂明安联合旗,内蒙古包头市包头市达尔罕茂明安联合旗百灵那达慕文化旅游区,景点景区,国家4A旅游景区。所属地：内蒙古·包头市·达尔罕茂明安联合旗。地址：内蒙古包头市包头市达尔罕茂明安联合旗百灵那达慕文化旅游区。,41.5291998,110.0530476,wgs84
包头市花舞人间旅游景区,4A,内蒙古,包头市,石拐区,内蒙古包头市包头市花舞人间旅游景区,景点景区,国家4A旅游景区。所属地：内蒙古·包头市·石拐区。地址：内蒙古包头市包头市花舞人间旅游景区。,40.6638026,110.0444043,wgs84
包头市东河区南海湿地景区,4A,内蒙古,包头市,东河区,内蒙古包头市包头市东河区南海湿地景区,景点景区,国家4A旅游景区。所属地：内蒙古·包头市·东河区。地址：内蒙古包头市包头市东河区南海湿地景区。,40.5589319,110.0269839,wgs84
包头市土默特右旗美岱召景区,4A,内蒙古,包头市,土默特右旗,内蒙古包头市包头市土默特右旗美岱召景区,景点景区,国家4A旅游景区。所属地：内蒙古·包头市·土默特右旗。地址：内蒙古包头市包头市土默特右旗美岱召景区。,40.6032269,110.7039693,wgs84
包头市青山区北方兵器城景区,4A,内蒙古,包头市,青山区,内蒙古包头市包头市青山区北方兵器城景区,景点景区,国家4A旅游景区。所属地：内蒙古·包头市·青山区。地址：内蒙古包头市包头市青山区北方兵器城景区。,40.6788662,109.8737796,wgs84
包头市九原区梅力更自然生态风景区,4A,内蒙古,包头市,九原区,内蒙古包头市包头市九原区梅力更自然生态风景区,景点景区,国家4A旅游景区。所属地：内蒙古·包头市·九原区。地址：内蒙古包头市包头市九原区梅力更自然生态风景区。,40.6507594,109.4433073,wgs84
包头市达尔罕茂明安联合旗吉穆斯泰旅游区,4A,内蒙古,包头市,达尔罕茂明安联合旗,内蒙古包头市包头市达尔罕茂明安联合旗吉穆斯泰旅游区,景点景区,国家4A旅游景区。所属地：内蒙古·包头市·达尔罕茂明安联合旗。地址：内蒙古包头市包头市达尔罕茂明安联合旗吉穆斯泰旅游区。,41.6968829,110.4263415,wgs84
达茂旗诗画草原旅游景区,4A,内蒙古,包头市,达尔罕茂明安联合旗,内蒙古包头市达茂旗诗画草原旅游景区,景点景区,国家4A旅游景区。所属地：内蒙古·包头市·达尔罕茂明安联合旗。地址：内蒙古包头市达茂旗诗画草原旅游景区。,41.6691967,110.6671976,wgs84
呼和诺尔施游景区,4A,内蒙古,呼伦贝尔市,陈巴尔虎旗,内蒙古呼伦贝尔市呼和诺尔施游景区,景点景区,国家4A旅游景区。所属地：内蒙古·呼伦贝尔市·陈巴尔虎旗。地址：内蒙古呼伦贝尔市呼和诺尔施游景区。,49.1546825,119.3172625,wgs84
世界反法西斯战争海拉尔纪念园,4A,内蒙古,呼伦贝尔市,陈巴尔虎旗,内蒙古呼伦贝尔市世界反法西斯战争海拉尔纪念园,景点景区,国家4A旅游景区。所属地：内蒙古·呼伦贝尔市·陈巴尔虎旗。地址：内蒙古呼伦贝尔市世界反法西斯战争海拉尔纪念园。,49.2487141,119.7126465,wgs84
中国达斡尔民族园,4A,内蒙古,呼伦贝尔市,,内蒙古呼伦贝尔市中国达斡尔民族园,景点景区,国家4A旅游景区。所属地：内蒙古·呼伦贝尔市。地址：内蒙古呼伦贝尔市中国达斡尔民族园。,49.2096300,119.7583900,wgs84
莫尔道嘎国家森林公园,4A,内蒙古,呼伦贝尔市,额尔古纳市,内蒙古呼伦贝尔市莫尔道嘎国家森林公园,景点景区,国家4A旅游景区。所属地：内蒙古·呼伦贝尔市·额尔古纳市。地址：内蒙古呼伦贝尔市莫尔道嘎国家森林公园。,51.3305695,120.6666645,wgs84
金帐汗旅游部落旅游区,4A,内蒙古,呼伦贝尔市,额尔古纳市,内蒙古呼伦贝尔市金帐汗旅游部落旅游区,景点景区,国家4A旅游景区。所属地：内蒙古·呼伦贝尔市·额尔古纳市。地址：内蒙古呼伦贝尔市金帐汗旅游部落旅游区。,50.2087294,119.4749599,wgs84
布苏里北疆军事文化旅游区,4A,内蒙古,呼伦贝尔市,鄂伦春自治旗,内蒙古呼伦贝尔市布苏里北疆军事文化旅游区,景点景区,国家4A旅游景区。所属地：内蒙古·呼伦贝尔市·鄂伦春自治旗。地址：内蒙古呼伦贝尔市布苏里北疆军事文化旅游区。,50.5622462,123.4315841,wgs84
红花尔基樟子松国家森林公园,4A,内蒙古,呼伦贝尔市,鄂温克族自治旗,内蒙古呼伦贝尔市红花尔基樟子松国家森林公园,景点景区,国家4A旅游景区。所属地：内蒙古·呼伦贝尔市·鄂温克族自治旗。地址：内蒙古呼伦贝尔市红花尔基樟子松国家森林公园。,48.2572839,119.9795851,wgs84
巴尔虎蒙古部落,4A,内蒙古,呼伦贝尔市,新巴尔虎左旗,内蒙古呼伦贝尔市巴尔虎蒙古部落,景点景区,国家4A旅游景区。所属地：内蒙古·呼伦贝尔市·新巴尔虎左旗。地址：内蒙古呼伦贝尔市巴尔虎蒙古部落。,49.4456657,118.0121867,wgs84
根河源国家湿地公团,4A,内蒙古,呼伦贝尔市,根河市,内蒙古呼伦贝尔市根河源国家湿地公团,景点景区,国家4A旅游景区。所属地：内蒙古·呼伦贝尔市·根河市。地址：内蒙古呼伦贝尔市根河源国家湿地公团。,50.7790138,121.5134555,wgs84
额尔古纳湿地景区,4A,内蒙古,呼伦贝尔市,额尔古纳市,内蒙古呼伦贝尔市额尔古纳湿地景区,景点景区,国家4A旅游景区。所属地：内蒙古·呼伦贝尔市·额尔古纳市。地址：内蒙古呼伦贝尔市额尔古纳湿地景区。,50.2447207,120.1504616,wgs84
达尔滨湖国家森林公园,4A,内蒙古,呼伦贝尔市,鄂伦春自治旗,内蒙古呼伦贝尔市达尔滨湖国家森林公园,景点景区,国家4A旅游景区。所属地：内蒙古·呼伦贝尔市·鄂伦春自治旗。地址：内蒙古呼伦贝尔市达尔滨湖国家森林公园。,49.4869090,123.1586744,wgs84
诺干湖旅游度假区,4A,内蒙古,呼伦贝尔市,阿荣旗,内蒙古呼伦贝尔市诺干湖旅游度假区,景点景区,国家4A旅游景区。所属地：内蒙古·呼伦贝尔市·阿荣旗。地址：内蒙古呼伦贝尔市诺干湖旅游度假区。,48.6853242,122.7177730,wgs84
白桦林景区,4A,内蒙古,呼伦贝尔市,额尔古纳市,内蒙古呼伦贝尔市白桦林景区,景点景区,国家4A旅游景区。所属地：内蒙古·呼伦贝尔市·额尔古纳市。地址：内蒙古呼伦贝尔市白桦林景区。,50.5442023,120.1350147,wgs84
额尔古纳国家湿地公园,4A,内蒙古,呼伦贝尔市,额尔古纳市,内蒙古呼伦贝尔市额尔古纳国家湿地公园,景点景区,国家4A旅游景区。所属地：内蒙古·呼伦贝尔市·额尔古纳市。地址：内蒙古呼伦贝尔市额尔古纳国家湿地公园。,50.3579209,120.4071333,wgs84
拓跋鲜卑历史文化园,4A,内蒙古,呼伦贝尔市,鄂伦春自治旗,内蒙古呼伦贝尔市拓跋鲜卑历史文化园,景点景区,国家4A旅游景区。所属地：内蒙古·呼伦贝尔市·鄂伦春自治旗。地址：内蒙古呼伦贝尔市拓跋鲜卑历史文化园。,50.6172518,123.6601365,wgs84
额尔古纳市乌兰山景区,4A,内蒙古,呼伦贝尔市,额尔古纳市,内蒙古呼伦贝尔市额尔古纳市乌兰山景区,景点景区,国家4A旅游景区。所属地：内蒙古·呼伦贝尔市·额尔古纳市。地址：内蒙古呼伦贝尔市额尔古纳市乌兰山景区。,50.6209024,119.3828756,wgs84
敖鲁古雅使鹿部落,4A,内蒙古,呼伦贝尔市,根河市,内蒙古呼伦贝尔市敖鲁古雅使鹿部落,景点景区,国家4A旅游景区。所属地：内蒙古·呼伦贝尔市·根河市。地址：内蒙古呼伦贝尔市敖鲁古雅使鹿部落。,52.1598897,122.0716001,wgs84
阿尔山一柴河旅游景区,5A,内蒙古,兴安盟,阿尔山市,内蒙古兴安盟阿尔山一柴河旅游景区,景点景区,国家5A旅游景区。所属地：内蒙古·兴安盟·阿尔山市。地址：内蒙古兴安盟阿尔山一柴河旅游景区。,47.1755643,119.9370123,wgs84
奥伦布坎森林文化旅游区,4A,内蒙古,兴安盟,阿尔山市,内蒙古兴安盟奥伦布坎森林文化旅游区,景点景区,国家4A旅游景区。所属地：内蒙古·兴安盟·阿尔山市。地址：内蒙古兴安盟奥伦布坎森林文化旅游区。,47.2726781,120.2933340,wgs84
阿尔山海神圣泉旅游度假区,4A,内蒙古,兴安盟,阿尔山市,内蒙古兴安曾阿尔山海神圣泉旅游度假区,景点景区,国家4A旅游景区。所属地：内蒙古·兴安盟·阿尔山市。地址：内蒙古兴安曾阿尔山海神圣泉旅游度假区。,47.1656639,119.9406563,wgs84
成吉思汗庙景区,4A,内蒙古,兴安盟,乌兰浩特市,内蒙古兴安盟成吉思汗庙景区,景点景区,国家4A旅游景区。所属地：内蒙古·兴安盟·乌兰浩特市。地址：内蒙古兴安盟成吉思汗庙景区。,46.0912406,122.0526433,wgs84
五角枫生态旅游区,4A,内蒙古,兴安盟,乌兰浩特市,内蒙古兴安盟五角枫生态旅游区,景点景区,国家4A旅游景区。所属地：内蒙古·兴安盟·乌兰浩特市。地址：内蒙古兴安盟五角枫生态旅游区。,46.0784008,122.0813034,wgs84
翰嘎利湖休闲旅游度假区,4A,内蒙古,呼伦贝尔市,阿荣旗,内蒙古兴安置翰嘎利湖休闲旅游度假区,景点景区,国家4A旅游景区。所属地：内蒙古·呼伦贝尔市·阿荣旗。地址：内蒙古兴安置翰嘎利湖休闲旅游度假区。,48.4850507,124.0239567,wgs84
天骄天骏生态旅游度假区,4A,内蒙古,兴安盟,乌兰浩特市,内蒙古兴安盟天骄天骏生态旅游度假区,景点景区,国家4A旅游景区。所属地：内蒙古·兴安盟·乌兰浩特市。地址：内蒙古兴安盟天骄天骏生态旅游度假区。,46.1430787,122.0427123,wgs84
敖包相会可汗山草原旅游区,4A,内蒙古,通辽市,霍林郭勒市,内蒙古通辽市敖包相会可汗山草原旅游区,景点景区,国家4A旅游景区。所属地：内蒙古·通辽市·霍林郭勒市。地址：内蒙古通辽市敖包相会可汗山草原旅游区。,45.5997765,119.5853719,wgs84
通辽市奈曼旗奈曼蒙古王府,4A,内蒙古,通辽市,奈曼旗,内蒙古通辽市通辽市奈曼旗奈曼蒙古王府,景点景区,国家4A旅游景区。所属地：内蒙古·通辽市·奈曼旗。地址：内蒙古通辽市通辽市奈曼旗奈曼蒙古王府。,42.8461820,120.6447419,wgs84
通辽市奈曼旗孟家段湿地旅游区,4A,内蒙古,通辽市,奈曼旗,内蒙古通辽市通辽市奈曼旗孟家段湿地旅游区,景点景区,国家4A旅游景区。所属地：内蒙古·通辽市·奈曼旗。地址：内蒙古通辽市通辽市奈曼旗孟家段湿地旅游区。,42.8433306,120.6569869,wgs84
通辽市奈受旗宝古图沙漠旅游区,4A,内蒙古,通辽市,奈曼旗,内蒙古通辽市通辽市奈受旗宝古图沙漠旅游区,景点景区,国家4A旅游景区。所属地：内蒙古·通辽市·奈曼旗。地址：内蒙古通辽市通辽市奈受旗宝古图沙漠旅游区。,43.1706808,120.6280369,wgs84
通辽大青沟国家级自然保护区,4A,内蒙古,通辽市,科尔沁左翼后旗,内蒙古通辽市通辽大青沟国家级自然保护区,景点景区,国家4A旅游景区。所属地：内蒙古·通辽市·科尔沁左翼后旗。地址：内蒙古通辽市通辽大青沟国家级自然保护区。,42.8044460,122.1712381,wgs84
库伦旗三大寺景区,4A,内蒙古,通辽市,库伦旗,内蒙古通辽市库伦旗三大寺景区,景点景区,国家4A旅游景区。所属地：内蒙古·通辽市·库伦旗。地址：内蒙古通辽市库伦旗三大寺景区。,42.7282062,121.7714222,wgs84
通辽市科左中旗孝庄园旅游区,4A,内蒙古,通辽市,科尔沁左翼中旗,内蒙古通辽市通辽市科左中旗孝庄园旅游区,景点景区,国家4A旅游景区。所属地：内蒙古·通辽市·科尔沁左翼中旗。地址：内蒙古通辽市通辽市科左中旗孝庄园旅游区。,43.9402333,121.9494164,wgs84
通辽市哈民考古遗址公园,4A,内蒙古,通辽市,科尔沁左翼中旗,内蒙古通辽市通辽市哈民考古遗址公园,景点景区,国家4A旅游景区。所属地：内蒙古·通辽市·科尔沁左翼中旗。地址：内蒙古通辽市通辽市哈民考古遗址公园。,43.9814894,122.2164566,wgs84
阿斯哈图石林景区,5A,内蒙古,赤峰市,克什克腾旗,内蒙古赤峰市阿斯哈图石林景区,景点景区,国家5A旅游景区。所属地：内蒙古·赤峰市·克什克腾旗。地址：内蒙古赤峰市阿斯哈图石林景区。,43.9331476,117.5131606,wgs84
喀喇沁亲王府,4A,内蒙古,赤峰市,喀喇沁旗,内蒙古赤峰市喀喇沁亲王府,景点景区,国家4A旅游景区。所属地：内蒙古·赤峰市·喀喇沁旗。地址：内蒙古赤峰市喀喇沁亲王府。,41.8378797,118.5011239,wgs84
达里湖旅游区,4A,内蒙古,赤峰市,松山区,内蒙古赤峰市达里湖旅游区,景点景区,国家4A旅游景区。所属地：内蒙古·赤峰市·松山区。地址：内蒙古赤峰市达里湖旅游区。,42.2497636,118.8832798,wgs84
美林谷滑雪场,4A,内蒙古,赤峰市,喀喇沁旗,内蒙古赤峰市美林谷滑雪场,景点景区,国家4A旅游景区。所属地：内蒙古·赤峰市·喀喇沁旗。地址：内蒙古赤峰市美林谷滑雪场。,41.6780249,118.2390072,wgs84
敖汉温泉城,4A,内蒙古,赤峰市,敖汉旗,内蒙古赤峰市敖汉温泉城,景点景区,国家4A旅游景区。所属地：内蒙古·赤峰市·敖汉旗。地址：内蒙古赤峰市敖汉温泉城。,41.9323745,119.9844532,wgs84
道须沟生态旅游区,4A,内蒙古,赤峰市,宁城县,内蒙古赤峰市道须沟生态旅游区,景点景区,国家4A旅游景区。所属地：内蒙古·赤峰市·宁城县。地址：内蒙古赤峰市道须沟生态旅游区。,41.4528017,118.3322098,wgs84
玉龙沙湖旅游区,4A,内蒙古,赤峰市,翁牛特旗,内蒙古赤峰市玉龙沙湖旅游区,景点景区,国家4A旅游景区。所属地：内蒙古·赤峰市·翁牛特旗。地址：内蒙古赤峰市玉龙沙湖旅游区。,43.1281748,119.0666729,wgs84
召庙景区,4A,内蒙古,赤峰市,巴林左旗,内蒙古赤峰市召庙景区,景点景区,国家4A旅游景区。所属地：内蒙古·赤峰市·巴林左旗。地址：内蒙古赤峰市召庙景区。,43.8485744,119.3565340,wgs84
紫蒙湖景区,4A,内蒙古,赤峰市,宁城县,内蒙古赤峰市紫蒙湖景区,景点景区,国家4A旅游景区。所属地：内蒙古·赤峰市·宁城县。地址：内蒙古赤峰市紫蒙湖景区。,41.3972095,118.6360189,wgs84
赤峰博物馆,4A,内蒙古,赤峰市,松山区,内蒙古赤峰市赤峰博物馆,景点景区,国家4A旅游景区。所属地：内蒙古·赤峰市·松山区。地址：内蒙古赤峰市赤峰博物馆。,42.2455181,118.8942810,wgs84
锡林郭勒盟锡林浩特市贝子庙旅游景区贝子庙,4A,内蒙古,锡林郭勒盟,锡林浩特市,内蒙古锡林郭勒盟锡林郭勒盟锡林浩特市贝子庙旅游景区贝子庙,景点景区,国家4A旅游景区。所属地：内蒙古·锡林郭勒盟·锡林浩特市。地址：内蒙古锡林郭勒盟锡林郭勒盟锡林浩特市贝子庙旅游景区贝子庙。,43.9481090,116.0635839,wgs84
锡林郭勒盟西乌珠穆沁旗蒙古汗城旅游景区,4A,内蒙古,锡林郭勒盟,西乌珠穆沁旗,内蒙古锡林郭勃盟锡林郭勒盟西乌珠穆沁旗蒙古汗城旅游景区,景点景区,国家4A旅游景区。所属地：内蒙古·锡林郭勒盟·西乌珠穆沁旗。地址：内蒙古锡林郭勃盟锡林郭勒盟西乌珠穆沁旗蒙古汗城旅游景区。,44.4578495,117.6556161,wgs84
锡林郭勒盟太仆寺旗御马苑旅游景区,4A,内蒙古,锡林郭勒盟,太仆寺旗,内蒙古锡林郭勒盟锡林郭勒盟太仆寺旗御马苑旅游景区,景点景区,国家4A旅游景区。所属地：内蒙古·锡林郭勒盟·太仆寺旗。地址：内蒙古锡林郭勒盟锡林郭勒盟太仆寺旗御马苑旅游景区。,41.7012948,115.1586878,wgs84
锡林郭勒盟西乌珠穆沁旗乌兰五台旅游景区,4A,内蒙古,锡林郭勒盟,西乌珠穆沁旗,内蒙古锡林郭勒盟锡林郭勒盟西乌珠穆沁旗乌兰五台旅游景区,景点景区,国家4A旅游景区。所属地：内蒙古·锡林郭勒盟·西乌珠穆沁旗。地址：内蒙古锡林郭勒盟锡林郭勒盟西乌珠穆沁旗乌兰五台旅游景区。,44.2671983,116.9782643,wgs84
中国马都核心区文化生态旅游区,4A,内蒙古,锡林郭勒盟,锡林浩特市,内蒙古保林郭勒盟中国马都核心区文化生态旅游区,景点景区,国家4A旅游景区。所属地：内蒙古·锡林郭勒盟·锡林浩特市。地址：内蒙古保林郭勒盟中国马都核心区文化生态旅游区。,43.9030903,116.0856765,wgs84
锡林郭勒盟元上都遗址旅游区,4A,内蒙古,锡林郭勒盟,正蓝旗,内蒙古锡林郭勒盟锡林郭勒盟元上都遗址旅游区,景点景区,国家4A旅游景区。所属地：内蒙古·锡林郭勒盟·正蓝旗。地址：内蒙古锡林郭勒盟锡林郭勒盟元上都遗址旅游区。,42.3564028,116.1826606,wgs84
乌拉盖九曲弯景区,4A,内蒙古,锡林郭勒盟,苏尼特右旗,内蒙古偈林郭勤蹙乌拉盖九曲弯景区,景点景区,国家4A旅游景区。所属地：内蒙古·锡林郭勒盟·苏尼特右旗。地址：内蒙古偈林郭勤蹙乌拉盖九曲弯景区。,42.7975379,114.0847788,wgs84
多伦湖景区,4A,内蒙古,锡林郭勒盟,多伦县,内蒙古锡林郭勒盟多伦湖景区,景点景区,国家4A旅游景区。所属地：内蒙古·锡林郭勒盟·多伦县。地址：内蒙古锡林郭勒盟多伦湖景区。,42.1967453,116.6550163,wgs84
乌拉盖布林泉景区,4A,内蒙古,锡林郭勒盟,东乌珠穆沁旗,内蒙古锡林郭勒显乌拉盖布林泉景区,景点景区,国家4A旅游景区。所属地：内蒙古·锡林郭勒盟·东乌珠穆沁旗。地址：内蒙古锡林郭勒显乌拉盖布林泉景区。,45.7187132,118.8249136,wgs84
乌拉盖野狼谷景区,4A,内蒙古,锡林郭勒盟,东乌珠穆沁旗,内蒙古锡林郭勒盟乌拉盖野狼谷景区,景点景区,国家4A旅游景区。所属地：内蒙古·锡林郭勒盟·东乌珠穆沁旗。地址：内蒙古锡林郭勒盟乌拉盖野狼谷景区。,45.7187132,118.8249136,wgs84
集宁战役红色纪念园,4A,内蒙古,乌兰察布市,集宁区,内蒙古乌兰察布市集宁战役红色纪念园,景点景区,国家4A旅游景区。所属地：内蒙古·乌兰察布市·集宁区。地址：内蒙古乌兰察布市集宁战役红色纪念园。,41.0170990,113.1082925,wgs84
辉腾锡勒黄花沟草原旅游区,4A,内蒙古,乌兰察布市,察哈尔右翼中旗,内蒙古4兰察布市辉腾锡勒黄花沟草原旅游区,景点景区,国家4A旅游景区。所属地：内蒙古·乌兰察布市·察哈尔右翼中旗。地址：内蒙古4兰察布市辉腾锡勒黄花沟草原旅游区。,41.1281325,112.5313140,wgs84
格根塔拉草原旅游中心,4A,内蒙古,乌兰察布市,四子王旗,内蒙古乌兰察布市格根塔拉草原旅游中心,景点景区,国家4A旅游景区。所属地：内蒙古·乌兰察布市·四子王旗。地址：内蒙古乌兰察布市格根塔拉草原旅游中心。,41.7785626,111.8440379,wgs84
京能岱海游度假区,4A,内蒙古,乌兰察布市,凉城县,内蒙古乌兰察布市京能岱海游度假区,景点景区,国家4A旅游景区。所属地：内蒙古·乌兰察布市·凉城县。地址：内蒙古乌兰察布市京能岱海游度假区。,40.6570082,112.6810852,wgs84
岱海旅游度假区,4A,内蒙古,乌兰察布市,凉城县,内蒙古乌兰察布市岱海旅游度假区,景点景区,国家4A旅游景区。所属地：内蒙古·乌兰察布市·凉城县。地址：内蒙古乌兰察布市岱海旅游度假区。,40.6056556,112.6562767,wgs84
岱海国际滑雪场,4A,内蒙古,乌兰察布市,凉城县,内蒙古乌兰察布市岱海国际滑雪场,景点景区,国家4A旅游景区。所属地：内蒙古·乌兰察布市·凉城县。地址：内蒙古乌兰察布市岱海国际滑雪场。,40.6639849,112.5493817,wgs84
红召九龙湾生态旅游区,4A,内蒙古,乌兰察布市,兴和县,内蒙古乌兰察布市红召九龙湾生态旅游区,景点景区,国家4A旅游景区。所属地：内蒙古·乌兰察布市·兴和县。地址：内蒙古乌兰察布市红召九龙湾生态旅游区。,40.8599723,114.0396859,wgs84
林胡古塞旅游区,4A,内蒙古,乌兰察布市,卓资县,内蒙古乌兰察布市林胡古塞旅游区,景点景区,国家4A旅游景区。所属地：内蒙古·乌兰察布市·卓资县。地址：内蒙古乌兰察布市林胡古塞旅游区。,40.7726899,112.3176916,wgs84
察尔湖旅游区,4A,内蒙古,乌兰察布市,兴和县,内蒙古乌兰察布市察尔湖旅游区,景点景区,国家4A旅游景区。所属地：内蒙古·乌兰察布市·兴和县。地址：内蒙古乌兰察布市察尔湖旅游区。,40.8605052,114.0355087,wgs84
苏木山旅游区,4A,内蒙古,乌兰察布市,兴和县,内蒙古乌兰察布市苏木山旅游区,景点景区,国家4A旅游景区。所属地：内蒙古·乌兰察布市·兴和县。地址：内蒙古乌兰察布市苏木山旅游区。,40.5805057,113.7838704,wgs84
响沙湾旅游景区,5A,内蒙古,鄂尔多斯市,达拉特旗,内蒙古鄂尔多斯市响沙湾旅游景区,景点景区,国家5A旅游景区。所属地：内蒙古·鄂尔多斯市·达拉特旗。地址：内蒙古鄂尔多斯市响沙湾旅游景区。,40.2430789,109.9504222,wgs84
成吉思汗陵陵游区,5A,内蒙古,鄂尔多斯市,伊金霍洛旗,内蒙古鄂尔多斯市成吉思汗陵陵游区,景点景区,国家5A旅游景区。所属地：内蒙古·鄂尔多斯市·伊金霍洛旗。地址：内蒙古鄂尔多斯市成吉思汗陵陵游区。,39.3696927,109.7804506,wgs84
蒙根花万通生态旅游区,4A,内蒙古,鄂尔多斯市,达拉特旗,内蒙古跻尔多斯市蒙根花万通生态旅游区,景点景区,国家4A旅游景区。所属地：内蒙古·鄂尔多斯市·达拉特旗。地址：内蒙古跻尔多斯市蒙根花万通生态旅游区。,40.3073056,110.4626107,wgs84
银肯塔拉沙漠绿洲自然生态旅游区,4A,内蒙古,鄂尔多斯市,东胜区,内蒙古鄂尔多斯市银肯塔拉沙漠绿洲自然生态旅游区,景点景区,国家4A旅游景区。所属地：内蒙古·鄂尔多斯市·东胜区。地址：内蒙古鄂尔多斯市银肯塔拉沙漠绿洲自然生态旅游区。,39.8056838,109.3293074,wgs84
恩格贝旅游区,4A,内蒙古,鄂尔多斯市,达拉特旗,内蒙古鄂尔多斯市恩格贝旅游区,景点景区,国家4A旅游景区。所属地：内蒙古·鄂尔多斯市·达拉特旗。地址：内蒙古鄂尔多斯市恩格贝旅游区。,40.3918135,109.4337419,wgs84
碧海阳光温泉旅游区,4A,内蒙古,兴安盟,阿尔山市,内蒙古辄尔多斯市碧海阳光温泉旅游区,景点景区,国家4A旅游景区。所属地：内蒙古·兴安盟·阿尔山市。地址：内蒙古辄尔多斯市碧海阳光温泉旅游区。,47.2937029,120.4190172,wgs84
布龙湖温泉度假区,4A,内蒙古,鄂尔多斯市,鄂托克旗,内蒙古鄂尔多斯市布龙湖温泉度假区,景点景区,国家4A旅游景区。所属地：内蒙古·鄂尔多斯市·鄂托克旗。地址：内蒙古鄂尔多斯市布龙湖温泉度假区。,38.9279989,107.5120118,wgs84
鄂尔多斯草原旅游区,4A,内蒙古,鄂尔多斯市,杭锦旗,内蒙古郛尔多斯市鄂尔多斯草原旅游区,景点景区,国家4A旅游景区。所属地：内蒙古·鄂尔多斯市·杭锦旗。地址：内蒙古郛尔多斯市鄂尔多斯草原旅游区。,39.8124268,108.6185849,wgs84
三盛公水利风景区,4A,内蒙古,鄂尔多斯市,,内蒙古鄂尔多斯市三盛公水利风景区,景点景区,国家4A旅游景区。所属地：内蒙古·鄂尔多斯市。地址：内蒙古鄂尔多斯市三盛公水利风景区。,39.6072426,109.7756073,wgs84
七星湖旅游区,4A,内蒙古,鄂尔多斯市,杭锦旗,内蒙古鄂尔多斯市七星湖旅游区,景点景区,国家4A旅游景区。所属地：内蒙古·鄂尔多斯市·杭锦旗。地址：内蒙古鄂尔多斯市七星湖旅游区。,40.7152191,108.3893084,wgs84
萨拉乌苏旅游区,4A,内蒙古,鄂尔多斯市,乌审旗,内蒙古鄂尔多斯市萨拉乌苏旅游区,景点景区,国家4A旅游景区。所属地：内蒙古·鄂尔多斯市·乌审旗。地址：内蒙古鄂尔多斯市萨拉乌苏旅游区。,37.9774754,108.7793899,wgs84
成吉思汗察罕苏力德游牧生态旅游区,4A,内蒙古,呼和浩特市,土默特左旗,内蒙古第尔多斯市成吉思汗察罕苏力德游牧生态旅游区,景点景区,国家4A旅游景区。所属地：内蒙古·呼和浩特市·土默特左旗。地址：内蒙古第尔多斯市成吉思汗察罕苏力德游牧生态旅游区。,40.7639529,111.4467872,wgs84
康巴什旅游区,4A,内蒙古,鄂尔多斯市,康巴什区,内蒙古鄂尔多斯市康巴什旅游区,景点景区,国家4A旅游景区。所属地：内蒙古·鄂尔多斯市·康巴什区。地址：内蒙古鄂尔多斯市康巴什旅游区。,39.6035672,109.8065900,wgs84
苏泊罕草原旅游景区,4A,内蒙古,鄂尔多斯市,达拉特旗,内蒙古鄂尔多斯市苏泊罕草原旅游景区,景点景区,国家4A旅游景区。所属地：内蒙古·鄂尔多斯市·达拉特旗。地址：内蒙古鄂尔多斯市苏泊罕草原旅游景区。,40.1815687,110.0477846,wgs84
鄂尔多斯文化产业园景区,4A,内蒙古,鄂尔多斯市,伊金霍洛旗,内蒙古鄂尔多斯市鄂尔多斯文化产业园景区,景点景区,国家4A旅游景区。所属地：内蒙古·鄂尔多斯市·伊金霍洛旗。地址：内蒙古鄂尔多斯市鄂尔多斯文化产业园景区。,39.5929713,109.7378226,wgs84
颐和生态文化博览园,4A,内蒙古,鄂尔多斯市,鄂托克前旗,内蒙古鄂尔多斯市颐和生态文化博览园,景点景区,国家4A旅游景区。所属地：内蒙古·鄂尔多斯市·鄂托克前旗。地址：内蒙古鄂尔多斯市颐和生态文化博览园。,38.2198056,106.9653392,wgs84
准格尔召旅游区,4A,内蒙古,鄂尔多斯市,准格尔旗,内蒙古鄂尔多斯市准格尔召旅游区,景点景区,国家4A旅游景区。所属地：内蒙古·鄂尔多斯市·准格尔旗。地址：内蒙古鄂尔多斯市准格尔召旅游区。,39.5981425,110.1449476,wgs84
油松王孤游区,4A,内蒙古,鄂尔多斯市,,内蒙古鄂尔多斯市油松王孤游区,景点景区,国家4A旅游景区。所属地：内蒙古·鄂尔多斯市。地址：内蒙古鄂尔多斯市油松王孤游区。,39.6072426,109.7756073,wgs84
水镜湖休闲度假旅游区,4A,内蒙古,鄂尔多斯市,准格尔旗,内蒙古鄂尔多斯市水镜湖休闲度假旅游区,景点景区,国家4A旅游景区。所属地：内蒙古·鄂尔多斯市·准格尔旗。地址：内蒙古鄂尔多斯市水镜湖休闲度假旅游区。,40.0631867,110.6453531,wgs84
准格尔黄河大峡谷旅游区,4A,内蒙古,鄂尔多斯市,准格尔旗,内蒙古鄂尔多斯市准格尔黄河大峡谷旅游区,景点景区,国家4A旅游景区。所属地：内蒙古·鄂尔多斯市·准格尔旗。地址：内蒙古鄂尔多斯市准格尔黄河大峡谷旅游区。,39.6117146,111.4529681,wgs84
大沙头生态文化旅游区,4A,内蒙古,鄂尔多斯市,鄂托克前旗,内蒙古密尔多斯市大沙头生态文化旅游区,景点景区,国家4A旅游景区。所属地：内蒙古·鄂尔多斯市·鄂托克前旗。地址：内蒙古密尔多斯市大沙头生态文化旅游区。,38.1565825,107.4406667,wgs84
城川红色文化旅游区,4A,内蒙古,鄂尔多斯市,鄂托克前旗,内蒙古鄂尔多斯市城川红色文化旅游区,景点景区,国家4A旅游景区。所属地：内蒙古·鄂尔多斯市·鄂托克前旗。地址：内蒙古鄂尔多斯市城川红色文化旅游区。,37.7105948,108.2816405,wgs84
马兰花草原旅游景区,4A,内蒙古,鄂尔多斯市,杭锦旗,内蒙古鄂尔多斯市马兰花草原旅游景区,景点景区,国家4A旅游景区。所属地：内蒙古·鄂尔多斯市·杭锦旗。地址：内蒙古鄂尔多斯市马兰花草原旅游景区。,39.8113627,108.6230521,wgs84
九城宫草原漫瀚文化旅游区,4A,内蒙古,鄂尔多斯市,鄂托克前旗,内蒙古鄂尔多斯市九城宫草原漫瀚文化旅游区,景点景区,国家4A旅游景区。所属地：内蒙古·鄂尔多斯市·鄂托克前旗。地址：内蒙古鄂尔多斯市九城宫草原漫瀚文化旅游区。,38.2213129,106.9637176,wgs84
东联动漫城,4A,内蒙古,鄂尔多斯市,东胜区,内蒙古鄂尔多斯市东联动漫城,景点景区,国家4A旅游景区。所属地：内蒙古·鄂尔多斯市·东胜区。地址：内蒙古鄂尔多斯市东联动漫城。,39.8478551,109.7061592,wgs84
鄂尔多斯野生动物园,4A,内蒙古,鄂尔多斯市,东胜区,内蒙古鄂尔多斯市鄂尔多斯野生动物园,景点景区,国家4A旅游景区。所属地：内蒙古·鄂尔多斯市·东胜区。地址：内蒙古鄂尔多斯市鄂尔多斯野生动物园。,39.8380842,109.8851468,wgs84
万家惠欢乐世界游乐园,4A,内蒙古,鄂尔多斯市,杭锦旗,内蒙古鄂尔多斯市万家惠欢乐世界游乐园,景点景区,国家4A旅游景区。所属地：内蒙古·鄂尔多斯市·杭锦旗。地址：内蒙古鄂尔多斯市万家惠欢乐世界游乐园。,39.8332021,108.7305622,wgs84
鄂尔多斯羊绒工业旅游区,4A,内蒙古,鄂尔多斯市,达拉特旗,内蒙古郛尔多斯市鄂尔多斯羊绒工业旅游区,景点景区,国家4A旅游景区。所属地：内蒙古·鄂尔多斯市·达拉特旗。地址：内蒙古郛尔多斯市鄂尔多斯羊绒工业旅游区。,40.4075421,110.0208759,wgs84
鄂尔多斯草原丝路文化景区,4A,内蒙古,鄂尔多斯市,杭锦旗,内蒙古鄂尔多斯市鄂尔多斯草原丝路文化景区,景点景区,国家4A旅游景区。所属地：内蒙古·鄂尔多斯市·杭锦旗。地址：内蒙古鄂尔多斯市鄂尔多斯草原丝路文化景区。,39.8124268,108.6185849,wgs84
鄂尔多斯赛车小镇文化旅游区,4A,内蒙古,鄂尔多斯市,鄂托克前旗,内蒙古鄂尔多斯市鄂尔多斯赛车小镇文化旅游区,景点景区,国家4A旅游景区。所属地：内蒙古·鄂尔多斯市·鄂托克前旗。地址：内蒙古鄂尔多斯市鄂尔多斯赛车小镇文化旅游区。,38.1562739,107.4403131,wgs84
纳林湖生态旅游区,4A,内蒙古,阿拉善盟,阿拉善左旗,内蒙古巴彦淳尔市纳林湖生态旅游区,景点景区,国家4A旅游景区。所属地：内蒙古·阿拉善盟·阿拉善左旗。地址：内蒙古巴彦淳尔市纳林湖生态旅游区。,40.5393777,106.3360802,wgs84
黄河河套文化旅游区,4A,内蒙古,巴彦淖尔市,临河区,内蒙古巴彦淖尔市黄河河套文化旅游区,景点景区,国家4A旅游景区。所属地：内蒙古·巴彦淖尔市·临河区。地址：内蒙古巴彦淖尔市黄河河套文化旅游区。,40.7241530,107.3839401,wgs84
黄河三盛公国家水利风景区,4A,内蒙古,鄂尔多斯市,杭锦旗,内蒙古巴彦淖尔市黄河三盛公国家水利风景区,景点景区,国家4A旅游景区。所属地：内蒙古·鄂尔多斯市·杭锦旗。地址：内蒙古巴彦淖尔市黄河三盛公国家水利风景区。,40.2985949,107.0363620,wgs84
河套酒业工业旅游区,4A,内蒙古,鄂尔多斯市,达拉特旗,内蒙古巴唐淖尔市河套酒业工业旅游区,景点景区,国家4A旅游景区。所属地：内蒙古·鄂尔多斯市·达拉特旗。地址：内蒙古巴唐淖尔市河套酒业工业旅游区。,40.4037893,110.0060373,wgs84
河套农耕文化博览园,4A,内蒙古,巴彦淖尔市,,内蒙古巴彦淖尔市河套农耕文化博览园,景点景区,国家4A旅游景区。所属地：内蒙古·巴彦淖尔市。地址：内蒙古巴彦淖尔市河套农耕文化博览园。,40.7417707,107.3820708,wgs84
内蒙古五原抗战纪念园,4A,内蒙古,巴彦淖尔市,五原县,内蒙古巴彦淖尔市内蒙古五原抗战纪念园,景点景区,国家4A旅游景区。所属地：内蒙古·巴彦淖尔市·五原县。地址：内蒙古巴彦淖尔市内蒙古五原抗战纪念园。,41.0868510,108.2622736,wgs84
金沙湾生态旅游景区,4A,内蒙古,乌海市,海勃湾区,内蒙古乌海市金沙湾生态旅游景区,景点景区,国家4A旅游景区。所属地：内蒙古·乌海市·海勃湾区。地址：内蒙古乌海市金沙湾生态旅游景区。,39.7632747,106.8575553,wgs84
乌海市蒙根花生态休闲区,4A,内蒙古,乌海市,,内蒙古岛海市乌海市蒙根花生态休闲区,景点景区,国家4A旅游景区。所属地：内蒙古·乌海市。地址：内蒙古岛海市乌海市蒙根花生态休闲区。,39.6544390,106.7894841,wgs84
阳光田宇国际酒庄,4A,内蒙古,乌海市,海勃湾区,内蒙古乌海市阳光田宇国际酒庄,景点景区,国家4A旅游景区。所属地：内蒙古·乌海市·海勃湾区。地址：内蒙古乌海市阳光田宇国际酒庄。,39.6827523,106.8127555,wgs84
当代中国书法艺术馆景区,4A,内蒙古,乌海市,海勃湾区,内蒙古乌海市当代中国书法艺术馆景区,景点景区,国家4A旅游景区。所属地：内蒙古·乌海市·海勃湾区。地址：内蒙古乌海市当代中国书法艺术馆景区。,39.6541732,106.7839476,wgs84
乌海湖休闲度假旅游区,4A,内蒙古,乌海市,海勃湾区,内蒙古乌海市乌海湖休闲度假旅游区,景点景区,国家4A旅游景区。所属地：内蒙古·乌海市·海勃湾区。地址：内蒙古乌海市乌海湖休闲度假旅游区。,39.6585896,106.7743000,wgs84
胡杨林景区,5A,内蒙古,阿拉善盟,额济纳旗,内蒙古阿拉善曾胡杨林景区,景点景区,国家5A旅游景区。所属地：内蒙古·阿拉善盟·额济纳旗。地址：内蒙古阿拉善曾胡杨林景区。,41.9599331,101.0811401,wgs84
阿拉善左旗贺兰山广宗寺景区,4A,内蒙古,阿拉善盟,阿拉善左旗,内蒙古阿拉普望阿拉善左旗贺兰山广宗寺景区,景点景区,国家4A旅游景区。所属地：内蒙古·阿拉善盟·阿拉善左旗。地址：内蒙古阿拉普望阿拉善左旗贺兰山广宗寺景区。,38.4498128,105.8426518,wgs84
阿拉善左旗腾格里沙漠月亮湖景区,4A,内蒙古,阿拉善盟,阿拉善左旗,内蒙古阿拉普望阿拉善左旗腾格里沙漠月亮湖景区,景点景区,国家4A旅游景区。所属地：内蒙古·阿拉善盟·阿拉善左旗。地址：内蒙古阿拉普望阿拉善左旗腾格里沙漠月亮湖景区。,38.4632480,105.1538762,wgs84
阿拉善左旗腾格里沙漠天鹅湖旅游风景区,4A,内蒙古,阿拉善盟,阿拉善左旗,内蒙古阿拉善饕阿拉善左旗腾格里沙漠天鹅湖旅游风景区,景点景区,国家4A旅游景区。所属地：内蒙古·阿拉善盟·阿拉善左旗。地址：内蒙古阿拉善饕阿拉善左旗腾格里沙漠天鹅湖旅游风景区。,38.7683050,105.3724197,wgs84
阿拉善左旗福因寺（北寺）旅游区,4A,内蒙古,阿拉善盟,阿拉善左旗,内蒙古阿拉善望阿拉善左旗福因寺（北寺）旅游区,景点景区,国家4A旅游景区。所属地：内蒙古·阿拉善盟·阿拉善左旗。地址：内蒙古阿拉善望阿拉善左旗福因寺（北寺）旅游区。,38.9784847,105.9034923,wgs84
阿拉善左旗梦想沙漠汽车航天乐园景区,4A,内蒙古,阿拉善盟,阿拉善左旗,内蒙古阿拉善盟阿拉善左旗梦想沙漠汽车航天乐园景区,景点景区,国家4A旅游景区。所属地：内蒙古·阿拉善盟·阿拉善左旗。地址：内蒙古阿拉善盟阿拉善左旗梦想沙漠汽车航天乐园景区。,38.8329615,105.6621928,wgs84
阿拉善左旗定远营古城景区,4A,内蒙古,阿拉善盟,阿拉善左旗,内蒙古阿拉善盟阿拉善左旗定远营古城景区,景点景区,国家4A旅游景区。所属地：内蒙古·阿拉善盟·阿拉善左旗。地址：内蒙古阿拉善盟阿拉善左旗定远营古城景区。,38.8329615,105.6621928,wgs84
阿拉善左旗通湖草原旅游区,4A,内蒙古,阿拉善盟,阿拉善左旗,内蒙古阿拉普曾阿拉善左旗通湖草原旅游区,景点景区,国家4A旅游景区。所属地：内蒙古·阿拉善盟·阿拉善左旗。地址：内蒙古阿拉普曾阿拉善左旗通湖草原旅游区。,37.5945010,104.9582828,wgs84
阿拉善左旗金沙堡地生态旅游区,4A,内蒙古,阿拉善盟,阿拉善左旗,内蒙古阿拉普盟阿拉善左旗金沙堡地生态旅游区,景点景区,国家4A旅游景区。所属地：内蒙古·阿拉善盟·阿拉善左旗。地址：内蒙古阿拉普盟阿拉善左旗金沙堡地生态旅游区。,39.6446488,106.6727584,wgs84
阿拉善右旗巴丹吉林沙漠景区,4A,内蒙古,阿拉善盟,阿拉善右旗,内蒙古阿技善盟阿拉善右旗巴丹吉林沙漠景区,景点景区,国家4A旅游景区。所属地：内蒙古·阿拉善盟·阿拉善右旗。地址：内蒙古阿技善盟阿拉善右旗巴丹吉林沙漠景区。,40.3269834,101.9728062,wgs84
额济纳旗大漠胡杨景区,4A,内蒙古,阿拉善盟,额济纳旗,内蒙古阿拉善置额济纳旗大漠胡杨景区,景点景区,国家4A旅游景区。所属地：内蒙古·阿拉善盟·额济纳旗。地址：内蒙古阿拉善置额济纳旗大漠胡杨景区。,41.9263379,101.0471554,wgs84
额济纳旗黑城弱水胡杨风景区,4A,内蒙古,阿拉善盟,额济纳旗,内蒙古阿拉善宣额济纳旗黑城弱水胡杨风景区,景点景区,国家4A旅游景区。所属地：内蒙古·阿拉善盟·额济纳旗。地址：内蒙古阿拉善宣额济纳旗黑城弱水胡杨风景区。,41.9524956,101.0533836,wgs84
额济纳旗东风航天城景区,4A,内蒙古,阿拉善盟,额济纳旗,内蒙古阿拉善望额济纳旗东风航天城景区,景点景区,国家4A旅游景区。所属地：内蒙古·阿拉善盟·额济纳旗。地址：内蒙古阿拉善望额济纳旗东风航天城景区。,41.9599331,101.0811401,wgs84
额济纳旗居延海景区,4A,内蒙古,阿拉善盟,额济纳旗,内蒙古阿拉善宣额济纳旗居延海景区,景点景区,国家4A旅游景区。所属地：内蒙古·阿拉善盟·额济纳旗。地址：内蒙古阿拉善宣额济纳旗居延海景区。,41.9524808,101.0569641,wgs84
满洲里市中俄边境旅游区,5A,内蒙古,呼伦贝尔市,满洲里市,内蒙古满洲里市满洲里市中俄边境旅游区,景点景区,国家5A旅游景区。所属地：内蒙古·呼伦贝尔市·满洲里市。地址：内蒙古满洲里市满洲里市中俄边境旅游区。,49.6115139,117.3862293,wgs84
满洲里市扎赉诺尔猛犸旅游区,4A,内蒙古,呼伦贝尔市,扎赉诺尔区,内蒙古满洲里市满洲里市扎赉诺尔猛犸旅游区,景点景区,国家4A旅游景区。所属地：内蒙古·呼伦贝尔市·扎赉诺尔区。地址：内蒙古满洲里市满洲里市扎赉诺尔猛犸旅游区。,49.4966676,117.6699763,wgs84
二连浩特市国门旅游景区,4A,内蒙古,锡林郭勒盟,二连浩特市,内蒙古二连浩特市二连浩特市国门旅游景区,景点景区,国家4A旅游景区。所属地：内蒙古·锡林郭勒盟·二连浩特市。地址：内蒙古二连浩特市二连浩特市国门旅游景区。,43.6511605,111.9707530,wgs84
二连浩特市国家地质公园景区,4A,内蒙古,锡林郭勒盟,二连浩特市,内蒙古二连浩特市二连浩特市国家地质公园景区,景点景区,国家4A旅游景区。所属地：内蒙古·锡林郭勒盟·二连浩特市。地址：内蒙古二连浩特市二连浩特市国家地质公园景区。,43.6511605,111.9707530,wgs84
长春伪满皇宫博物院,5A,吉林,长春市,宽城区,吉林长春市宽城区长春伪满皇宫博物院,景点景区,国家5A旅游景区。所属地：吉林·长春市·宽城区。地址：吉林长春市宽城区长春伪满皇宫博物院。,43.9033248,125.3420537,wgs84
长春净月潭景区,5A,吉林,长春市,南关区,吉林长春市净月区长春净月潭景区,景点景区,国家5A旅游景区。所属地：吉林·长春市·南关区。地址：吉林长春市净月区长春净月潭景区。,43.8207249,125.4393091,wgs84
长影世纪城旅游区,5A,吉林,长春市,南关区,吉林长春市净月区长影世纪城旅游区,景点景区,国家5A旅游景区。所属地：吉林·长春市·南关区。地址：吉林长春市净月区长影世纪城旅游区。,43.8207249,125.4393091,wgs84
长春世界雕塑园,5A,吉林,长春市,南关区,吉林长春市南关区长春世界雕塑园,景点景区,国家5A旅游景区。所属地：吉林·长春市·南关区。地址：吉林长春市南关区长春世界雕塑园。,43.8211164,125.3268200,wgs84
御龙温泉度假村,4A,吉林,长春市,双阳区,吉林长春市双阳区御龙温泉度假村,景点景区,国家4A旅游景区。所属地：吉林·长春市·双阳区。地址：吉林长春市双阳区御龙温泉度假村。,43.5937921,125.6992142,wgs84
孔子文化园,4A,吉林,长春市,南关区,吉林长春市南关区孔子文化园,景点景区,国家4A旅游景区。所属地：吉林·长春市·南关区。地址：吉林长春市南关区孔子文化园。,43.8840127,125.3441683,wgs84
关东文化园,4A,吉林,长春市,绿园区,吉林长春市绿园区关东文化园,景点景区,国家4A旅游景区。所属地：吉林·长春市·绿园区。地址：吉林长春市绿园区关东文化园。,43.9436108,125.2166472,wgs84
北湖国家湿地公园,4A,吉林,长春市,宽城区,吉林长春市宽城区北湖国家湿地公园,景点景区,国家4A旅游景区。所属地：吉林·长春市·宽城区。地址：吉林长春市宽城区北湖国家湿地公园。,43.9856717,125.3647173,wgs84
庙香山休闲旅游度假区,4A,吉林,长春市,九台区,吉林长春市九台区庙香山休闲旅游度假区,景点景区,国家4A旅游景区。所属地：吉林·长春市·九台区。地址：吉林长春市九台区庙香山休闲旅游度假区。,43.9400914,125.8424071,wgs84
农业博览园,4A,吉林,长春市,南关区,吉林长春市净月区农业博览园,景点景区,国家4A旅游景区。所属地：吉林·长春市·南关区。地址：吉林长春市净月区农业博览园。,43.8118686,125.4382952,wgs84
吉林省酒文化博物馆,4A,吉林,长春市,南关区,吉林长春市南关区吉林省酒文化博物馆,景点景区,国家4A旅游景区。所属地：吉林·长春市·南关区。地址：吉林长春市南关区吉林省酒文化博物馆。,43.8259052,125.3339976,wgs84
东北民族民俗馆,4A,吉林,长春市,二道区,吉林长春市经开区东北民族民俗馆,景点景区,国家4A旅游景区。所属地：吉林·长春市·二道区。地址：吉林长春市经开区东北民族民俗馆。,43.8351085,125.3971928,wgs84
动植物公园,4A,吉林,长春市,南关区,吉林长春市南关区动植物公园,景点景区,国家4A旅游景区。所属地：吉林·长春市·南关区。地址：吉林长春市南关区动植物公园。,43.8656316,125.3285830,wgs84
天怡温泉度假山庄,4A,吉林,长春市,宽城区,吉林长春市净月区天怡温泉度假山庄,景点景区,国家4A旅游景区。所属地：吉林·长春市·宽城区。地址：吉林长春市净月区天怡温泉度假山庄。,43.9336545,125.2821828,wgs84
长影旧址博物馆,4A,吉林,长春市,朝阳区,吉林长春市朝阳区长影旧址博物馆,景点景区,国家4A旅游景区。所属地：吉林·长春市·朝阳区。地址：吉林长春市朝阳区长影旧址博物馆。,43.8612558,125.2858794,wgs84
长春凯撒森林温泉旅游度假区,4A,吉林,长春市,南关区,吉林长春市净月区长春凯撒森林温泉旅游度假区,景点景区,国家4A旅游景区。所属地：吉林·长春市·南关区。地址：吉林长春市净月区长春凯撒森林温泉旅游度假区。,43.8207249,125.4393091,wgs84
莲花岛影视休闲文化园,4A,吉林,长春市,朝阳区,吉林长春市朝阳区莲花岛影视休闲文化园,景点景区,国家4A旅游景区。所属地：吉林·长春市·朝阳区。地址：吉林长春市朝阳区莲花岛影视休闲文化园。,43.7365098,125.3247850,wgs84
辽金时代文化园,4A,吉林,长春市,农安县,吉林长春市农安县辽金时代文化园,景点景区,国家4A旅游景区。所属地：吉林·长春市·农安县。地址：吉林长春市农安县辽金时代文化园。,44.2268403,125.2784186,wgs84
榆树钱酒文化庄园,4A,吉林,长春市,榆树市,吉林长春市榆树市榆树钱酒文化庄园,景点景区,国家4A旅游景区。所属地：吉林·长春市·榆树市。地址：吉林长春市榆树市榆树钱酒文化庄园。,44.8321287,126.5439898,wgs84
长春天定山旅游度假小镇景区,4A,吉林,长春市,二道区,吉林长春市莲花山度假区长春天定山旅游度假小镇景区,景点景区,国家4A旅游景区。所属地：吉林·长春市·二道区。地址：吉林长春市莲花山度假区长春天定山旅游度假小镇景区。,43.8795734,125.5911983,wgs84
长春国信南山温泉旅游景区,4A,吉林,长春市,双阳区,吉林长春市双阳区长春国信南山温泉旅游景区,景点景区,国家4A旅游景区。所属地：吉林·长春市·双阳区。地址：吉林长春市双阳区长春国信南山温泉旅游景区。,43.6832256,125.5221554,wgs84
清泉湖文化与旅游度假区,4A,吉林,长春市,宽城区,吉林长春市新区清泉湖文化与旅游度假区,景点景区,国家4A旅游景区。所属地：吉林·长春市·宽城区。地址：吉林长春市新区清泉湖文化与旅游度假区。,44.0732612,125.3660505,wgs84
松花湖风景名胜区,4A,吉林,吉林市,丰满区,吉林吉林市丰满区松花湖风景名胜区,景点景区,国家4A旅游景区。所属地：吉林·吉林市·丰满区。地址：吉林吉林市丰满区松花湖风景名胜区。,43.7160814,126.6915800,wgs84
北大湖滑雪场度假区,4A,吉林,吉林市,永吉县,吉林吉林市永吉县北大湖滑雪场度假区,景点景区,国家4A旅游景区。所属地：吉林·吉林市·永吉县。地址：吉林吉林市永吉县北大湖滑雪场度假区。,43.4243289,126.6357785,wgs84
拉法山国家森林公园,4A,吉林,吉林市,蛟河市,吉林吉林市蛟河市拉法山国家森林公园,景点景区,国家4A旅游景区。所属地：吉林·吉林市·蛟河市。地址：吉林吉林市蛟河市拉法山国家森林公园。,43.8033486,127.3908986,wgs84
北山风景区,4A,吉林,吉林市,船营区,吉林吉林市船营区北山风景区,景点景区,国家4A旅游景区。所属地：吉林·吉林市·船营区。地址：吉林吉林市船营区北山风景区。,43.8383050,126.5293704,wgs84
圣鑫葡萄酒庄园,4A,吉林,吉林市,丰满区,吉林吉林市丰满区圣鑫葡萄酒庄园,景点景区,国家4A旅游景区。所属地：吉林·吉林市·丰满区。地址：吉林吉林市丰满区圣鑫葡萄酒庄园。,43.7494736,126.7017396,wgs84
圣德泉亲水度假花园,4A,吉林,吉林市,船营区,吉林吉林市船营区圣德泉亲水度假花园,景点景区,国家4A旅游景区。所属地：吉林·吉林市·船营区。地址：吉林吉林市船营区圣德泉亲水度假花园。,43.8878961,126.2506709,wgs84
神农庄园,4A,吉林,吉林市,昌邑区,吉林吉林市昌邑区神农庄园,景点景区,国家4A旅游景区。所属地：吉林·吉林市·昌邑区。地址：吉林吉林市昌邑区神农庄园。,44.0180004,126.3500190,wgs84
吉林市博物馆,4A,吉林,吉林市,丰满区,吉林吉林市丰满区吉林市博物馆,景点景区,国家4A旅游景区。所属地：吉林·吉林市·丰满区。地址：吉林吉林市丰满区吉林市博物馆。,43.8264799,126.5579371,wgs84
万科松花湖度假区,4A,吉林,吉林市,丰满区,吉林吉林市丰满区万科松花湖度假区,景点景区,国家4A旅游景区。所属地：吉林·吉林市·丰满区。地址：吉林吉林市丰满区万科松花湖度假区。,43.6841083,126.6192896,wgs84
朱雀山国家森林公园,4A,吉林,吉林市,丰满区,吉林吉林市丰满区朱雀山国家森林公园,景点景区,国家4A旅游景区。所属地：吉林·吉林市·丰满区。地址：吉林吉林市丰满区朱雀山国家森林公园。,43.7811523,126.6822495,wgs84
红石国家森林公园,4A,吉林,吉林市,桦甸市,吉林吉林市桦甸市红石国家森林公园,景点景区,国家4A旅游景区。所属地：吉林·吉林市·桦甸市。地址：吉林吉林市桦甸市红石国家森林公园。,42.8324756,127.1322588,wgs84
金珠花海度假区,4A,吉林,吉林市,龙潭区,吉林吉林市龙潭区金珠花海度假区,景点景区,国家4A旅游景区。所属地：吉林·吉林市·龙潭区。地址：吉林吉林市龙潭区金珠花海度假区。,44.0174817,126.5523004,wgs84
伊通满族博物馆,4A,吉林,四平市,伊通满族自治县,吉林四平市伊通县伊通满族博物馆,景点景区,国家4A旅游景区。所属地：吉林·四平市·伊通满族自治县。地址：吉林四平市伊通县伊通满族博物馆。,43.3403987,125.3115724,wgs84
叶赫那拉城,4A,吉林,四平市,铁东区,吉林四平市铁东区叶赫那拉城,景点景区,国家4A旅游景区。所属地：吉林·四平市·铁东区。地址：吉林四平市铁东区叶赫那拉城。,42.9303505,124.4942325,wgs84
一马树森林公园,4A,吉林,四平市,双辽市,吉林四平市双辽市一马树森林公园,景点景区,国家4A旅游景区。所属地：吉林·四平市·双辽市。地址：吉林四平市双辽市一马树森林公园。,43.5123538,123.6109100,wgs84
北方巴厘岛,4A,吉林,四平市,梨树县,吉林四平市梨树县北方巴厘岛,景点景区,国家4A旅游景区。所属地：吉林·四平市·梨树县。地址：吉林四平市梨树县北方巴厘岛。,43.3279768,124.3344125,wgs84
四平战役纪念馆,4A,吉林,四平市,铁西区,吉林四平市铁西区四平战役纪念馆,景点景区,国家4A旅游景区。所属地：吉林·四平市·铁西区。地址：吉林四平市铁西区四平战役纪念馆。,43.1722598,124.3540394,wgs84
东北沦陷时期辽源矿工墓陈列馆,4A,吉林,辽源市,西安区,吉林辽源市西安区东北沦陷时期辽源矿工墓陈列馆,景点景区,国家4A旅游景区。所属地：吉林·辽源市·西安区。地址：吉林辽源市西安区东北沦陷时期辽源矿工墓陈列馆。,42.9236394,125.1019801,wgs84
道路交通安全体验公园,4A,吉林,辽源市,龙山区,吉林辽源市龙山区道路交通安全体验公园,景点景区,国家4A旅游景区。所属地：吉林·辽源市·龙山区。地址：吉林辽源市龙山区道路交通安全体验公园。,42.8652019,125.1880973,wgs84
青少年平安教育馆,4A,吉林,辽源市,龙山区,吉林辽源市龙山区青少年平安教育馆,景点景区,国家4A旅游景区。所属地：吉林·辽源市·龙山区。地址：吉林辽源市龙山区青少年平安教育馆。,42.8989917,125.1300320,wgs84
鴜鹭湖旅游度假区,4A,吉林,辽源市,东辽县,吉林辽源市东辽县鴜鹭湖旅游度假区,景点景区,国家4A旅游景区。所属地：吉林·辽源市·东辽县。地址：吉林辽源市东辽县鴜鹭湖旅游度假区。,43.0339126,125.2970809,wgs84
高句丽文物古迹旅游景区,5A,吉林,通化市,集安市,吉林通化市集安市高句丽文物古迹旅游景区,景点景区,国家5A旅游景区。所属地：吉林·通化市·集安市。地址：吉林通化市集安市高句丽文物古迹旅游景区。,41.1457703,126.1576413,wgs84
振国壹号庄园,4A,吉林,通化市,通化县,吉林通化市通化县振国壹号庄园,景点景区,国家4A旅游景区。所属地：吉林·通化市·通化县。地址：吉林通化市通化县振国壹号庄园。,41.7366128,125.5972328,wgs84
中国山葡萄酒博物馆,4A,吉林,通化市,通化县,吉林通化市通化县中国山葡萄酒博物馆,景点景区,国家4A旅游景区。所属地：吉林·通化市·通化县。地址：吉林通化市通化县中国山葡萄酒博物馆。,41.6733108,125.7628209,wgs84
大泉源酒业历史文化景区,4A,吉林,通化市,通化县,吉林通化市通化县大泉源酒业历史文化景区,景点景区,国家4A旅游景区。所属地：吉林·通化市·通化县。地址：吉林通化市通化县大泉源酒业历史文化景区。,41.5532010,125.6071031,wgs84
五女峰森林旅游区,4A,吉林,通化市,集安市,吉林通化市集安市五女峰森林旅游区,景点景区,国家4A旅游景区。所属地：吉林·通化市·集安市。地址：吉林通化市集安市五女峰森林旅游区。,41.2671214,126.1244659,wgs84
吉林龙湾景区,4A,吉林,通化市,辉南县,吉林通化市辉南县吉林龙湾景区,景点景区,国家4A旅游景区。所属地：吉林·通化市·辉南县。地址：吉林通化市辉南县吉林龙湾景区。,42.3861893,126.4331897,wgs84
杨靖宇烈士陵园,4A,吉林,通化市,东昌区,吉林通化市东昌区杨靖宇烈士陵园,景点景区,国家4A旅游景区。所属地：吉林·通化市·东昌区。地址：吉林通化市东昌区杨靖宇烈士陵园。,41.7272225,125.9564686,wgs84
白鸡峰森林康养旅游度假区,4A,吉林,通化市,东昌区,吉林通化市东昌区白鸡峰森林康养旅游度假区,景点景区,国家4A旅游景区。所属地：吉林·通化市·东昌区。地址：吉林通化市东昌区白鸡峰森林康养旅游度假区。,41.7263149,125.9494281,wgs84
永欣欢乐谷,4A,吉林,通化市,东昌区,吉林通化市东昌区永欣欢乐谷,景点景区,国家4A旅游景区。所属地：吉林·通化市·东昌区。地址：吉林通化市东昌区永欣欢乐谷。,41.6064203,125.9220557,wgs84
佟佳江旅游度假区,4A,吉林,通化市,东昌区,吉林通化市东昌区佟佳江旅游度假区,景点景区,国家4A旅游景区。所属地：吉林·通化市·东昌区。地址：吉林通化市东昌区佟佳江旅游度假区。,41.7263149,125.9494281,wgs84
罗通山风景旅游区,4A,吉林,通化市,柳河县,吉林通化市柳河县罗通山风景旅游区,景点景区,国家4A旅游景区。所属地：吉林·通化市·柳河县。地址：吉林通化市柳河县罗通山风景旅游区。,42.3856804,126.0081886,wgs84
露水河国家森林公园,4A,吉林,白山市,抚松县,吉林白山市抚松县露水河国家森林公园,景点景区,国家4A旅游景区。所属地：吉林·白山市·抚松县。地址：吉林白山市抚松县露水河国家森林公园。,42.5458609,127.9966918,wgs84
松江河国家森林公园,4A,吉林,白山市,抚松县,吉林白山市抚松县松江河国家森林公园,景点景区,国家4A旅游景区。所属地：吉林·白山市·抚松县。地址：吉林白山市抚松县松江河国家森林公园。,42.1711344,127.5029401,wgs84
望天鹅风景区,4A,吉林,白山市,长白朝鲜族自治县,吉林白山市长白县望天鹅风景区,景点景区,国家4A旅游景区。所属地：吉林·白山市·长白朝鲜族自治县。地址：吉林白山市长白县望天鹅风景区。,41.5506248,127.9379628,wgs84
长白山鲁能胜地旅游度假区,4A,吉林,白山市,抚松县,吉林白山市抚松县长白山鲁能胜地旅游度假区,景点景区,国家4A旅游景区。所属地：吉林·白山市·抚松县。地址：吉林白山市抚松县长白山鲁能胜地旅游度假区。,41.9355910,128.0744905,wgs84
四保临江纪念馆,4A,吉林,白山市,临江市,吉林白山市临江市四保临江纪念馆,景点景区,国家4A旅游景区。所属地：吉林·白山市·临江市。地址：吉林白山市临江市四保临江纪念馆。,41.8061017,126.8994483,wgs84
查干湖旅游度假区,4A,吉林,松原市,前郭尔罗斯蒙古族自治县,吉林松原市前郭县查干湖旅游度假区,景点景区,国家4A旅游景区。所属地：吉林·松原市·前郭尔罗斯蒙古族自治县。地址：吉林松原市前郭县查干湖旅游度假区。,45.1158619,124.8172694,wgs84
松原市规划展览馆,4A,吉林,松原市,宁江区,吉林松原市宁江区松原市规划展览馆,景点景区,国家4A旅游景区。所属地：吉林·松原市·宁江区。地址：吉林松原市宁江区松原市规划展览馆。,45.1591441,124.8497089,wgs84
莫莫格国家自然保护区,4A,吉林,白城市,镇赉县,吉林白城市镇赉县莫莫格国家自然保护区,景点景区,国家4A旅游景区。所属地：吉林·白城市·镇赉县。地址：吉林白城市镇赉县莫莫格国家自然保护区。,45.9449340,123.6213562,wgs84
向海国家级自然保护区,4A,吉林,白城市,通榆县,吉林白城市通榆县向海国家级自然保护区,景点景区,国家4A旅游景区。所属地：吉林·白城市·通榆县。地址：吉林白城市通榆县向海国家级自然保护区。,45.0299771,122.3388719,wgs84
查干浩特旅游度假区,4A,吉林,白城市,洮北区,吉林白城市洮北区查干浩特旅游度假区,景点景区,国家4A旅游景区。所属地：吉林·白城市·洮北区。地址：吉林白城市洮北区查干浩特旅游度假区。,45.8445920,122.4158880,wgs84
嫩江湾国家湿地公园,4A,吉林,白城市,大安市,吉林白城市大安市嫩江湾国家湿地公园,景点景区,国家4A旅游景区。所属地：吉林·白城市·大安市。地址：吉林白城市大安市嫩江湾国家湿地公园。,45.5316953,124.2715973,wgs84
六鼎山文化旅游区,5A,吉林,延边朝鲜族自治州,敦化市,吉林延边州敦化市六鼎山文化旅游区,景点景区,国家5A旅游景区。所属地：吉林·延边朝鲜族自治州·敦化市。地址：吉林延边州敦化市六鼎山文化旅游区。,43.3041638,128.2452343,wgs84
长白山峡谷浮石林景区,4A,吉林,延边朝鲜族自治州,安图县,吉林延边州安图县长白山峡谷浮石林景区,景点景区,国家4A旅游景区。所属地：吉林·延边朝鲜族自治州·安图县。地址：吉林延边州安图县长白山峡谷浮石林景区。,42.1337717,128.1991362,wgs84
龙顺雪山飞湖景区,4A,吉林,延边朝鲜族自治州,安图县,吉林延边州安图县龙顺雪山飞湖景区,景点景区,国家4A旅游景区。所属地：吉林·延边朝鲜族自治州·安图县。地址：吉林延边州安图县龙顺雪山飞湖景区。,42.6025416,128.1286314,wgs84
防川景区,4A,吉林,延边朝鲜族自治州,珲春市,吉林延边州珲春市防川景区,景点景区,国家4A旅游景区。所属地：吉林·延边朝鲜族自治州·珲春市。地址：吉林延边州珲春市防川景区。,42.8601753,130.3588791,wgs84
大戏台河景区,4A,吉林,延边朝鲜族自治州,安图县,吉林延边州安图县大戏台河景区,景点景区,国家4A旅游景区。所属地：吉林·延边朝鲜族自治州·安图县。地址：吉林延边州安图县大戏台河景区。,42.2395570,128.2182078,wgs84
延边博物馆,4A,吉林,延边朝鲜族自治州,延吉市,吉林延边州延吉市延边博物馆,景点景区,国家4A旅游景区。所属地：吉林·延边朝鲜族自治州·延吉市。地址：吉林延边州延吉市延边博物馆。,42.8875141,129.4165480,wgs84
梦都美民俗旅游度假村,4A,吉林,延边朝鲜族自治州,延吉市,吉林延边州延吉市梦都美民俗旅游度假村,景点景区,国家4A旅游景区。所属地：吉林·延边朝鲜族自治州·延吉市。地址：吉林延边州延吉市梦都美民俗旅游度假村。,43.0320717,129.5908484,wgs84
长白山雁鸣湖温泉度假村,4A,吉林,延边朝鲜族自治州,敦化市,吉林延边州敦化市长白山雁鸣湖温泉度假村,景点景区,国家4A旅游景区。所属地：吉林·延边朝鲜族自治州·敦化市。地址：吉林延边州敦化市长白山雁鸣湖温泉度假村。,43.6828213,128.5846967,wgs84
创兴长白山原始萨满部落风景区,4A,吉林,延边朝鲜族自治州,安图县,吉林延边州安图县创兴长白山原始萨满部落风景区,景点景区,国家4A旅游景区。所属地：吉林·延边朝鲜族自治州·安图县。地址：吉林延边州安图县创兴长白山原始萨满部落风景区。,42.2222833,128.2096943,wgs84
大关东文化园,4A,吉林,延边朝鲜族自治州,安图县,吉林延边州安图县大关东文化园,景点景区,国家4A旅游景区。所属地：吉林·延边朝鲜族自治州·安图县。地址：吉林延边州安图县大关东文化园。,42.7676394,128.2309198,wgs84
魔界风景区,4A,吉林,延边朝鲜族自治州,安图县,吉林延边州安图县魔界风景区,景点景区,国家4A旅游景区。所属地：吉林·延边朝鲜族自治州·安图县。地址：吉林延边州安图县魔界风景区。,42.4483632,128.1533875,wgs84
长白山历史文化园,4A,吉林,延边朝鲜族自治州,安图县,吉林延边州安图县长白山历史文化园,景点景区,国家4A旅游景区。所属地：吉林·延边朝鲜族自治州·安图县。地址：吉林延边州安图县长白山历史文化园。,42.5005148,128.2599972,wgs84
琵岩山文化旅游风景区,4A,吉林,延边朝鲜族自治州,和龙市,吉林延边州龙井市琵岩山文化旅游风景区,景点景区,国家4A旅游景区。所属地：吉林·延边朝鲜族自治州·和龙市。地址：吉林延边州龙井市琵岩山文化旅游风景区。,42.7431618,129.3793313,wgs84
老白山原始生态风景区,4A,吉林,延边朝鲜族自治州,敦化市,吉林延边州敦化市老白山原始生态风景区,景点景区,国家4A旅游景区。所属地：吉林·延边朝鲜族自治州·敦化市。地址：吉林延边州敦化市老白山原始生态风景区。,43.3698344,128.2258791,wgs84
大石头亚光湖国家湿地公园,4A,吉林,延边朝鲜族自治州,敦化市,吉林延边州敦化市大石头亚光湖国家湿地公园,景点景区,国家4A旅游景区。所属地：吉林·延边朝鲜族自治州·敦化市。地址：吉林延边州敦化市大石头亚光湖国家湿地公园。,43.2090884,128.5364913,wgs84
青龙渔业景区,4A,吉林,延边朝鲜族自治州,和龙市,吉林延边州和龙市青龙渔业景区,景点景区,国家4A旅游景区。所属地：吉林·延边朝鲜族自治州·和龙市。地址：吉林延边州和龙市青龙渔业景区。,42.7515448,129.0275916,wgs84
延吉帽儿山（恐龙）文化旅游区,4A,吉林,延边朝鲜族自治州,延吉市,吉林延边州延吉市延吉帽儿山（恐龙）文化旅游区,景点景区,国家4A旅游景区。所属地：吉林·延边朝鲜族自治州·延吉市。地址：吉林延边州延吉市延吉帽儿山（恐龙）文化旅游区。,42.8397539,129.4609957,wgs84
好记文化旅游度假区,4A,吉林,延边朝鲜族自治州,汪清县,吉林延边州汪清县好记文化旅游度假区,景点景区,国家4A旅游景区。所属地：吉林·延边朝鲜族自治州·汪清县。地址：吉林延边州汪清县好记文化旅游度假区。,43.3099216,129.7645123,wgs84
长白山景区,5A,吉林,白山市,抚松县,吉林长白山管委会长白山景区,景点景区,国家5A旅游景区。所属地：吉林·白山市·抚松县。地址：吉林长白山管委会长白山景区。,41.9355910,128.0744905,wgs84
长白山讷殷古城,4A,吉林,白山市,抚松县,吉林长白山管委会长白山讷殷古城,景点景区,国家4A旅游景区。所属地：吉林·白山市·抚松县。地址：吉林长白山管委会长白山讷殷古城。,41.9757885,127.5578832,wgs84
长白山二道白河名镇,4A,吉林,白山市,抚松县,吉林长白山管委会长白山二道白河名镇,景点景区,国家4A旅游景区。所属地：吉林·白山市·抚松县。地址：吉林长白山管委会长白山二道白河名镇。,41.9355910,128.0744905,wgs84
老黑河遗址景区,4A,吉林,白山市,长白朝鲜族自治县,吉林长白山管委会老黑河遗址景区,景点景区,国家4A旅游景区。所属地：吉林·白山市·长白朝鲜族自治县。地址：吉林长白山管委会老黑河遗址景区。,41.4176901,128.1948892,wgs84
鸡冠山风景区,4A,吉林,通化市,梅河口市,吉林梅河口市鸡冠山风景区,景点景区,国家4A旅游景区。所属地：吉林·通化市·梅河口市。地址：吉林梅河口市鸡冠山风景区。,42.1936319,125.5172390,wgs84
海龙湖景区,4A,吉林,通化市,梅河口市,吉林梅河口市海龙湖景区,景点景区,国家4A旅游景区。所属地：吉林·通化市·梅河口市。地址：吉林梅河口市海龙湖景区。,42.5164855,125.7220338,wgs84
城市客厅旅游景区,4A,吉林,通化市,梅河口市,吉林梅河口市城市客厅旅游景区,景点景区,国家4A旅游景区。所属地：吉林·通化市·梅河口市。地址：吉林梅河口市城市客厅旅游景区。,42.5281314,125.6778111,wgs84
太阳岛风景区,5A,黑龙江,哈尔滨市,松北区,黑龙江省哈尔滨市松北区太阳岛风景区警备路3号太阳岛风景区,景点景区,国家5A旅游景区。所属地：黑龙江·哈尔滨市·松北区。地址：黑龙江省哈尔滨市松北区太阳岛风景区警备路3号太阳岛风景区。,45.7896809,126.5919629,wgs84
牡丹江镜泊湖风景名胜区,5A,黑龙江,牡丹江市,东安区,黑龙江省牡丹江市东安区景福街156号牡丹江镜泊湖风景名胜区,景点景区,国家5A旅游景区。所属地：黑龙江·牡丹江市·东安区。地址：黑龙江省牡丹江市东安区景福街156号牡丹江镜泊湖风景名胜区。,44.5849464,129.6101436,wgs84
虎头旅游景区,5A,黑龙江,鸡西市,虎林市,黑龙江省虎林市虎林镇爱民西街215号虎头旅游景区,景点景区,国家5A旅游景区。所属地：黑龙江·鸡西市·虎林市。地址：黑龙江省虎林市虎林镇爱民西街215号虎头旅游景区。,45.7688395,132.9608820,wgs84
汤旺河林海奇石景区,5A,黑龙江,伊春市,汤旺县,黑龙江省伊春市汤旺县汤旺河镇东风大街102号汤旺河林海奇石景区,景点景区,国家5A旅游景区。所属地：黑龙江·伊春市·汤旺县。地址：黑龙江省伊春市汤旺县汤旺河镇东风大街102号汤旺河林海奇石景区。,48.4434132,129.4379040,wgs84
五大连池风景区,5A,黑龙江,黑河市,五大连池市,黑龙江省五大连风景区旅游信息服务中心五大连池风景区,景点景区,国家5A旅游景区。所属地：黑龙江·黑河市·五大连池市。地址：黑龙江省五大连风景区旅游信息服务中心五大连池风景区。,48.6489715,126.1491224,wgs84
肇东市昌盛生态农业观光园景区,5A,黑龙江,绥化市,肇东市,黑龙江省黑龙江省笨东市昌盛生态农业观光园景区肇东市昌盛生态农业观光园景区,景点景区,国家5A旅游景区。所属地：黑龙江·绥化市·肇东市。地址：黑龙江省黑龙江省笨东市昌盛生态农业观光园景区肇东市昌盛生态农业观光园景区。,46.0492626,125.9554713,wgs84
漠河市北极村景区,5A,黑龙江,大兴安岭地区,加格达奇区,黑龙江省漠河市北极村漠河市北极村景区,景点景区,国家5A旅游景区。所属地：黑龙江·大兴安岭地区·加格达奇区。地址：黑龙江省漠河市北极村漠河市北极村景区。,53.4591235,122.3492367,wgs84
亚布力滑雪旅游度假区,4A,黑龙江,哈尔滨市,尚志市,黑龙江省黑龙江省哈尔滨市尚志市亚布力滑雪旅游度假区,景点景区,国家4A旅游景区。所属地：黑龙江·哈尔滨市·尚志市。地址：黑龙江省黑龙江省哈尔滨市尚志市亚布力滑雪旅游度假区。,44.7809273,128.4655895,wgs84
二龙山风景区,4A,黑龙江,哈尔滨市,宾县,黑龙江省宾县宾州镇二龙山风景区二龙山风景区,景点景区,国家4A旅游景区。所属地：黑龙江·哈尔滨市·宾县。地址：黑龙江省宾县宾州镇二龙山风景区二龙山风景区。,45.7413409,127.4074414,wgs84
英杰风景区,4A,黑龙江,哈尔滨市,宾县,黑龙江省宾县宾州镇友联村英杰风景区英杰风景区,景点景区,国家4A旅游景区。所属地：黑龙江·哈尔滨市·宾县。地址：黑龙江省宾县宾州镇友联村英杰风景区英杰风景区。,45.7474337,127.3750629,wgs84
森工平山旅游区,4A,黑龙江,哈尔滨市,阿城区,黑龙江省哈尔滨市阿城区平山镇森工平山旅游区森工平山旅游区,景点景区,国家4A旅游景区。所属地：黑龙江·哈尔滨市·阿城区。地址：黑龙江省哈尔滨市阿城区平山镇森工平山旅游区森工平山旅游区。,45.2947397,127.3663852,wgs84
哈尔滨北方森林动物园,4A,黑龙江,哈尔滨市,阿城区,黑龙江省哈尔滨市阿城区玉泉街北方森林动物园哈尔滨北方森林动物园,景点景区,国家4A旅游景区。所属地：黑龙江·哈尔滨市·阿城区。地址：黑龙江省哈尔滨市阿城区玉泉街北方森林动物园哈尔滨北方森林动物园。,45.3907615,127.1060699,wgs84
金龙山国际旅游度假区,4A,黑龙江,哈尔滨市,阿城区,黑龙江省哈尔滨市阿城区金龙山镇头道河子屯金龙山国际旅游度假区,景点景区,国家4A旅游景区。所属地：黑龙江·哈尔滨市·阿城区。地址：黑龙江省哈尔滨市阿城区金龙山镇头道河子屯金龙山国际旅游度假区。,45.4800848,127.4262068,wgs84
美丽岛温泉水乐园,4A,黑龙江,哈尔滨市,阿城区,黑龙江省哈尔滨市阿城区料甸街美丽岛温泉水乐园美丽岛温泉水乐园,景点景区,国家4A旅游景区。所属地：黑龙江·哈尔滨市·阿城区。地址：黑龙江省哈尔滨市阿城区料甸街美丽岛温泉水乐园美丽岛温泉水乐园。,45.6760553,126.9288150,wgs84
方正高楞林场罗勒密山景区,4A,黑龙江,哈尔滨市,方正县,黑龙江省方正县高楞林业局方正高楞林场罗勒密山景区,景点景区,国家4A旅游景区。所属地：黑龙江·哈尔滨市·方正县。地址：黑龙江省方正县高楞林业局方正高楞林场罗勒密山景区。,45.8362632,128.8252034,wgs84
百年哈啤文化旅游区,4A,黑龙江,哈尔滨市,平房区,黑龙江省哈尔滨市平房区哈啤路9号百年哈啤文化旅游区,景点景区,国家4A旅游景区。所属地：黑龙江·哈尔滨市·平房区。地址：黑龙江省哈尔滨市平房区哈啤路9号百年哈啤文化旅游区。,45.5961381,126.7151590,wgs84
侵华日军第七三一部队罪证陈列馆,4A,黑龙江,哈尔滨市,平房区,黑龙江省平房区新疆大街21号侵华日军第七三一部队罪证陈列馆,景点景区,国家4A旅游景区。所属地：黑龙江·哈尔滨市·平房区。地址：黑龙江省平房区新疆大街21号侵华日军第七三一部队罪证陈列馆。,45.6067060,126.6351293,wgs84
铮子山地质森林公园管理处,4A,黑龙江,哈尔滨市,通河县,黑龙江省哈尔滨市通河县富林乡铮子山林场铮子山地质森林公园管理处,景点景区,国家4A旅游景区。所属地：黑龙江·哈尔滨市·通河县。地址：黑龙江省哈尔滨市通河县富林乡铮子山林场铮子山地质森林公园管理处。,46.0785848,129.1655028,wgs84
永泰世界主题乐园,4A,黑龙江,哈尔滨市,香坊区,黑龙江省香坊区香福路52号永泰世界主题乐园,景点景区,国家4A旅游景区。所属地：黑龙江·哈尔滨市·香坊区。地址：黑龙江省香坊区香福路52号永泰世界主题乐园。,45.7167212,126.7543640,wgs84
普罗旺斯蒸衣草庄园,4A,黑龙江,哈尔滨市,香坊区,黑龙江省哈尔滨市香坊区通富路普罗旺斯蒸衣草庄园,景点景区,国家4A旅游景区。所属地：黑龙江·哈尔滨市·香坊区。地址：黑龙江省哈尔滨市香坊区通富路普罗旺斯蒸衣草庄园。,45.7284395,126.9355472,wgs84
松松小镇,4A,黑龙江,哈尔滨市,香坊区,黑龙江省香坊区三大动力路8号松松小镇,景点景区,国家4A旅游景区。所属地：黑龙江·哈尔滨市·香坊区。地址：黑龙江省香坊区三大动力路8号松松小镇。,45.7170890,126.6440486,wgs84
波塞冬旅游度假区,4A,黑龙江,哈尔滨市,松北区,黑龙江省松北新区汇江路1号波塞冬旅游度假区,景点景区,国家4A旅游景区。所属地：黑龙江·哈尔滨市·松北区。地址：黑龙江省松北新区汇江路1号波塞冬旅游度假区。,45.8214748,126.6004313,wgs84
黑龙江省科技馆,4A,黑龙江,哈尔滨市,松北区,黑龙江省哈尔滨市松北区太阳大道1458号黑龙江省科技馆,景点景区,国家4A旅游景区。所属地：黑龙江·哈尔滨市·松北区。地址：黑龙江省哈尔滨市松北区太阳大道1458号黑龙江省科技馆。,45.7745606,126.5700391,wgs84
哈尔滨极地馆,4A,黑龙江,哈尔滨市,松北区,黑龙江省哈尔滨市松北区太阳大道3号哈尔滨极地馆,景点景区,国家4A旅游景区。所属地：黑龙江·哈尔滨市·松北区。地址：黑龙江省哈尔滨市松北区太阳大道3号哈尔滨极地馆。,45.7837149,126.5809821,wgs84
东北虎林园,4A,黑龙江,哈尔滨市,松北区,黑龙江省松北区松北街88号东北虎林园,景点景区,国家4A旅游景区。所属地：黑龙江·哈尔滨市·松北区。地址：黑龙江省松北区松北街88号东北虎林园。,45.8154852,126.5957425,wgs84
融创乐园,4A,黑龙江,哈尔滨市,松北区,黑龙江省哈尔滨市松北区世茂大道99-1号融创乐园,景点景区,国家4A旅游景区。所属地：黑龙江·哈尔滨市·松北区。地址：黑龙江省哈尔滨市松北区世茂大道99-1号融创乐园。,45.8016791,126.5023173,wgs84
哈尔滨建筑艺术馆,4A,黑龙江,哈尔滨市,道里区,黑龙江省哈尔滨市道里区透笼街88号哈尔滨建筑艺术馆,景点景区,国家4A旅游景区。所属地：黑龙江·哈尔滨市·道里区。地址：黑龙江省哈尔滨市道里区透笼街88号哈尔滨建筑艺术馆。,45.7682035,126.6213191,wgs84
红豆杉景区,4A,黑龙江,哈尔滨市,尚志市,黑龙江省苇河林业局青山林木种子园红豆杉景区,景点景区,国家4A旅游景区。所属地：黑龙江·哈尔滨市·尚志市。地址：黑龙江省苇河林业局青山林木种子园红豆杉景区。,44.9389962,128.3856293,wgs84
龙塔,4A,黑龙江,哈尔滨市,南岗区,黑龙江省长江路178号院内龙塔,景点景区,国家4A旅游景区。所属地：黑龙江·哈尔滨市·南岗区。地址：黑龙江省长江路178号院内龙塔。,45.7463414,126.6741345,wgs84
哈尔滨市凤凰山森林旅游区,4A,黑龙江,哈尔滨市,五常市,黑龙江省黑龙江省五常市山河屯林业局凤凰大道8号哈尔滨市凤凰山森林旅游区,景点景区,国家4A旅游景区。所属地：黑龙江·哈尔滨市·五常市。地址：黑龙江省黑龙江省五常市山河屯林业局凤凰大道8号哈尔滨市凤凰山森林旅游区。,44.7096618,127.2188920,wgs84
呼兰河口湿地,4A,黑龙江,哈尔滨市,松北区,黑龙江省呼兰区呼口大桥东侧呼兰河口湿地,景点景区,国家4A旅游景区。所属地：黑龙江·哈尔滨市·松北区。地址：黑龙江省呼兰区呼口大桥东侧呼兰河口湿地。,45.8454303,126.4864148,wgs84
大顶上温泉度假村,4A,黑龙江,哈尔滨市,呼兰区,黑龙江省呼兰区杨林相田铺村大顶上温泉度假村,景点景区,国家4A旅游景区。所属地：黑龙江·哈尔滨市·呼兰区。地址：黑龙江省呼兰区杨林相田铺村大顶上温泉度假村。,46.0763156,127.1265140,wgs84
伏尔加庄园,4A,黑龙江,哈尔滨市,香坊区,黑龙江省香坊区成高子镇民强村伏尔加庄园伏尔加庄园,景点景区,国家4A旅游景区。所属地：黑龙江·哈尔滨市·香坊区。地址：黑龙江省香坊区成高子镇民强村伏尔加庄园伏尔加庄园。,45.6698360,126.8923602,wgs84
文化公园,4A,黑龙江,哈尔滨市,南岗区,黑龙江省南通大街208号文化公园,景点景区,国家4A旅游景区。所属地：黑龙江·哈尔滨市·南岗区。地址：黑龙江省南通大街208号文化公园。,45.7783158,126.6628628,wgs84
中央欧陆风情旅游区,4A,黑龙江,哈尔滨市,道里区,黑龙江省哈尔滨市道里区红霞街89号中央欧陆风情旅游区,景点景区,国家4A旅游景区。所属地：黑龙江·哈尔滨市·道里区。地址：黑龙江省哈尔滨市道里区红霞街89号中央欧陆风情旅游区。,45.7713080,126.6077390,wgs84
森工清河林区旅游景区,4A,黑龙江,哈尔滨市,通河县,黑龙江省清河林业局有限公司森工清河林区旅游景区,景点景区,国家4A旅游景区。所属地：黑龙江·哈尔滨市·通河县。地址：黑龙江省清河林业局有限公司森工清河林区旅游景区。,46.1820729,129.3122726,wgs84
白渔泡湿地公园,4A,黑龙江,哈尔滨市,道外区,黑龙江省哈尔滨市道外区巨源镇白漁泡湿地公园白渔泡湿地公园,景点景区,国家4A旅游景区。所属地：黑龙江·哈尔滨市·道外区。地址：黑龙江省哈尔滨市道外区巨源镇白漁泡湿地公园白渔泡湿地公园。,45.8972999,126.8922925,wgs84
龙腾生态温泉度假庄园,4A,黑龙江,齐齐哈尔市,富裕县,黑龙江省齐齐哈尔市富裕县龙安桥镇小河东村南龙腾生态温泉度假庄园,景点景区,国家4A旅游景区。所属地：黑龙江·齐齐哈尔市·富裕县。地址：黑龙江省齐齐哈尔市富裕县龙安桥镇小河东村南龙腾生态温泉度假庄园。,47.4759482,124.4969980,wgs84
碾子山旅游区,4A,黑龙江,齐齐哈尔市,碾子山区,黑龙江省齐齐哈尔市碾子山区碾子山旅游区,景点景区,国家4A旅游景区。所属地：黑龙江·齐齐哈尔市·碾子山区。地址：黑龙江省齐齐哈尔市碾子山区碾子山旅游区。,47.5519693,122.8514373,wgs84
江桥抗战纪念地,4A,黑龙江,齐齐哈尔市,泰来县,黑龙江省齐齐哈尔市泰来县江桥镇政府江桥抗战纪念地,景点景区,国家4A旅游景区。所属地：黑龙江·齐齐哈尔市·泰来县。地址：黑龙江省齐齐哈尔市泰来县江桥镇政府江桥抗战纪念地。,46.8550207,123.7616735,wgs84
泰湖国家湿地公园,4A,黑龙江,齐齐哈尔市,泰来县,黑龙江省齐齐哈尔市泰来县泰湖公园正门泰湖国家湿地公园,景点景区,国家4A旅游景区。所属地：黑龙江·齐齐哈尔市·泰来县。地址：黑龙江省齐齐哈尔市泰来县泰湖公园正门泰湖国家湿地公园。,46.3884491,123.4224659,wgs84
扎龙温泉旅游名镇（鹤之汤）度假景区,4A,黑龙江,齐齐哈尔市,铁锋区,黑龙江省齐齐哈尔市铁峰区齐扎公路15公里处扎龙温泉旅游名镇（鹤之汤）度假景区,景点景区,国家4A旅游景区。所属地：黑龙江·齐齐哈尔市·铁锋区。地址：黑龙江省齐齐哈尔市铁峰区齐扎公路15公里处扎龙温泉旅游名镇（鹤之汤）度假景区。,47.3385388,124.0318004,wgs84
扎龙生态旅游区,4A,黑龙江,齐齐哈尔市,龙沙区,黑龙江省齐齐哈尔市龙沙区育云街233号扎龙生态旅游区,景点景区,国家4A旅游景区。所属地：黑龙江·齐齐哈尔市·龙沙区。地址：黑龙江省齐齐哈尔市龙沙区育云街233号扎龙生态旅游区。,47.3152344,123.9509285,wgs84
水师森林温泉度假区,4A,黑龙江,齐齐哈尔市,昂昂溪区,黑龙江省齐齐哈尔市昂昂渓区水师苜镇水师森林温泉度假区,景点景区,国家4A旅游景区。所属地：黑龙江·齐齐哈尔市·昂昂溪区。地址：黑龙江省齐齐哈尔市昂昂渓区水师苜镇水师森林温泉度假区。,47.2539989,124.0024709,wgs84
齐齐哈尔市龙沙公园景区,4A,黑龙江,齐齐哈尔市,龙沙区,黑龙江省齐齐哈尔市龙沙区公园路36号齐齐哈尔市龙沙公园景区,景点景区,国家4A旅游景区。所属地：黑龙江·齐齐哈尔市·龙沙区。地址：黑龙江省齐齐哈尔市龙沙区公园路36号齐齐哈尔市龙沙公园景区。,47.3395174,123.9355682,wgs84
齐齐哈尔龙沙动植物园,4A,黑龙江,齐齐哈尔市,建华区,黑龙江省齐齐哈尔市建华区碾北公路1号齐齐哈尔龙沙动植物园,景点景区,国家4A旅游景区。所属地：黑龙江·齐齐哈尔市·建华区。地址：黑龙江省齐齐哈尔市建华区碾北公路1号齐齐哈尔龙沙动植物园。,47.3840916,123.9417754,wgs84
明月岛景区,4A,黑龙江,齐齐哈尔市,建华区,黑龙江省齐齐哈尔市建华区沿江北街明月岛景区,景点景区,国家4A旅游景区。所属地：黑龙江·齐齐哈尔市·建华区。地址：黑龙江省齐齐哈尔市建华区沿江北街明月岛景区。,47.3739510,123.9208652,wgs84
牡丹江宁安火山口国家森林公园,4A,黑龙江,牡丹江市,宁安市,黑龙江省宁安市林业局火山口森林公园牡丹江宁安火山口国家森林公园,景点景区,国家4A旅游景区。所属地：黑龙江·牡丹江市·宁安市。地址：黑龙江省宁安市林业局火山口森林公园牡丹江宁安火山口国家森林公园。,44.3413991,129.4769641,wgs84
牡丹江市宁安渤海上京龙泉府遗址旅游景区,4A,黑龙江,牡丹江市,宁安市,黑龙江省宁安市渤海镇牡丹江市宁安渤海上京龙泉府遗址旅游景区,景点景区,国家4A旅游景区。所属地：黑龙江·牡丹江市·宁安市。地址：黑龙江省宁安市渤海镇牡丹江市宁安渤海上京龙泉府遗址旅游景区。,44.1055223,129.1475322,wgs84
牡丹江市飞龙潭山庄景区,4A,黑龙江,牡丹江市,宁安市,黑龙江省镜泊湖北门向西5公里虹縛鱼场东侧牡丹江市飞龙潭山庄景区,景点景区,国家4A旅游景区。所属地：黑龙江·牡丹江市·宁安市。地址：黑龙江省镜泊湖北门向西5公里虹縛鱼场东侧牡丹江市飞龙潭山庄景区。,44.0621492,128.8954962,wgs84
雪乡旅游区,4A,黑龙江,牡丹江市,海林市,黑龙江省大海林林业局雪乡旅游区,景点景区,国家4A旅游景区。所属地：黑龙江·牡丹江市·海林市。地址：黑龙江省大海林林业局雪乡旅游区。,44.4724883,128.9164279,wgs84
森工牡丹江柴河九寨旅游景区,4A,黑龙江,牡丹江市,海林市,黑龙江省柴河林业局森工牡丹江柴河九寨旅游景区,景点景区,国家4A旅游景区。所属地：黑龙江·牡丹江市·海林市。地址：黑龙江省柴河林业局森工牡丹江柴河九寨旅游景区。,44.7589371,129.6801806,wgs84
牡丹江东宁要塞遗址,4A,黑龙江,牡丹江市,东宁市,黑龙江省东宁县三岔口镇景东宁市三岔口朝鲜族镇南山村南牡丹江东宁要塞遗址,景点景区,国家4A旅游景区。所属地：黑龙江·牡丹江市·东宁市。地址：黑龙江省东宁县三岔口镇景东宁市三岔口朝鲜族镇南山村南牡丹江东宁要塞遗址。,43.9466817,131.2179436,wgs84
牡丹江横道东北虎林园,4A,黑龙江,牡丹江市,海林市,黑龙江省横道河子东北虎林园牡丹江横道东北虎林园,景点景区,国家4A旅游景区。所属地：黑龙江·牡丹江市·海林市。地址：黑龙江省横道河子东北虎林园牡丹江横道东北虎林园。,44.7924275,129.1079412,wgs84
牡丹江市黑宝熊乐园水上大世界,4A,黑龙江,牡丹江市,爱民区,黑龙江省三道关国家森林公园牡丹江市黑宝熊乐园水上大世界,景点景区,国家4A旅游景区。所属地：黑龙江·牡丹江市·爱民区。地址：黑龙江省三道关国家森林公园牡丹江市黑宝熊乐园水上大世界。,44.7693373,129.4958481,wgs84
牡丹江市三道关国家森林公园旅游区,4A,黑龙江,牡丹江市,爱民区,黑龙江省爱民区北安乡三道关村牡丹江市三道关国家森林公园旅游区,景点景区,国家4A旅游景区。所属地：黑龙江·牡丹江市·爱民区。地址：黑龙江省爱民区北安乡三道关村牡丹江市三道关国家森林公园旅游区。,44.7683069,129.4885695,wgs84
牡丹江市海林亿龙水上风情园,4A,黑龙江,牡丹江市,海林市,黑龙江省海林市新安镇牡丹江市海林亿龙水上风情园,景点景区,国家4A旅游景区。所属地：黑龙江·牡丹江市·海林市。地址：黑龙江省海林市新安镇牡丹江市海林亿龙水上风情园。,44.4105960,129.0500054,wgs84
牡丹江市海浪河欢乐谷景区,4A,黑龙江,牡丹江市,海林市,黑龙江省海林市新安朝鲜族镇牡丹江市海浪河欢乐谷景区,景点景区,国家4A旅游景区。所属地：黑龙江·牡丹江市·海林市。地址：黑龙江省海林市新安朝鲜族镇牡丹江市海浪河欢乐谷景区。,44.4514458,129.1050508,wgs84
牡丹江市海林横道河子俄罗斯风情小镇旅游区,4A,黑龙江,牡丹江市,海林市,黑龙江省海林市横道河子镇牡丹江市海林横道河子俄罗斯风情小镇旅游区,景点景区,国家4A旅游景区。所属地：黑龙江·牡丹江市·海林市。地址：黑龙江省海林市横道河子镇牡丹江市海林横道河子俄罗斯风情小镇旅游区。,44.8167368,129.0637025,wgs84
汤原大亮子河国家森林公园,4A,黑龙江,佳木斯市,汤原县,黑龙江省汤原县大亮子河国家森林公园汤原大亮子河国家森林公园,景点景区,国家4A旅游景区。所属地：黑龙江·佳木斯市·汤原县。地址：黑龙江省汤原县大亮子河国家森林公园汤原大亮子河国家森林公园。,46.7315671,129.8987213,wgs84
富锦市国家湿地公园,4A,黑龙江,佳木斯市,富锦市,黑龙江省富锦市西平路南段富锦市国家湿地公园,景点景区,国家4A旅游景区。所属地：黑龙江·佳木斯市·富锦市。地址：黑龙江省富锦市西平路南段富锦市国家湿地公园。,46.9233571,131.7274050,wgs84
佳木斯市郊区敖其湾赫哲族旅游区,4A,黑龙江,佳木斯市,郊区,黑龙江省佳木斯市友谊路8号佳木斯市郊区敖其湾赫哲族旅游区,景点景区,国家4A旅游景区。所属地：黑龙江·佳木斯市·郊区。地址：黑龙江省佳木斯市友谊路8号佳木斯市郊区敖其湾赫哲族旅游区。,46.7509097,130.1220241,wgs84
同江市三江口生态旅游区,4A,黑龙江,佳木斯市,同江市,黑龙江省三江口生态旅游区同江市三江口生态旅游区,景点景区,国家4A旅游景区。所属地：黑龙江·佳木斯市·同江市。地址：黑龙江省三江口生态旅游区同江市三江口生态旅游区。,47.6990461,132.5244025,wgs84
同江市街津口赫哲旅游度假区,4A,黑龙江,佳木斯市,同江市,黑龙江省街津口赫哲族乡所在地同江市街津口赫哲旅游度假区,景点景区,国家4A旅游景区。所属地：黑龙江·佳木斯市·同江市。地址：黑龙江省街津口赫哲族乡所在地同江市街津口赫哲旅游度假区。,47.9331840,132.8404752,wgs84
黑瞎子岛旅游区,4A,黑龙江,佳木斯市,抚远市,黑龙江省抚远市迎宾路66号黑瞎子岛旅游区,景点景区,国家4A旅游景区。所属地：黑龙江·佳木斯市·抚远市。地址：黑龙江省抚远市迎宾路66号黑瞎子岛旅游区。,48.3554493,134.7457990,wgs84
黑脖子岛探秘野熊园,4A,黑龙江,佳木斯市,抚远市,黑龙江省抚远市迎宾路66号黑脖子岛探秘野熊园,景点景区,国家4A旅游景区。所属地：黑龙江·佳木斯市·抚远市。地址：黑龙江省抚远市迎宾路66号黑脖子岛探秘野熊园。,48.3626449,134.2972268,wgs84
桦南森林百年蒸汽小火车休闲旅游区,4A,黑龙江,佳木斯市,桦南县,黑龙江省桦南县森工林业局桦南森林百年蒸汽小火车休闲旅游区,景点景区,国家4A旅游景区。所属地：黑龙江·佳木斯市·桦南县。地址：黑龙江省桦南县森工林业局桦南森林百年蒸汽小火车休闲旅游区。,46.2544600,130.5998133,wgs84
铁人王进喜纪念馆景区,4A,黑龙江,大庆市,让胡路区,黑龙江省大庆市让胡咱中原路2号铁人王进喜纪念馆景区,景点景区,国家4A旅游景区。所属地：黑龙江·大庆市·让胡路区。地址：黑龙江省大庆市让胡咱中原路2号铁人王进喜纪念馆景区。,46.6061778,124.8788258,wgs84
大庆博物馆景区,4A,黑龙江,大庆市,龙凤区,黑龙江省大庆市高新开发区文苑街2号大庆博物馆景区,景点景区,国家4A旅游景区。所属地：黑龙江·大庆市·龙凤区。地址：黑龙江省大庆市高新开发区文苑街2号大庆博物馆景区。,46.5821691,125.1461626,wgs84
大庆赛车小镇,4A,黑龙江,大庆市,萨尔图区,黑龙江省大庆市萨尔图区北二路大庆赛车小镇,景点景区,国家4A旅游景区。所属地：黑龙江·大庆市·萨尔图区。地址：黑龙江省大庆市萨尔图区北二路大庆赛车小镇。,46.6713163,125.1021107,wgs84
大庆石油馆,4A,黑龙江,大庆市,萨尔图区,黑龙江省大庆市萨尔图区东风路6A号大庆石油馆,景点景区,国家4A旅游景区。所属地：黑龙江·大庆市·萨尔图区。地址：黑龙江省大庆市萨尔图区东风路6A号大庆石油馆。,46.5923156,125.0812536,wgs84
大庆市阿木塔蒙古风情岛旅游景区,4A,黑龙江,大庆市,杜尔伯特蒙古族自治县,黑龙江省大庆市杜尔伯特县胡吉土英镇东吐莫村阿木塔半岛大庆市阿木塔蒙古风情岛旅游景区,景点景区,国家4A旅游景区。所属地：黑龙江·大庆市·杜尔伯特蒙古族自治县。地址：黑龙江省大庆市杜尔伯特县胡吉土英镇东吐莫村阿木塔半岛大庆市阿木塔蒙古风情岛旅游景区。,46.5621676,124.0363717,wgs84
大庆市杜蒙富裕正洁寺旅游区,4A,黑龙江,大庆市,杜尔伯特蒙古族自治县,黑龙江省杜尔伯特蒙古族自治县旅游局大庆市杜蒙富裕正洁寺旅游区,景点景区,国家4A旅游景区。所属地：黑龙江·大庆市·杜尔伯特蒙古族自治县。地址：黑龙江省杜尔伯特蒙古族自治县旅游局大庆市杜蒙富裕正洁寺旅游区。,46.8634535,124.4372743,wgs84
大庆连环湖温泉景区,4A,黑龙江,大庆市,杜尔伯特蒙古族自治县,黑龙江省杜尔伯特蒙古族自治县旅游局大庆连环湖温泉景区,景点景区,国家4A旅游景区。所属地：黑龙江·大庆市·杜尔伯特蒙古族自治县。地址：黑龙江省杜尔伯特蒙古族自治县旅游局大庆连环湖温泉景区。,46.6730781,124.0995996,wgs84
大庆市黑龙江伊利乳业工业旅游景区,4A,黑龙江,大庆市,杜尔伯特蒙古族自治县,黑龙江省黑龙江省大庆市杜尔伯特县德力戈尔开发区大庆市黑龙江伊利乳业工业旅游景区,景点景区,国家4A旅游景区。所属地：黑龙江·大庆市·杜尔伯特蒙古族自治县。地址：黑龙江省黑龙江省大庆市杜尔伯特县德力戈尔开发区大庆市黑龙江伊利乳业工业旅游景区。,46.8344094,124.4870341,wgs84
林甸北方温泉欢乐谷,4A,黑龙江,大庆市,林甸县,黑龙江省大庆市林甸县欢乐谷东门办公室林甸北方温泉欢乐谷,景点景区,国家4A旅游景区。所属地：黑龙江·大庆市·林甸县。地址：黑龙江省大庆市林甸县欢乐谷东门办公室林甸北方温泉欢乐谷。,47.1719589,124.8509429,wgs84
大庆市北国温泉养生休闲广场,4A,黑龙江,大庆市,林甸县,黑龙江省林甸镇庆丰街南三段路西大庆市北国温泉养生休闲广场,景点景区,国家4A旅游景区。所属地：黑龙江·大庆市·林甸县。地址：黑龙江省林甸镇庆丰街南三段路西大庆市北国温泉养生休闲广场。,47.1742828,124.8571594,wgs84
大庆鹤呜湖湿地温泉风景区,4A,黑龙江,大庆市,林甸县,黑龙江省大庆市林甸县鹤呜湖镇鹤呜湖大庆鹤呜湖湿地温泉风景区,景点景区,国家4A旅游景区。所属地：黑龙江·大庆市·林甸县。地址：黑龙江省大庆市林甸县鹤呜湖镇鹤呜湖大庆鹤呜湖湿地温泉风景区。,47.2801720,124.5324986,wgs84
大庆市林甸飞泼四季温泉景区,4A,黑龙江,大庆市,林甸县,黑龙江省林甸县城南新区大庆市林甸飞泼四季温泉景区,景点景区,国家4A旅游景区。所属地：黑龙江·大庆市·林甸县。地址：黑龙江省林甸县城南新区大庆市林甸飞泼四季温泉景区。,47.1808430,124.8656795,wgs84
东方红湿地旅游景区,4A,黑龙江,哈尔滨市,方正县,黑龙江省东方红林业局机关大楼东方红湿地旅游景区,景点景区,国家4A旅游景区。所属地：黑龙江·哈尔滨市·方正县。地址：黑龙江省东方红林业局机关大楼东方红湿地旅游景区。,45.6719987,128.9509487,wgs84
北大荒书法长廊文化中心,4A,黑龙江,鸡西市,密山市,黑龙江省密山市北大荒书法长廊文化中心北大荒书法长廊文化中心,景点景区,国家4A旅游景区。所属地：黑龙江·鸡西市·密山市。地址：黑龙江省密山市北大荒书法长廊文化中心北大荒书法长廊文化中心。,45.6448751,131.8317167,wgs84
密山市铁西森林公园,4A,黑龙江,鸡西市,密山市,黑龙江省密山市铁西企业公司密山市铁西森林公园,景点景区,国家4A旅游景区。所属地：黑龙江·鸡西市·密山市。地址：黑龙江省密山市铁西企业公司密山市铁西森林公园。,45.6124001,131.5464354,wgs84
黑龙江省农垦当壁镇兴凯湖旅游度假区,4A,黑龙江,鸡西市,密山市,黑龙江省黑龙江省密山市当壁镇十连黑龙江省农垦当壁镇兴凯湖旅游度假区,景点景区,国家4A旅游景区。所属地：黑龙江·鸡西市·密山市。地址：黑龙江省黑龙江省密山市当壁镇十连黑龙江省农垦当壁镇兴凯湖旅游度假区。,45.2731665,132.0146952,wgs84
兴凯湖新开流景区,4A,黑龙江,鸡西市,鸡冠区,黑龙江省鸡西市鸡冠区东风路88号兴凯湖新开流景区,景点景区,国家4A旅游景区。所属地：黑龙江·鸡西市·鸡冠区。地址：黑龙江省鸡西市鸡冠区东风路88号兴凯湖新开流景区。,45.2973079,130.9664396,wgs84
麒麟山景区,4A,黑龙江,鸡西市,鸡东县,黑龙江省鸡东县兴农镇麒麟山景区,景点景区,国家4A旅游景区。所属地：黑龙江·鸡西市·鸡东县。地址：黑龙江省鸡东县兴农镇麒麟山景区。,45.5001814,130.9513588,wgs84
安邦河国家湿地公园,4A,黑龙江,双鸭山市,集贤县,黑龙江省集贤县保卫路321号安邦河国家湿地公园,景点景区,国家4A旅游景区。所属地：黑龙江·双鸭山市·集贤县。地址：黑龙江省集贤县保卫路321号安邦河国家湿地公园。,46.7210724,131.1280799,wgs84
北大荒农机博览园,4A,黑龙江,双鸭山市,友谊县,黑龙江省双鸭山市友谊县挹娄大街北大荒农机博览园,景点景区,国家4A旅游景区。所属地：黑龙江·双鸭山市·友谊县。地址：黑龙江省双鸭山市友谊县挹娄大街北大荒农机博览园。,46.7614172,131.7716059,wgs84
青山国家森林公园,4A,黑龙江,双鸭山市,尖山区,黑龙江省黑龙江省双鸭山市尖山区二马路55号青山国家森林公园,景点景区,国家4A旅游景区。所属地：黑龙江·双鸭山市·尖山区。地址：黑龙江省黑龙江省双鸭山市尖山区二马路55号青山国家森林公园。,46.6334095,131.1459750,wgs84
雁窝岛旅游景区,4A,黑龙江,双鸭山市,宝清县,黑龙江省八五三农场雁窝岛旅游景区,景点景区,国家4A旅游景区。所属地：黑龙江·双鸭山市·宝清县。地址：黑龙江省八五三农场雁窝岛旅游景区。,46.5231936,132.9921762,wgs84
嘉萌恐龙国家地质公园,4A,黑龙江,伊春市,,黑龙江省伊春市嘉萌县嘉萌恐龙国家地质公园,景点景区,国家4A旅游景区。所属地：黑龙江·伊春市。地址：黑龙江省伊春市嘉萌县嘉萌恐龙国家地质公园。,47.7252560,128.8340829,wgs84
帰荫茅兰沟森林旅游景区,4A,黑龙江,伊春市,嘉荫县,黑龙江省伊春市嘉荫县向阳乡帰荫茅兰沟森林旅游景区,景点景区,国家4A旅游景区。所属地：黑龙江·伊春市·嘉荫县。地址：黑龙江省伊春市嘉荫县向阳乡帰荫茅兰沟森林旅游景区。,49.1087931,129.7618131,wgs84
伊春小兴安岭桃山景区（悬羊峰）,4A,黑龙江,伊春市,铁力市,黑龙江省桃山镇伊春小兴安岭桃山景区（悬羊峰）,景点景区,国家4A旅游景区。所属地：黑龙江·伊春市·铁力市。地址：黑龙江省桃山镇伊春小兴安岭桃山景区（悬羊峰）。,46.9336061,128.1627894,wgs84
伊春桃山桃源湖旅游区,4A,黑龙江,伊春市,铁力市,黑龙江省桃山镇伊春桃山桃源湖旅游区,景点景区,国家4A旅游景区。所属地：黑龙江·伊春市·铁力市。地址：黑龙江省桃山镇伊春桃山桃源湖旅游区。,46.8734374,128.2327002,wgs84
伊春市上甘岭溪水森林旅游区,4A,黑龙江,伊春市,友好区,黑龙江省黑龙江省伊春市上甘岭林业局溪水经苜伊春市上甘岭溪水森林旅游区,景点景区,国家4A旅游景区。所属地：黑龙江·伊春市·友好区。地址：黑龙江省黑龙江省伊春市上甘岭林业局溪水经苜伊春市上甘岭溪水森林旅游区。,47.9723375,129.0167105,wgs84
五苜国家森林公园,4A,黑龙江,大兴安岭地区,加格达奇区,黑龙江省五苜林海旅游公司五苜国家森林公园,景点景区,国家4A旅游景区。所属地：黑龙江·大兴安岭地区·加格达奇区。地址：黑龙江省五苜林海旅游公司五苜国家森林公园。,50.4173642,124.1298595,wgs84
伊春市九峰山养心谷景区,4A,黑龙江,伊春市,金林区,黑龙江省黑龙江省伊春市金林区九峰山养心谷景区伊春市九峰山养心谷景区,景点景区,国家4A旅游景区。所属地：黑龙江·伊春市·金林区。地址：黑龙江省黑龙江省伊春市金林区九峰山养心谷景区伊春市九峰山养心谷景区。,47.3641265,129.5559829,wgs84
伊春美溪回龙湾国家森林公园,4A,黑龙江,伊春市,伊美区,黑龙江省黑龙江省伊春市伊美区鹤伊公路110公里处伊春美溪回龙湾国家森林公园,景点景区,国家4A旅游景区。所属地：黑龙江·伊春市·伊美区。地址：黑龙江省黑龙江省伊春市伊美区鹤伊公路110公里处伊春美溪回龙湾国家森林公园。,47.6332069,129.1239455,wgs84
伊春市锦绣山水公园旅游区,4A,黑龙江,佳木斯市,前进区,黑龙江省前进办扶林委护林街伊春市锦绣山水公园旅游区,景点景区,国家4A旅游景区。所属地：黑龙江·佳木斯市·前进区。地址：黑龙江省前进办扶林委护林街伊春市锦绣山水公园旅游区。,46.8117911,130.3671475,wgs84
伊春市新背湿地公园景区,4A,黑龙江,伊春市,丰林县,黑龙江省黑龙江省伊春市丰林县新育镇新有湿地公园伊春市新背湿地公园景区,景点景区,国家4A旅游景区。所属地：黑龙江·伊春市·丰林县。地址：黑龙江省黑龙江省伊春市丰林县新育镇新有湿地公园伊春市新背湿地公园景区。,48.2082698,129.7726988,wgs84
萝北名山景区,4A,黑龙江,鹤岗市,萝北县,黑龙江省鹤岗市萝北县名山镇萝北名山景区,景点景区,国家4A旅游景区。所属地：黑龙江·鹤岗市·萝北县。地址：黑龙江省鹤岗市萝北县名山镇萝北名山景区。,47.6768436,131.0733792,wgs84
萝北太平沟景区,4A,黑龙江,鹤岗市,萝北县,黑龙江省鹤岗市萝北县太平沟林场萝北太平沟景区,景点景区,国家4A旅游景区。所属地：黑龙江·鹤岗市·萝北县。地址：黑龙江省鹤岗市萝北县太平沟林场萝北太平沟景区。,47.6236341,130.3194378,wgs84
鹤岗市绥滨月牙湖北方民族园景区,4A,黑龙江,鹤岗市,绥滨县,黑龙江省鹤岗市绥滨县忠仁镇中兴村鹤岗市绥滨月牙湖北方民族园景区,景点景区,国家4A旅游景区。所属地：黑龙江·鹤岗市·绥滨县。地址：黑龙江省鹤岗市绥滨县忠仁镇中兴村鹤岗市绥滨月牙湖北方民族园景区。,47.6737161,132.0012775,wgs84
鹤岗市清源湖旅游景区,4A,黑龙江,鹤岗市,东山区,黑龙江省鹤岗市东山区鹤伊公路9公里处鹤岗市清源湖旅游景区,景点景区,国家4A旅游景区。所属地：黑龙江·鹤岗市·东山区。地址：黑龙江省鹤岗市东山区鹤伊公路9公里处鹤岗市清源湖旅游景区。,47.3473332,130.1236370,wgs84
鹤岗森林公园景区,4A,黑龙江,鹤岗市,东山区,黑龙江省鹤岗市东山区北20公里处鹤岗森林公园景区,景点景区,国家4A旅游景区。所属地：黑龙江·鹤岗市·东山区。地址：黑龙江省鹤岗市东山区北20公里处鹤岗森林公园景区。,47.3360763,130.3091842,wgs84
玻辉历史陈列馆,4A,黑龙江,黑河市,爱辉区,黑龙江省黑龙江省黑河市瑞珪镇萨布素街玻辉历史陈列馆,景点景区,国家4A旅游景区。所属地：黑龙江·黑河市·爱辉区。地址：黑龙江省黑龙江省黑河市瑞珪镇萨布素街玻辉历史陈列馆。,49.9614796,127.4541312,wgs84
黑河中俄民族风情园,4A,黑龙江,黑河市,爱辉区,黑龙江省文化街17号国有控股投资集团黑河中俄民族风情园,景点景区,国家4A旅游景区。所属地：黑龙江·黑河市·爱辉区。地址：黑龙江省文化街17号国有控股投资集团黑河中俄民族风情园。,50.2513029,127.4866577,wgs84
北安市庆华军工遗址旅游区,4A,黑龙江,黑河市,北安市,黑龙江省北安市乌裕尔大街一号北安市庆华军工遗址旅游区,景点景区,国家4A旅游景区。所属地：黑龙江·黑河市·北安市。地址：黑龙江省北安市乌裕尔大街一号北安市庆华军工遗址旅游区。,48.2415422,126.5208157,wgs84
山口湖景区,4A,黑龙江,黑河市,五大连池市,黑龙江省五大连池市和平大街132号山口湖景区,景点景区,国家4A旅游景区。所属地：黑龙江·黑河市·五大连池市。地址：黑龙江省五大连池市和平大街132号山口湖景区。,48.5090757,126.1929993,wgs84
大沾河国家森林公园景区,4A,黑龙江,哈尔滨市,道里区,黑龙江省黑龙江省沾河林业局综合楼大沾河国家森林公园景区,景点景区,国家4A旅游景区。所属地：黑龙江·哈尔滨市·道里区。地址：黑龙江省黑龙江省沾河林业局综合楼大沾河国家森林公园景区。,45.7643320,126.6264367,wgs84
农垦嫩江农场源明湖旅游区,4A,黑龙江,黑河市,嫩江市,黑龙江省黑龙江省嫩江市嫩江农场农垦嫩江农场源明湖旅游区,景点景区,国家4A旅游景区。所属地：黑龙江·黑河市·嫩江市。地址：黑龙江省黑龙江省嫩江市嫩江农场农垦嫩江农场源明湖旅游区。,49.2664393,125.2204353,wgs84
笨东市伊利乳业工业旅游景区,4A,黑龙江,哈尔滨市,呼兰区,黑龙江省黑龙江省榮东市榮昌路11公里处笨东市伊利乳业工业旅游景区,景点景区,国家4A旅游景区。所属地：黑龙江·哈尔滨市·呼兰区。地址：黑龙江省黑龙江省榮东市榮昌路11公里处笨东市伊利乳业工业旅游景区。,45.8630812,126.5363530,wgs84
绥棱林业局生态文化旅游景区,4A,黑龙江,绥化市,绥棱县,黑龙江省黑龙江省绥棱林业局绥棱林业局生态文化旅游景区,景点景区,国家4A旅游景区。所属地：黑龙江·绥化市·绥棱县。地址：黑龙江省黑龙江省绥棱林业局绥棱林业局生态文化旅游景区。,47.2503751,127.0944099,wgs84
加格达奇林业局百泉谷生态旅游景区,4A,黑龙江,大兴安岭地区,加格达奇区,黑龙江省百泉谷管委会加格达奇林业局百泉谷生态旅游景区,景点景区,国家4A旅游景区。所属地：黑龙江·大兴安岭地区·加格达奇区。地址：黑龙江省百泉谷管委会加格达奇林业局百泉谷生态旅游景区。,50.4141153,124.1227837,wgs84
寒温带植物园,4A,黑龙江,大兴安岭地区,加格达奇区,黑龙江省加格达奇区寒温带植物园,景点景区,国家4A旅游景区。所属地：黑龙江·大兴安岭地区·加格达奇区。地址：黑龙江省加格达奇区寒温带植物园。,50.3651362,124.0877085,wgs84
东方明珠广播电视塔,5A,上海,上海市,浦东新区,上海浦东新区世纪大道1号东方明珠广播电视塔,景点景区,国家5A旅游景区。所属地：上海·上海市·浦东新区。地址：上海浦东新区世纪大道1号东方明珠广播电视塔。,31.2416658,121.4953601,wgs84
上海野生动物园,5A,上海,上海市,浦东新区,上海浦东新区南六公路178号上海野生动物园,景点景区,国家5A旅游景区。所属地：上海·上海市·浦东新区。地址：上海浦东新区南六公路178号上海野生动物园。,31.0572564,121.7173205,wgs84
上海科技馆,5A,上海,上海市,浦东新区,上海浦东新区世纪大道2000号上海科技馆,景点景区,国家5A旅游景区。所属地：上海·上海市·浦东新区。地址：上海浦东新区世纪大道2000号上海科技馆。,31.2212644,121.5381916,wgs84
中国共产党一大·二大·四大纪念馆,5A,上海,上海市,静安区,上海黄浦区黄陂南路374号（一大）、静安区老成都北路7弄30号（二大）、虹口区四川北路1468号（四大）中国共产党一大·二大·四大纪念馆,景点景区,国家5A旅游景区。所属地：上海·上海市·静安区。地址：上海黄浦区黄陂南路374号（一大）、静安区老成都北路7弄30号（二大）、虹口区四川北路1468号（四大）中国共产党一大·二大·四大纪念馆。,31.2261043,121.4620984,wgs84
上海博物馆,4A,上海,上海市,黄浦区,上海黄浦区人民大道201号上海博物馆,景点景区,国家4A旅游景区。所属地：上海·上海市·黄浦区。地址：上海黄浦区人民大道201号上海博物馆。,31.2301801,121.4709983,wgs84
上海余山国家森林公园,4A,上海,上海市,松江区,上海松江区外青松公路9258号上海余山国家森林公园,景点景区,国家4A旅游景区。所属地：上海·上海市·松江区。地址：上海松江区外青松公路9258号上海余山国家森林公园。,31.0972886,121.1919082,wgs84
上海豫园,4A,上海,上海市,黄浦区,上海黄浦区獴园老街279号上海豫园,景点景区,国家4A旅游景区。所属地：上海·上海市·黄浦区。地址：上海黄浦区獴园老街279号上海豫园。,31.2243980,121.4863534,wgs84
金茂大厦88层现光厅,4A,上海,上海市,浦东新区,上海浦东新区世纪大道88号金茂大厦88层现光厅,景点景区,国家4A旅游景区。所属地：上海·上海市·浦东新区。地址：上海浦东新区世纪大道88号金茂大厦88层现光厅。,31.2373183,121.5011865,wgs84
上海城市规划展示馆,4A,上海,上海市,黄浦区,上海黄浦区人民大道100号上海城市规划展示馆,景点景区,国家4A旅游景区。所属地：上海·上海市·黄浦区。地址：上海黄浦区人民大道100号上海城市规划展示馆。,31.2333979,121.4710923,wgs84
东平国家森林公园,4A,上海,上海市,崇明区,上海崇明区北沿公路2188号东平国家森林公园,景点景区,国家4A旅游景区。所属地：上海·上海市·崇明区。地址：上海崇明区北沿公路2188号东平国家森林公园。,31.6857916,121.4765870,wgs84
上海动物园,4A,上海,上海市,长宁区,上海长宁区虹桥路2381居上海动物园,景点景区,国家4A旅游景区。所属地：上海·上海市·长宁区。地址：上海长宁区虹桥路2381居上海动物园。,31.1947683,121.3581151,wgs84
上海世纪公园,4A,上海,上海市,浦东新区,上海浦东新区锦绣路1001号上海世纪公园,景点景区,国家4A旅游景区。所属地：上海·上海市·浦东新区。地址：上海浦东新区锦绣路1001号上海世纪公园。,31.2178779,121.5482840,wgs84
上海大姐园,4A,上海,上海市,青浦区,上海青浦区青商路701号上海大姐园,景点景区,国家4A旅游景区。所属地：上海·上海市·青浦区。地址：上海青浦区青商路701号上海大姐园。,31.0678443,120.9144415,wgs84
上海共青森林公园,4A,上海,上海市,杨浦区,上海杨浦区军工路2000居上海共青森林公园,景点景区,国家4A旅游景区。所属地：上海·上海市·杨浦区。地址：上海杨浦区军工路2000居上海共青森林公园。,31.3210019,121.5477019,wgs84
朱家角古镇,4A,上海,上海市,青浦区,上海青浦区朱家角镇内朱家角古镇,景点景区,国家4A旅游景区。所属地：上海·上海市·青浦区。地址：上海青浦区朱家角镇内朱家角古镇。,31.1114099,121.0494128,wgs84
上海古猗园,4A,上海,上海市,嘉定区,上海嘉定区沪宜公路218号上海古猗园,景点景区,国家4A旅游景区。所属地：上海·上海市·嘉定区。地址：上海嘉定区沪宜公路218号上海古猗园。,31.2938627,121.3121932,wgs84
上海方塔园,4A,上海,上海市,松江区,上海松江区中山东路235号上海方塔园,景点景区,国家4A旅游景区。所属地：上海·上海市·松江区。地址：上海松江区中山东路235号上海方塔园。,31.0065002,121.2420988,wgs84
上海市青少年校外活动营地-东方绿舟,4A,上海,上海市,青浦区,上海青浦区沪青平公路6888号上海市青少年校外活动营地-东方绿舟,景点景区,国家4A旅游景区。所属地：上海·上海市·青浦区。地址：上海青浦区沪青平公路6888号上海市青少年校外活动营地-东方绿舟。,31.1098899,121.0062038,wgs84
枫泾古镇,4A,上海,上海市,金山区,上海金山区亭根公路8588弄28号枫泾古镇,景点景区,国家4A旅游景区。所属地：上海·上海市·金山区。地址：上海金山区亭根公路8588弄28号枫泾古镇。,30.8890081,121.0119862,wgs84
锦江乐园,4A,上海,上海市,闵行区,上海闵行区虹梅路201号锦江乐园,景点景区,国家4A旅游景区。所属地：上海·上海市·闵行区。地址：上海闵行区虹梅路201号锦江乐园。,31.1413576,121.4039614,wgs84
金山城市沙渊景区,4A,上海,上海市,金山区,上海金山区浩源路289号城投大厦1512室金山城市沙渊景区,景点景区,国家4A旅游景区。所属地：上海·上海市·金山区。地址：上海金山区浩源路289号城投大厦1512室金山城市沙渊景区。,30.7421328,121.3345031,wgs84
碧海金沙景区,4A,上海,上海市,奉贤区,上海奉贤区海湾旅游区海通路6号碧海金沙景区,景点景区,国家4A旅游景区。所属地：上海·上海市·奉贤区。地址：上海奉贤区海湾旅游区海通路6号碧海金沙景区。,30.8218895,121.5467568,wgs84
上海海洋水族馆,4A,上海,上海市,浦东新区,上海浦东新区陆家嘴环路1388号上海海洋水族馆,景点景区,国家4A旅游景区。所属地：上海·上海市·浦东新区。地址：上海浦东新区陆家嘴环路1388号上海海洋水族馆。,31.2427345,121.4974124,wgs84
上海鲜花港,4A,上海,上海市,浦东新区,上海浦东新区东海农场振东路2号上海鲜花港,景点景区,国家4A旅游景区。所属地：上海·上海市·浦东新区。地址：上海浦东新区东海农场振东路2号上海鲜花港。,30.9464752,121.8985146,wgs84
上海月湖雕塑公园,4A,上海,上海市,松江区,上海松江区余山度偏区林荫新路1158号上海月湖雕塑公园,景点景区,国家4A旅游景区。所属地：上海·上海市·松江区。地址：上海松江区余山度偏区林荫新路1158号上海月湖雕塑公园。,31.1032089,121.2020036,wgs84
上海嘉定州桥,4A,上海,上海市,嘉定区,上海嘉定区嘉定镇街道城中街40弄16-1上海嘉定州桥,景点景区,国家4A旅游景区。所属地：上海·上海市·嘉定区。地址：上海嘉定区嘉定镇街道城中街40弄16-1上海嘉定州桥。,31.3827771,121.2510411,wgs84
上海都市菜园景区,4A,上海,上海市,奉贤区,上海奉贤区海湾镌海兴路888弄上海都市菜园景区,景点景区,国家4A旅游景区。所属地：上海·上海市·奉贤区。地址：上海奉贤区海湾镌海兴路888弄上海都市菜园景区。,30.8654693,121.5857165,wgs84
上海长风公园•长风海洋世界景区,4A,上海,上海市,普陀区,上海普陀区大渡河路189号上海长风公园•长风海洋世界景区,景点景区,国家4A旅游景区。所属地：上海·上海市·普陀区。地址：上海普陀区大渡河路189号上海长风公园•长风海洋世界景区。,31.2269150,121.3948572,wgs84
前卫生态村,4A,上海,上海市,崇明区,上海崇明区竖新镇前卫村前卫生态村,景点景区,国家4A旅游景区。所属地：上海·上海市·崇明区。地址：上海崇明区竖新镇前卫村前卫生态村。,31.7215583,121.5070573,wgs84
上海海湾国家森林公园,4A,上海,上海市,奉贤区,上海奉贤区海湾镇随塘河路1677号上海海湾国家森林公园,景点景区,国家4A旅游景区。所属地：上海·上海市·奉贤区。地址：上海奉贤区海湾镇随塘河路1677号上海海湾国家森林公园。,30.8636783,121.6863280,wgs84
中国航海博物馆,4A,上海,上海市,浦东新区,上海浦东新区临港新城申港大道197号中国航海博物馆,景点景区,国家4A旅游景区。所属地：上海·上海市·浦东新区。地址：上海浦东新区临港新城申港大道197号中国航海博物馆。,30.8984735,121.9154955,wgs84
上海欢乐谷,4A,上海,上海市,松江区,上海松江区余山林湖路888号上海欢乐谷,景点景区,国家4A旅游景区。所属地：上海·上海市·松江区。地址：上海松江区余山林湖路888号上海欢乐谷。,31.0981597,121.2103249,wgs84
上海环球金融中心败光厅,4A,上海,上海市,浦东新区,上海浦东新区世纪大道100号上海环球金融中心败光厅,景点景区,国家4A旅游景区。所属地：上海·上海市·浦东新区。地址：上海浦东新区世纪大道100号上海环球金融中心败光厅。,31.2355751,121.5028817,wgs84
上海植物园,4A,上海,上海市,徐汇区,上海徐汇区龙吴路1111号上海植物园,景点景区,国家4A旅游景区。所属地：上海·上海市·徐汇区。地址：上海徐汇区龙吴路1111号上海植物园。,31.1491375,121.4397331,wgs84
上海南翔景区,4A,上海,上海市,嘉定区,上海嘉定区南翔镇解放街206号上海南翔景区,景点景区,国家4A旅游景区。所属地：上海·上海市·嘉定区。地址：上海嘉定区南翔镇解放街206号上海南翔景区。,31.2936320,121.3047011,wgs84
上海明珠湖•西沙湿地景区,4A,上海,上海市,崇明区,上海崇明区三华公路333号上海明珠湖•西沙湿地景区,景点景区,国家4A旅游景区。所属地：上海·上海市·崇明区。地址：上海崇明区三华公路333号上海明珠湖•西沙湿地景区。,31.7521684,121.2518623,wgs84
上海宋庆龄故居纪念馆,4A,上海,上海市,徐汇区,上海徐汇区淮海中路1843号上海宋庆龄故居纪念馆,景点景区,国家4A旅游景区。所属地：上海·上海市·徐汇区。地址：上海徐汇区淮海中路1843号上海宋庆龄故居纪念馆。,31.2059416,121.4343824,wgs84
上海东林寺景区,4A,上海,上海市,金山区,上海金山区朱泾镇东林街150号上海东林寺景区,景点景区,国家4A旅游景区。所属地：上海·上海市·金山区。地址：上海金山区朱泾镇东林街150号上海东林寺景区。,30.8959670,121.1614935,wgs84
上海顾村公园景区,4A,上海,上海市,宝山区,上海宝山区沪太路4788号环岛路1号上海顾村公园景区,景点景区,国家4A旅游景区。所属地：上海·上海市·宝山区。地址：上海宝山区沪太路4788号环岛路1号上海顾村公园景区。,31.3479640,121.3771166,wgs84
上海徐家汇源昙区,4A,上海,上海市,徐汇区,上海徐汇区漕浜北路90号上海徐家汇源昙区,景点景区,国家4A旅游景区。所属地：上海·上海市·徐汇区。地址：上海徐汇区漕浜北路90号上海徐家汇源昙区。,31.1876316,121.4281824,wgs84
上海辰山植物园,4A,上海,上海市,松江区,上海松江区辰花公路3888号上海辰山植物园,景点景区,国家4A旅游景区。所属地：上海·上海市·松江区。地址：上海松江区辰花公路3888号上海辰山植物园。,31.0779553,121.1780025,wgs84
上海炮台湾景区,4A,上海,上海市,宝山区,上海宝山区塘后路206号上海炮台湾景区,景点景区,国家4A旅游景区。所属地：上海·上海市·宝山区。地址：上海宝山区塘后路206号上海炮台湾景区。,31.3958525,121.5019708,wgs84
上海宝山国际民间艺术博览馆景区,4A,上海,上海市,宝山区,上海宝山区沪太路4788号上海宝山国际民间艺术博览馆景区,景点景区,国家4A旅游景区。所属地：上海·上海市·宝山区。地址：上海宝山区沪太路4788号上海宝山国际民间艺术博览馆景区。,31.3455579,121.3838079,wgs84
上海汽车博览公园,4A,上海,上海市,嘉定区,上海嘉定区博园路7。01号上海汽车博览公园,景点景区,国家4A旅游景区。所属地：上海·上海市·嘉定区。地址：上海嘉定区博园路7。01号上海汽车博览公园。,31.2804365,121.1692043,wgs84
上海闻道园,4A,上海,上海市,宝山区,上海宝山区藩泾路2888号上海闻道园,景点景区,国家4A旅游景区。所属地：上海·上海市·宝山区。地址：上海宝山区藩泾路2888号上海闻道园。,31.4389020,121.3484609,wgs84
上海江南三民文化村景区,4A,上海,上海市,崇明区,上海崇明区林风公路2201号上海江南三民文化村景区,景点景区,国家4A旅游景区。所属地：上海·上海市·崇明区。地址：上海崇明区林风公路2201号上海江南三民文化村景区。,31.7209018,121.4945690,wgs84
上海国际时尚中心,4A,上海,上海市,杨浦区,上海杨浦区杨树浦路2866号上海国际时尚中心,景点景区,国家4A旅游景区。所属地：上海·上海市·杨浦区。地址：上海杨浦区杨树浦路2866号上海国际时尚中心。,31.2735060,121.5538182,wgs84
上海召稼楼景区,4A,上海,上海市,闵行区,上海闵行区浦江镇沈社公路（近苏召路）上海召稼楼景区,景点景区,国家4A旅游景区。所属地：上海·上海市·闵行区。地址：上海闵行区浦江镇沈社公路（近苏召路）上海召稼楼景区。,31.0774555,121.5454382,wgs84
上海玻璃博物馆,4A,上海,上海市,宝山区,上海宝山区长江西路685号上海玻璃博物馆,景点景区,国家4A旅游景区。所属地：上海·上海市·宝山区。地址：上海宝山区长江西路685号上海玻璃博物馆。,31.3455448,121.4673228,wgs84
上海国际赛车场旅游景区,4A,上海,上海市,嘉定区,上海嘉定区伊宁路2199号上海国际赛车场旅游景区,景点景区,国家4A旅游景区。所属地：上海·上海市·嘉定区。地址：上海嘉定区伊宁路2199号上海国际赛车场旅游景区。,31.3399474,121.2205543,wgs84
上海杜莎夫人蜡像馆,4A,上海,上海市,黄浦区,上海黄浦区南京西路2-68号新世界十楼上海杜莎夫人蜡像馆,景点景区,国家4A旅游景区。所属地：上海·上海市·黄浦区。地址：上海黄浦区南京西路2-68号新世界十楼上海杜莎夫人蜡像馆。,31.2365864,121.4688068,wgs84
陈云故里•练塘古镇景区,4A,上海,上海市,青浦区,上海青浦区朱根公路3516号陈云故里•练塘古镇景区,景点景区,国家4A旅游景区。所属地：上海·上海市·青浦区。地址：上海青浦区朱根公路3516号陈云故里•练塘古镇景区。,31.1118198,121.0493430,wgs84
上海市龙华烈士陵园,4A,上海,上海市,徐汇区,上海徐汇区龙华西路180号上海市龙华烈士陵园,景点景区,国家4A旅游景区。所属地：上海·上海市·徐汇区。地址：上海徐汇区龙华西路180号上海市龙华烈士陵园。,31.1779400,121.4450738,wgs84
上海幽视乐园,4A,上海,上海市,松江区,上海松江区车坳镇北松公路4915号上海幽视乐园,景点景区,国家4A旅游景区。所属地：上海·上海市·松江区。地址：上海松江区车坳镇北松公路4915号上海幽视乐园。,31.0133313,121.3074064,wgs84
上海英衣草公园,4A,上海,上海市,浦东新区,上海浦东新区申迪东路399弄187号上海英衣草公园,景点景区,国家4A旅游景区。所属地：上海·上海市·浦东新区。地址：上海浦东新区申迪东路399弄187号上海英衣草公园。,31.1446885,121.6696625,wgs84
上海联怡枇杷乐园,4A,上海,上海市,青浦区,上海青浦区外青松公路7166号上海联怡枇杷乐园,景点景区,国家4A旅游景区。所属地：上海·上海市·青浦区。地址：上海青浦区外青松公路7166号上海联怡枇杷乐园。,31.1285145,121.1184927,wgs84
上海金山嘴渔村,4A,上海,上海市,金山区,上海金山区沪杭公路6394号上海金山嘴渔村,景点景区,国家4A旅游景区。所属地：上海·上海市·金山区。地址：上海金山区沪杭公路6394号上海金山嘴渔村。,30.7351568,121.3717175,wgs84
上海北外^国客中心景区,4A,上海,上海市,虹口区,上海虹口区东大名路500号上海北外^国客中心景区,景点景区,国家4A旅游景区。所属地：上海·上海市·虹口区。地址：上海虹口区东大名路500号上海北外^国客中心景区。,31.2491670,121.4928905,wgs84
上海东滩湿地公园,4A,上海,上海市,崇明区,上海崇明区陈家镇东旺路（风车处）上海东滩湿地公园,景点景区,国家4A旅游景区。所属地：上海·上海市·崇明区。地址：上海崇明区陈家镇东旺路（风车处）上海东滩湿地公园。,31.5191103,121.9472776,wgs84
上海赛会生活文化园,4A,上海,上海市,浦东新区,上海浦东新区园中路888号上海赛会生活文化园,景点景区,国家4A旅游景区。所属地：上海·上海市·浦东新区。地址：上海浦东新区园中路888号上海赛会生活文化园。,31.0238826,121.7210787,wgs84
上海之巅荻光厅,4A,上海,上海市,浦东新区,上海浦东新区银城中路501号上海之巅荻光厅,景点景区,国家4A旅游景区。所属地：上海·上海市·浦东新区。地址：上海浦东新区银城中路501号上海之巅荻光厅。,31.2355519,121.5011425,wgs84
上海长兴岛郊野公园,4A,上海,上海市,崇明区,上海崇明区长兴谅秋柑路666号上海长兴岛郊野公园,景点景区,国家4A旅游景区。所属地：上海·上海市·崇明区。地址：上海崇明区长兴谅秋柑路666号上海长兴岛郊野公园。,31.4041453,121.7055189,wgs84
比斯特上海购物村景区,4A,上海,上海市,浦东新区,上海浦东新区申迪东路88号比斯特上海购物村景区,景点景区,国家4A旅游景区。所属地：上海·上海市·浦东新区。地址：上海浦东新区申迪东路88号比斯特上海购物村景区。,31.1426450,121.6752089,wgs84
上海浦江郊野公园景区,4A,上海,上海市,闵行区,上海闵行区浦星公路2578弄8号上海浦江郊野公园景区,景点景区,国家4A旅游景区。所属地：上海·上海市·闵行区。地址：上海闵行区浦星公路2578弄8号上海浦江郊野公园景区。,31.0598600,121.4918429,wgs84
上海张马景区,4A,上海,上海市,青浦区,上海青浦区朱家角镇沈太路2119号上海张马景区,景点景区,国家4A旅游景区。所属地：上海·上海市·青浦区。地址：上海青浦区朱家角镇沈太路2119号上海张马景区。,31.0447260,121.0805553,wgs84
上海海昌海洋公园,4A,上海,上海市,浦东新区,上海浦东新区南汇新城镇银飞路166号上海海昌海洋公园,景点景区,国家4A旅游景区。所属地：上海·上海市·浦东新区。地址：上海浦东新区南汇新城镇银飞路166号上海海昌海洋公园。,30.9179922,121.9026767,wgs84
上海闵行文化公园,4A,上海,上海市,闵行区,上海闵行区七宝镇吴中路2019号上海闵行文化公园,景点景区,国家4A旅游景区。所属地：上海·上海市·闵行区。地址：上海闵行区七宝镇吴中路2019号上海闵行文化公园。,31.1651841,121.3569229,wgs84
上海七宝古镇,4A,上海,上海市,闵行区,上海闵行区七宝滇横沥路108号上海七宝古镇,景点景区,国家4A旅游景区。所属地：上海·上海市·闵行区。地址：上海闵行区七宝滇横沥路108号上海七宝古镇。,31.1528456,121.3496762,wgs84
上海广富林文化邃址,4A,上海,上海市,松江区,上海松江区广富林路3206弄上海广富林文化邃址,景点景区,国家4A旅游景区。所属地：上海·上海市·松江区。地址：上海松江区广富林路3206弄上海广富林文化邃址。,31.0587411,121.1900049,wgs84
上海醉白池公园,4A,上海,上海市,松江区,上海松江区人民南路64号上海醉白池公园,景点景区,国家4A旅游景区。所属地：上海·上海市·松江区。地址：上海松江区人民南路64号上海醉白池公园。,31.0038549,121.2266256,wgs84
上海高家庄生态园,4A,上海,上海市,崇明区,上海崇明区港东公路999号上海高家庄生态园,景点景区,国家4A旅游景区。所属地：上海·上海市·崇明区。地址：上海崇明区港东公路999号上海高家庄生态园。,31.6853958,121.4160788,wgs84
上海廊下郊野公园昙区,4A,上海,上海市,金山区,上海金山区漕廊公路9133号、廊下谅山塘上海廊下郊野公园昙区,景点景区,国家4A旅游景区。所属地：上海·上海市·金山区。地址：上海金山区漕廊公路9133号、廊下谅山塘上海廊下郊野公园昙区。,30.7893620,121.1539279,wgs84
上海蓝精灵乐园,4A,上海,上海市,松江区,上海松江区辰花路5088号上海蓝精灵乐园,景点景区,国家4A旅游景区。所属地：上海·上海市·松江区。地址：上海松江区辰花路5088号上海蓝精灵乐园。,31.0642403,121.1543884,wgs84
上海犹太难民纪念馆,4A,上海,上海市,虹口区,上海虹口区长阳路62号上海犹太难民纪念馆,景点景区,国家4A旅游景区。所属地：上海·上海市·虹口区。地址：上海虹口区长阳路62号上海犹太难民纪念馆。,31.2562494,121.5047116,wgs84
上海笔墨宫坊景区,4A,上海,上海市,杨浦区,上海杨浦区军工路1300号合生茶岸文创园 16幢上海笔墨宫坊景区,景点景区,国家4A旅游景区。所属地：上海·上海市·杨浦区。地址：上海杨浦区军工路1300号合生茶岸文创园 16幢上海笔墨宫坊景区。,31.3065691,121.5461670,wgs84
湖州市德清莫干山风景区,4A,浙江,湖州市,德清县,浙江省湖州市德清县莫干山景区97号湖州市德清莫干山风景区,景点景区,国家4A旅游景区。所属地：浙江·湖州市·德清县。地址：浙江省湖州市德清县莫干山景区97号湖州市德清莫干山风景区。,30.6078333,119.8280699,wgs84
浙江省宁波市镇海区招宝山旅游风景区,4A,浙江,宁波市,镇海区,浙江省宁波市镇海区招宝山街道招宝山路10号浙江省宁波市镇海区招宝山旅游风景区,景点景区,国家4A旅游景区。所属地：浙江·宁波市·镇海区。地址：浙江省宁波市镇海区招宝山街道招宝山路10号浙江省宁波市镇海区招宝山旅游风景区。,29.9622350,121.7211420,wgs84
浙江省宁波市鄞州区宁波海洋世界,4A,浙江,宁波市,鄞州区,浙江省宁波市鄞州区桑田路936号浙江省宁波市鄞州区宁波海洋世界,景点景区,国家4A旅游景区。所属地：浙江·宁波市·鄞州区。地址：浙江省宁波市鄞州区桑田路936号浙江省宁波市鄞州区宁波海洋世界。,29.8557491,121.5789057,wgs84
温州乐园有限公司,4A,浙江,温州市,瓯海区,浙江省温州市瓯海区浙江申温州市瓯海区茶山镇温州乐园有限公司,景点景区,国家4A旅游景区。所属地：浙江·温州市·瓯海区。地址：浙江省温州市瓯海区浙江申温州市瓯海区茶山镇温州乐园有限公司。,27.9103800,120.6805992,wgs84
诸暨市珍珠小镇景区,4A,浙江,绍兴市,诸暨市,浙江省绍兴市诸暨市山下湖镇珍珠产业园区诸暨市珍珠小镇景区,景点景区,国家4A旅游景区。所属地：浙江·绍兴市·诸暨市。地址：浙江省绍兴市诸暨市山下湖镇珍珠产业园区诸暨市珍珠小镇景区。,29.8402170,120.3491030,wgs84
桃花岛旅游景区,4A,浙江,舟山市,普陀区,浙江省舟山市普陀区普陀区桃花岛桃花岛旅游景区,景点景区,国家4A旅游景区。所属地：浙江·舟山市·普陀区。地址：浙江省舟山市普陀区普陀区桃花岛桃花岛旅游景区。,29.8372209,122.2696071,wgs84
浙江省杭州市建德市灵栖洞景区,4A,浙江,杭州市,建德市,浙江省杭州市建德市航头镇石屏村灵栖洞风景区浙江省杭州市建德市灵栖洞景区,景点景区,国家4A旅游景区。所属地：浙江·杭州市·建德市。地址：浙江省杭州市建德市航头镇石屏村灵栖洞风景区浙江省杭州市建德市灵栖洞景区。,29.3789952,119.1086488,wgs84
永安溪休闲绿道,4A,浙江,台州市,仙居县,浙江省台州市仙居县浙江省仙居县永安溪休闲绿道,景点景区,国家4A旅游景区。所属地：浙江·台州市·仙居县。地址：浙江省台州市仙居县浙江省仙居县永安溪休闲绿道。,28.8528349,120.7498797,wgs84
杭州湘湖跨湖桥景区,4A,浙江,杭州市,萧山区,浙江省杭州市萧山区闻堰街道湘湖路132号杭州湘湖跨湖桥景区,景点景区,国家4A旅游景区。所属地：浙江·杭州市·萧山区。地址：浙江省杭州市萧山区闻堰街道湘湖路132号杭州湘湖跨湖桥景区。,30.1477200,120.2207766,wgs84
超山风景区,4A,浙江,杭州市,临平区,浙江省杭州市余杭区杭州市余杭区塘栖镇超山村超山风景区,景点景区,国家4A旅游景区。所属地：浙江·杭州市·临平区。地址：浙江省杭州市余杭区杭州市余杭区塘栖镇超山村超山风景区。,30.4409566,120.2195009,wgs84
浙江省台州市天台县后岸乡居旅游,4A,浙江,台州市,天台县,浙江省台州市天台县街头镇后岸村浙江省台州市天台县后岸乡居旅游,景点景区,国家4A旅游景区。所属地：浙江·台州市·天台县。地址：浙江省台州市天台县街头镇后岸村浙江省台州市天台县后岸乡居旅游。,29.0848346,120.8118713,wgs84
浙江省湖州市安吉县江南天池景区,4A,浙江,湖州市,安吉县,浙江省湖州市安吉县天荒坪镇天荒坪电站上库区浙江省湖州市安吉县江南天池景区,景点景区,国家4A旅游景区。所属地：浙江·湖州市·安吉县。地址：浙江省湖州市安吉县天荒坪镇天荒坪电站上库区浙江省湖州市安吉县江南天池景区。,30.5132490,119.6106609,wgs84
方山景区,4A,浙江,台州市,温岭市,浙江省台州市温岭市大溪镇方山景区,景点景区,国家4A旅游景区。所属地：浙江·台州市·温岭市。地址：浙江省台州市温岭市大溪镇方山景区。,28.4247306,121.2381124,wgs84
浮盖山景区,4A,浙江,衢州市,江山市,浙江省衢州市江山市江山市廿八都镇浮盖山景区,景点景区,国家4A旅游景区。所属地：浙江·衢州市·江山市。地址：浙江省衢州市江山市江山市廿八都镇浮盖山景区。,28.2526982,118.4736571,wgs84
浙江省宁波市慈溪市龙山镇达蓬山景区,4A,浙江,宁波市,镇海区,浙江省宁波市慈溪市龙山镇达蓬山度假区浙江省宁波市慈溪市龙山镇达蓬山景区,景点景区,国家4A旅游景区。所属地：浙江·宁波市·镇海区。地址：浙江省宁波市慈溪市龙山镇达蓬山度假区浙江省宁波市慈溪市龙山镇达蓬山景区。,30.0537113,121.5012712,wgs84
浙江省宁波市宁海县伍山石窟景区,4A,浙江,宁波市,宁海县,浙江省宁波市宁海县长街镇唐岸头村浙江省宁波市宁海县伍山石窟景区,景点景区,国家4A旅游景区。所属地：浙江·宁波市·宁海县。地址：浙江省宁波市宁海县长街镇唐岸头村浙江省宁波市宁海县伍山石窟景区。,29.2177650,121.7507079,wgs84
宁波镇海招宝山旅游风景区,4A,浙江,宁波市,镇海区,浙江省宁波市镇海区宁波镇海区招宝山路10号宁波镇海招宝山旅游风景区,景点景区,国家4A旅游景区。所属地：浙江·宁波市·镇海区。地址：浙江省宁波市镇海区宁波镇海区招宝山路10号宁波镇海招宝山旅游风景区。,29.9622350,121.7211420,wgs84
杭州山沟沟旅游景区,4A,浙江,杭州市,余杭区,浙江省杭州市余杭区鸬鸟镇山沟沟村下余65号杭州山沟沟旅游景区,景点景区,国家4A旅游景区。所属地：浙江·杭州市·余杭区。地址：浙江省杭州市余杭区鸬鸟镇山沟沟村下余65号杭州山沟沟旅游景区。,30.4295700,119.7342385,wgs84
下渚湖湿地风景区,4A,浙江,湖州市,德清县,浙江省湖州市德清县下渚湖街道下仁公路181号下渚湖湿地风景区,景点景区,国家4A旅游景区。所属地：浙江·湖州市·德清县。地址：浙江省湖州市德清县下渚湖街道下仁公路181号下渚湖湿地风景区。,30.5235804,120.0360240,wgs84
新昌大佛寺风景旅游发展有限公司,4A,浙江,绍兴市,新昌县,浙江省绍兴市新昌县环城南路35号新昌大佛寺风景旅游发展有限公司,景点景区,国家4A旅游景区。所属地：浙江·绍兴市·新昌县。地址：浙江省绍兴市新昌县环城南路35号新昌大佛寺风景旅游发展有限公司。,29.5011843,120.8980103,wgs84
浙江省温州市鹿城区温州南塘文化旅游区,4A,浙江,温州市,鹿城区,浙江省温州市鹿城区南塘街浙江省温州市鹿城区温州南塘文化旅游区,景点景区,国家4A旅游景区。所属地：浙江·温州市·鹿城区。地址：浙江省温州市鹿城区南塘街浙江省温州市鹿城区温州南塘文化旅游区。,27.9994284,120.6658283,wgs84
楠溪江风景名胜区,4A,浙江,温州市,永嘉县,浙江省温州市永嘉县永嘉县县前路94号楠溪江风景名胜区,景点景区,国家4A旅游景区。所属地：浙江·温州市·永嘉县。地址：浙江省温州市永嘉县永嘉县县前路94号楠溪江风景名胜区。,28.1567314,120.6873329,wgs84
浙江省丽水市青田县石门洞景区,4A,浙江,丽水市,青田县,浙江省丽水市青田县练岙村练岙公路62-6号浙江省丽水市青田县石门洞景区,景点景区,国家4A旅游景区。所属地：浙江·丽水市·青田县。地址：浙江省丽水市青田县练岙村练岙公路62-6号浙江省丽水市青田县石门洞景区。,28.2784822,120.1138692,wgs84
浙江省宁波市镇海区九龙湖旅游区,4A,浙江,宁波市,镇海区,浙江省宁波市镇海区九龙湖镇环湖路168号浙江省宁波市镇海区九龙湖旅游区,景点景区,国家4A旅游景区。所属地：浙江·宁波市·镇海区。地址：浙江省宁波市镇海区九龙湖镇环湖路168号浙江省宁波市镇海区九龙湖旅游区。,30.0476671,121.5354354,wgs84
梁祝文化园,4A,浙江,宁波市,海曙区,浙江省宁波市海曙区高桥镇梁祝村梁祝路1号梁祝文化园,景点景区,国家4A旅游景区。所属地：浙江·宁波市·海曙区。地址：浙江省宁波市海曙区高桥镇梁祝村梁祝路1号梁祝文化园。,29.9105009,121.4802753,wgs84
仙山湖景区,4A,浙江,湖州市,长兴县,浙江省湖州市长兴县泗安镇仙山村仙山湖景区,景点景区,国家4A旅游景区。所属地：浙江·湖州市·长兴县。地址：浙江省湖州市长兴县泗安镇仙山村仙山湖景区。,30.9005150,119.6001995,wgs84
五泄风景区,4A,浙江,绍兴市,诸暨市,浙江省绍兴市诸暨市五泄镇五泄路8号五泄风景区,景点景区,国家4A旅游景区。所属地：浙江·绍兴市·诸暨市。地址：浙江省绍兴市诸暨市五泄镇五泄路8号五泄风景区。,29.7073477,120.0452019,wgs84
宁波老外滩,4A,浙江,宁波市,江北区,浙江省宁波市江北区中马路157-159号宁波老外滩,景点景区,国家4A旅游景区。所属地：浙江·宁波市·江北区。地址：浙江省宁波市江北区中马路157-159号宁波老外滩。,29.8789060,121.5565428,wgs84
东阳中国木雕城,4A,浙江,金华市,东阳市,浙江省金华市东阳市东阳世贸大道188号东阳中国木雕城,景点景区,国家4A旅游景区。所属地：浙江·金华市·东阳市。地址：浙江省金华市东阳市东阳世贸大道188号东阳中国木雕城。,29.3040439,120.1773341,wgs84
杭州浙西大峡谷旅游股份有限公司,4A,浙江,杭州市,临安区,浙江省杭州市临安市浙江省临安市龙岗镇杭州浙西大峡谷旅游股份有限公司,景点景区,国家4A旅游景区。所属地：浙江·杭州市·临安区。地址：浙江省杭州市临安市浙江省临安市龙岗镇杭州浙西大峡谷旅游股份有限公司。,30.1925423,119.1160892,wgs84
浙江省台州市临海市灵湖景区,4A,浙江,台州市,临海市,浙江省台州市临海市临海大道浙江省台州市临海市灵湖景区,景点景区,国家4A旅游景区。所属地：浙江·台州市·临海市。地址：浙江省台州市临海市临海大道浙江省台州市临海市灵湖景区。,28.8623229,121.1643693,wgs84
宁波博物馆景区,4A,浙江,宁波市,鄞州区,浙江省宁波市鄞州区首南中路1000号宁波博物馆景区,景点景区,国家4A旅游景区。所属地：浙江·宁波市·鄞州区。地址：浙江省宁波市鄞州区首南中路1000号宁波博物馆景区。,29.8181966,121.5415646,wgs84
浙江省杭州市桐庐县桐庐垂云通天河景区,4A,浙江,杭州市,桐庐县,浙江省杭州市桐庐县瑶琳镇东琳村浙江省杭州市桐庐县桐庐垂云通天河景区,景点景区,国家4A旅游景区。所属地：浙江·杭州市·桐庐县。地址：浙江省杭州市桐庐县瑶琳镇东琳村浙江省杭州市桐庐县桐庐垂云通天河景区。,29.9282705,119.5281347,wgs84
垂云通天河,4A,浙江,杭州市,桐庐县,浙江省杭州市桐庐县浙江省杭州市桐庐县瑶琳镇东琳村垂云通天河,景点景区,国家4A旅游景区。所属地：浙江·杭州市·桐庐县。地址：浙江省杭州市桐庐县浙江省杭州市桐庐县瑶琳镇东琳村垂云通天河。,29.9282705,119.5281347,wgs84
杭州双溪漂流景区,4A,浙江,杭州市,余杭区,浙江省杭州市余杭区径山镇双溪竹海路7号杭州双溪漂流景区,景点景区,国家4A旅游景区。所属地：浙江·杭州市·余杭区。地址：浙江省杭州市余杭区径山镇双溪竹海路7号杭州双溪漂流景区。,30.4033617,119.8333040,wgs84
大佛寺文化旅游区,4A,浙江,绍兴市,新昌县,浙江省绍兴市新昌县人民西路117号大佛寺文化旅游区,景点景区,国家4A旅游景区。所属地：浙江·绍兴市·新昌县。地址：浙江省绍兴市新昌县人民西路117号大佛寺文化旅游区。,29.5044010,120.8877987,wgs84
浙江省嘉兴市海盐县绮园景区,4A,浙江,嘉兴市,海盐县,浙江省嘉兴市海盐县武原街道海滨东路37号9室浙江省嘉兴市海盐县绮园景区,景点景区,国家4A旅游景区。所属地：浙江·嘉兴市·海盐县。地址：浙江省嘉兴市海盐县武原街道海滨东路37号9室浙江省嘉兴市海盐县绮园景区。,30.5188977,120.9422840,wgs84
浙江省丽水市遂昌县神龙飞瀑景区,4A,浙江,丽水市,遂昌县,浙江省丽水市遂昌县安口乡桂洋林场内浙江省丽水市遂昌县神龙飞瀑景区,景点景区,国家4A旅游景区。所属地：浙江·丽水市·遂昌县。地址：浙江省丽水市遂昌县安口乡桂洋林场内浙江省丽水市遂昌县神龙飞瀑景区。,28.3533464,119.1299012,wgs84
浙江省杭州市萧山区杭州长乔极地海洋公园景区,4A,浙江,杭州市,萧山区,浙江省杭州市萧山区浙江省杭州市萧山区杭州长乔极地海洋公园景区,景点景区,国家4A旅游景区。所属地：浙江·杭州市·萧山区。地址：浙江省杭州市萧山区浙江省杭州市萧山区杭州长乔极地海洋公园景区。,30.1450746,120.2233037,wgs84
浙江省温州市瓯海区茶山镇温州乐园,4A,浙江,温州市,瓯海区,浙江省温州市瓯海区霞岙村浙江省温州市瓯海区茶山镇温州乐园,景点景区,国家4A旅游景区。所属地：浙江·温州市·瓯海区。地址：浙江省温州市瓯海区霞岙村浙江省温州市瓯海区茶山镇温州乐园。,27.9103790,120.6805942,wgs84
浙江省嘉兴市南湖区湘家荡环湖景区,4A,浙江,嘉兴市,南湖区,浙江省嘉兴市南湖区七星街道浙江省嘉兴市南湖区湘家荡环湖景区,景点景区,国家4A旅游景区。所属地：浙江·嘉兴市·南湖区。地址：浙江省嘉兴市南湖区七星街道浙江省嘉兴市南湖区湘家荡环湖景区。,30.8116579,120.8161257,wgs84
龙游石窟,4A,浙江,衢州市,龙游县,浙江省衢州市龙游县龙游县小南海镇石岩背村龙游石窟,景点景区,国家4A旅游景区。所属地：浙江·衢州市·龙游县。地址：浙江省衢州市龙游县龙游县小南海镇石岩背村龙游石窟。,29.0677918,119.1855642,wgs84
江郎山-廿八都旅游区,5A,浙江,衢州市,江山市,浙江省衢州市江山市民声路48号江郎山-廿八都旅游区,景点景区,国家5A旅游景区。所属地：浙江·衢州市·江山市。地址：浙江省衢州市江山市民声路48号江郎山-廿八都旅游区。,28.7455694,118.6312603,wgs84
温州市雁荡山风景旅游管委会,5A,浙江,温州市,乐清市,浙江省温州市乐清市雁荡镇雁山路88号温州市雁荡山风景旅游管委会,景点景区,国家5A旅游景区。所属地：浙江·温州市·乐清市。地址：浙江省温州市乐清市雁荡镇雁山路88号温州市雁荡山风景旅游管委会。,28.3642054,121.1276849,wgs84
浙江省温州市文成县森林氧吧小镇,4A,浙江,温州市,文成县,浙江省温州市文成县浙江省温州市文成县森林氧吧小镇,景点景区,国家4A旅游景区。所属地：浙江·温州市·文成县。地址：浙江省温州市文成县浙江省温州市文成县森林氧吧小镇。,27.7900259,120.0868829,wgs84
大木山茶园景区,4A,浙江,丽水市,松阳县,浙江省丽水市松阳县新兴镇横溪村小集镇69号大木山茶园景区,景点景区,国家4A旅游景区。所属地：浙江·丽水市·松阳县。地址：浙江省丽水市松阳县新兴镇横溪村小集镇69号大木山茶园景区。,28.5342598,119.3684110,wgs84
宁波大桥生态农庄,4A,浙江,宁波市,慈溪市,浙江省宁波市慈溪市慈溪市杭州湾跨海大桥管理局西侧1公里宁波大桥生态农庄,景点景区,国家4A旅游景区。所属地：浙江·宁波市·慈溪市。地址：浙江省宁波市慈溪市慈溪市杭州湾跨海大桥管理局西侧1公里宁波大桥生态农庄。,30.3100733,121.1668193,wgs84
浙江龙泉中国青瓷小镇.披云青瓷文化园景区,4A,浙江,丽水市,龙泉市,浙江省丽水市龙泉市浙江龙泉中国青瓷小镇.披云青瓷文化园景区,景点景区,国家4A旅游景区。所属地：浙江·丽水市·龙泉市。地址：浙江省丽水市龙泉市浙江龙泉中国青瓷小镇.披云青瓷文化园景区。,27.9760051,118.8727601,wgs84
浙江省温州市平阳县南麂列岛景区,4A,浙江,温州市,平阳县,浙江省温州市平阳县南麂镇浙江省温州市平阳县南麂列岛景区,景点景区,国家4A旅游景区。所属地：浙江·温州市·平阳县。地址：浙江省温州市平阳县南麂镇浙江省温州市平阳县南麂列岛景区。,27.4664450,121.0753052,wgs84
千岛湖石林景区,4A,浙江,杭州市,淳安县,浙江省杭州市淳安县石林镇西岭村千岛湖石林景区,景点景区,国家4A旅游景区。所属地：浙江·杭州市·淳安县。地址：浙江省杭州市淳安县石林镇西岭村千岛湖石林景区。,29.3764394,119.0031292,wgs84
浙江省金华市东阳市花园村景区,4A,浙江,金华市,东阳市,浙江省金华市东阳市花园大道66号浙江省金华市东阳市花园村景区,景点景区,国家4A旅游景区。所属地：浙江·金华市·东阳市。地址：浙江省金华市东阳市花园大道66号浙江省金华市东阳市花园村景区。,29.1202049,120.2186310,wgs84
象山石浦渔港古城旅游发展有限公司,4A,浙江,宁波市,象山县,浙江省宁波市象山县象山县石浦镇渔港中路58号海峡广场五号楼二楼象山石浦渔港古城旅游发展有限公司,景点景区,国家4A旅游景区。所属地：浙江·宁波市·象山县。地址：浙江省宁波市象山县象山县石浦镇渔港中路58号海峡广场五号楼二楼象山石浦渔港古城旅游发展有限公司。,29.2112068,121.9427200,wgs84
云和梯田景区,4A,浙江,丽水市,云和县,浙江省丽水市云和县云和县崇头镇云和梯田景区,景点景区,国家4A旅游景区。所属地：浙江·丽水市·云和县。地址：浙江省丽水市云和县云和县崇头镇云和梯田景区。,28.0529193,119.4814781,wgs84
天宫庄园景区,4A,浙江,宁波市,鄞州区,浙江省宁波市鄞州区下应街道湾底村天宫庄园景区,景点景区,国家4A旅游景区。所属地：浙江·宁波市·鄞州区。地址：浙江省宁波市鄞州区下应街道湾底村天宫庄园景区。,29.8054360,121.5732143,wgs84
神仙居景区,5A,浙江,台州市,仙居县,浙江省台州市仙居县浙江省仙居县白塔镇神仙居景区神仙居景区,景点景区,国家5A旅游景区。所属地：浙江·台州市·仙居县。地址：浙江省台州市仙居县浙江省仙居县白塔镇神仙居景区神仙居景区。,28.6945566,120.5991405,wgs84
缙云县仙都黄龙景区开发有限公司,4A,浙江,丽水市,缙云县,浙江省丽水市缙云县五云街道黄龙景区缙云县仙都黄龙景区开发有限公司,景点景区,国家4A旅游景区。所属地：浙江·丽水市·缙云县。地址：浙江省丽水市缙云县五云街道黄龙景区缙云县仙都黄龙景区开发有限公司。,28.7016687,120.1218766,wgs84
宁波梁祝文化园管理有限公司,4A,浙江,宁波市,海曙区,浙江省宁波市鄞州区浙江省宁波市鄞州区高桥镇梁祝路1号宁波梁祝文化园管理有限公司,景点景区,国家4A旅游景区。所属地：浙江·宁波市·海曙区。地址：浙江省宁波市鄞州区浙江省宁波市鄞州区高桥镇梁祝路1号宁波梁祝文化园管理有限公司。,29.9071918,121.4570735,wgs84
浙江省丽水市松阳县松阳双童山景区,4A,浙江,丽水市,松阳县,浙江省丽水市松阳县浙江省丽水市松阳县松阳双童山景区,景点景区,国家4A旅游景区。所属地：浙江·丽水市·松阳县。地址：浙江省丽水市松阳县浙江省丽水市松阳县松阳双童山景区。,28.4128379,119.4825528,wgs84
京杭大运河·杭州景区,4A,浙江,杭州市,上城区,浙江省杭州市市辖区京杭大运河·杭州景区,景点景区,国家4A旅游景区。所属地：浙江·杭州市·上城区。地址：浙江省杭州市市辖区京杭大运河·杭州景区。,30.2046947,120.1423892,wgs84
浙江省金华市金东区锦林佛手文化园景区,4A,浙江,金华市,金东区,浙江省金华市金东区赤松镇山口村金鹤畈浙江省金华市金东区锦林佛手文化园景区,景点景区,国家4A旅游景区。所属地：浙江·金华市·金东区。地址：浙江省金华市金东区赤松镇山口村金鹤畈浙江省金华市金东区锦林佛手文化园景区。,29.1705899,119.7059075,wgs84
浙江省温州市文成县龙麒源景区,4A,浙江,温州市,文成县,浙江省温州市文成县西坑镇梧溪村浙江省温州市文成县龙麒源景区,景点景区,国家4A旅游景区。所属地：浙江·温州市·文成县。地址：浙江省温州市文成县西坑镇梧溪村浙江省温州市文成县龙麒源景区。,27.8805703,119.9141928,wgs84
达利•丝绸世界,4A,浙江,绍兴市,上虞区,浙江省绍兴市新昌县新昌县南岩高新技术开发区达利•丝绸世界,景点景区,国家4A旅游景区。所属地：浙江·绍兴市·上虞区。地址：浙江省绍兴市新昌县新昌县南岩高新技术开发区达利•丝绸世界。,30.0157394,120.8748570,wgs84
宁波科学探索中心景区,4A,浙江,宁波市,鄞州区,浙江省宁波市鄞州区宁波科学探索中心景区,景点景区,国家4A旅游景区。所属地：浙江·宁波市·鄞州区。地址：浙江省宁波市鄞州区宁波科学探索中心景区。,29.8621135,121.6144908,wgs84
浦江仙华山风景区,4A,浙江,金华市,浦江县,浙江省金华市浦江县仙华山村浦江仙华山风景区,景点景区,国家4A旅游景区。所属地：浙江·金华市·浦江县。地址：浙江省金华市浦江县仙华山村浦江仙华山风景区。,29.5113618,119.9126626,wgs84
浙江省绍兴市新昌县十九峰景区,4A,浙江,绍兴市,新昌县,浙江省绍兴市新昌县澄潭镇左于村重阳宫门口浙江省绍兴市新昌县十九峰景区,景点景区,国家4A旅游景区。所属地：浙江·绍兴市·新昌县。地址：浙江省绍兴市新昌县澄潭镇左于村重阳宫门口浙江省绍兴市新昌县十九峰景区。,29.3796170,120.8012621,wgs84
碧云花海·十里水乡景区,4A,浙江,嘉兴市,嘉善县,浙江省嘉兴市嘉善县大云镇缪家村碧云路1号碧云花海·十里水乡景区,景点景区,国家4A旅游景区。所属地：浙江·嘉兴市·嘉善县。地址：浙江省嘉兴市嘉善县大云镇缪家村碧云路1号碧云花海·十里水乡景区。,30.7910790,120.9784655,wgs84
绍兴市大禹陵景区管理处(浙江省会稽山旅游度假区景区管理处),4A,浙江,绍兴市,越城区,浙江省绍兴市市辖区绍兴市大禹陵景区内绍兴市大禹陵景区管理处(浙江省会稽山旅游度假区景区管理处),景点景区,国家4A旅游景区。所属地：浙江·绍兴市·越城区。地址：浙江省绍兴市市辖区绍兴市大禹陵景区内绍兴市大禹陵景区管理处(浙江省会稽山旅游度假区景区管理处)。,29.9679543,120.6035732,wgs84
浙江省湖州市安吉县中国竹子博览园,4A,浙江,湖州市,安吉县,浙江省湖州市安吉县递铺镇灵峰街道竹博园1号浙江省湖州市安吉县中国竹子博览园,景点景区,国家4A旅游景区。所属地：浙江·湖州市·安吉县。地址：浙江省湖州市安吉县递铺镇灵峰街道竹博园1号浙江省湖州市安吉县中国竹子博览园。,30.5932654,119.6559382,wgs84
浙江省金华市东阳市横店镇明清民居博览城,4A,浙江,金华市,东阳市,浙江省金华市东阳市浙江省金华市东阳市横店镇明清民居博览城,景点景区,国家4A旅游景区。所属地：浙江·金华市·东阳市。地址：浙江省金华市东阳市浙江省金华市东阳市横店镇明清民居博览城。,29.1438918,120.3227603,wgs84
氡泉景区,4A,浙江,温州市,泰顺县,浙江省温州市泰顺县雅阳镇承天村1号氡泉景区,景点景区,国家4A旅游景区。所属地：浙江·温州市·泰顺县。地址：浙江省温州市泰顺县雅阳镇承天村1号氡泉景区。,27.3892256,120.0856985,wgs84
南雁荡山,4A,浙江,温州市,平阳县,浙江省温州市平阳县南雁荡山风景名胜区南雁荡山,景点景区,国家4A旅游景区。所属地：浙江·温州市·平阳县。地址：浙江省温州市平阳县南雁荡山风景名胜区南雁荡山。,27.6053023,120.2789049,wgs84
浙江省湖州市安吉县杭州Hello Kitty乐园,4A,浙江,湖州市,安吉县,浙江省湖州市安吉县昌硕街道天使大道1号浙江省湖州市安吉县杭州Hello Kitty乐园,景点景区,国家4A旅游景区。所属地：浙江·湖州市·安吉县。地址：浙江省湖州市安吉县昌硕街道天使大道1号浙江省湖州市安吉县杭州Hello Kitty乐园。,30.6235428,119.7339487,wgs84
浙江省宁波市象山县石浦中国渔村景区,4A,浙江,宁波市,象山县,浙江省宁波市象山县浙江省宁波市象山县石浦中国渔村景区,景点景区,国家4A旅游景区。所属地：浙江·宁波市·象山县。地址：浙江省宁波市象山县浙江省宁波市象山县石浦中国渔村景区。,29.2399394,121.9556379,wgs84
浙江省湖州市长兴县金钉子远古世界景区,4A,浙江,湖州市,长兴县,浙江省湖州市长兴县煤山镇槐坎葆青浙江省湖州市长兴县金钉子远古世界景区,景点景区,国家4A旅游景区。所属地：浙江·湖州市·长兴县。地址：浙江省湖州市长兴县煤山镇槐坎葆青浙江省湖州市长兴县金钉子远古世界景区。,31.0796049,119.7089201,wgs84
浙江省宁波市宁海县森林温泉景区,4A,浙江,宁波市,宁海县,浙江省宁波市宁海县深甽镇南溪村浙江省宁波市宁海县森林温泉景区,景点景区,国家4A旅游景区。所属地：浙江·宁波市·宁海县。地址：浙江省宁波市宁海县深甽镇南溪村浙江省宁波市宁海县森林温泉景区。,29.3904920,121.3439252,wgs84
诸暨西施故里旅游管理区,4A,浙江,绍兴市,诸暨市,浙江省绍兴市诸暨市诸暨市浣纱南路123号诸暨西施故里旅游管理区,景点景区,国家4A旅游景区。所属地：浙江·绍兴市·诸暨市。地址：浙江省绍兴市诸暨市诸暨市浣纱南路123号诸暨西施故里旅游管理区。,29.7020022,120.2350579,wgs84
南尖岩景区,4A,浙江,丽水市,遂昌县,浙江省丽水市遂昌县南尖岩景区,景点景区,国家4A旅游景区。所属地：浙江·丽水市·遂昌县。地址：浙江省丽水市遂昌县南尖岩景区。,28.3419340,119.0779180,wgs84
杭州西湖风景名胜区,5A,浙江,杭州市,西湖区,浙江省杭州市市辖区杭州市西湖区龙井路1号杭州西湖风景名胜区,景点景区,国家5A旅游景区。所属地：浙江·杭州市·西湖区。地址：浙江省杭州市市辖区杭州市西湖区龙井路1号杭州西湖风景名胜区。,30.2211340,120.1475898,wgs84
淳安县千岛湖风景区,5A,浙江,杭州市,淳安县,浙江省杭州市淳安县杭州市淳安县千岛湖镇排岭南路32号淳安县千岛湖风景区,景点景区,国家5A旅游景区。所属地：浙江·杭州市·淳安县。地址：浙江省杭州市淳安县杭州市淳安县千岛湖镇排岭南路32号淳安县千岛湖风景区。,29.6034482,119.0422532,wgs84
宁波九龙湖旅游度假区,4A,浙江,宁波市,镇海区,浙江省宁波市镇海区宁波市镇海区九龙湖镇环湖路168号宁波九龙湖旅游度假区,景点景区,国家4A旅游景区。所属地：浙江·宁波市·镇海区。地址：浙江省宁波市镇海区宁波市镇海区九龙湖镇环湖路168号宁波九龙湖旅游度假区。,30.0499487,121.5175961,wgs84
宁波海洋世界,4A,浙江,宁波市,鄞州区,浙江省宁波市江东区宁波市江东区桑田路936号宁波海洋世界,景点景区,国家4A旅游景区。所属地：浙江·宁波市·鄞州区。地址：浙江省宁波市江东区宁波市江东区桑田路936号宁波海洋世界。,29.8557491,121.5789057,wgs84
中雁风景旅游管理委员会,4A,浙江,温州市,乐清市,浙江省温州市乐清市乐清市白石镇玉虹北路中雁风景旅游管理委员会,景点景区,国家4A旅游景区。所属地：浙江·温州市·乐清市。地址：浙江省温州市乐清市乐清市白石镇玉虹北路中雁风景旅游管理委员会。,28.1017512,120.8574277,wgs84
杭州东方文化园,4A,浙江,杭州市,萧山区,浙江省杭州市萧山区萧山区义桥镇湘东（建新）村杭州东方文化园,景点景区,国家4A旅游景区。所属地：浙江·杭州市·萧山区。地址：浙江省杭州市萧山区萧山区义桥镇湘东（建新）村杭州东方文化园。,30.1044129,120.1949113,wgs84
宁波帮博物馆,4A,浙江,宁波市,镇海区,浙江省宁波市镇海区宁波市镇海区庄市街道思源路255号宁波帮博物馆,景点景区,国家4A旅游景区。所属地：浙江·宁波市·镇海区。地址：浙江省宁波市镇海区宁波市镇海区庄市街道思源路255号宁波帮博物馆。,29.9210239,121.6233114,wgs84
杭州市清河坊历史文化景区,4A,浙江,杭州市,上城区,浙江省杭州市上城区杭州市上城区河坊街180号杭州市清河坊历史文化景区,景点景区,国家4A旅游景区。所属地：浙江·杭州市·上城区。地址：浙江省杭州市上城区杭州市上城区河坊街180号杭州市清河坊历史文化景区。,30.2423046,120.1644577,wgs84
宁波市黄贤森林旅游区,4A,浙江,宁波市,奉化区,浙江省宁波市奉化市浙江省奉化市裘村镇黄贤村宁波市黄贤森林旅游区,景点景区,国家4A旅游景区。所属地：浙江·宁波市·奉化区。地址：浙江省宁波市奉化市浙江省奉化市裘村镇黄贤村宁波市黄贤森林旅游区。,29.5605416,121.5803575,wgs84
浙江省湖州市安吉县浪漫山川景区,4A,浙江,湖州市,安吉县,浙江省湖州市安吉县山川乡浙江省湖州市安吉县浪漫山川景区,景点景区,国家4A旅游景区。所属地：浙江·湖州市·安吉县。地址：浙江省湖州市安吉县山川乡浙江省湖州市安吉县浪漫山川景区。,30.4147916,119.6503572,wgs84
浙江省台州市三门县蛇蟠岛景区,4A,浙江,台州市,三门县,浙江省台州市三门县蛇蟠乡浙江省台州市三门县蛇蟠岛景区,景点景区,国家4A旅游景区。所属地：浙江·台州市·三门县。地址：浙江省台州市三门县蛇蟠乡浙江省台州市三门县蛇蟠岛景区。,29.1454764,121.5827750,wgs84
运河·塘栖古镇景区,4A,浙江,杭州市,临平区,浙江省杭州市余杭区塘栖镇运河·塘栖古镇景区,景点景区,国家4A旅游景区。所属地：浙江·杭州市·临平区。地址：浙江省杭州市余杭区塘栖镇运河·塘栖古镇景区。,30.4797032,120.1788950,wgs84
雷峰塔景区,4A,浙江,杭州市,西湖区,浙江省杭州市市辖区雷峰塔景区,景点景区,国家4A旅游景区。所属地：浙江·杭州市·西湖区。地址：浙江省杭州市市辖区雷峰塔景区。,30.2332087,120.1441505,wgs84
浙江省金华市武义县大红岩景区,4A,浙江,金华市,武义县,浙江省金华市武义县白姆乡横山村大红岩景区浙江省金华市武义县大红岩景区,景点景区,国家4A旅游景区。所属地：浙江·金华市·武义县。地址：浙江省金华市武义县白姆乡横山村大红岩景区浙江省金华市武义县大红岩景区。,28.8144612,119.6657406,wgs84
浙江省杭州市建德市大慈岩景区,4A,浙江,杭州市,建德市,浙江省杭州市建德市大慈岩村大慈岩风景区浙江省杭州市建德市大慈岩景区,景点景区,国家4A旅游景区。所属地：浙江·杭州市·建德市。地址：浙江省杭州市建德市大慈岩村大慈岩风景区浙江省杭州市建德市大慈岩景区。,29.3150833,119.2862999,wgs84
宁波郑氏十七房景区,4A,浙江,宁波市,镇海区,浙江省宁波市镇海区镇海区澥浦镇开源路宁波郑氏十七房景区,景点景区,国家4A旅游景区。所属地：浙江·宁波市·镇海区。地址：浙江省宁波市镇海区镇海区澥浦镇开源路宁波郑氏十七房景区。,30.0237569,121.6034906,wgs84
浙江省杭州市上城区清河坊历史文化街区,4A,浙江,杭州市,上城区,浙江省杭州市上城区高银街113号浙江省杭州市上城区清河坊历史文化街区,景点景区,国家4A旅游景区。所属地：浙江·杭州市·上城区。地址：浙江省杭州市上城区高银街113号浙江省杭州市上城区清河坊历史文化街区。,30.2397742,120.1662813,wgs84
舟山桃花岛风景旅游区,4A,浙江,舟山市,普陀区,浙江省舟山市普陀区桃花镇舟山桃花岛风景旅游区,景点景区,国家4A旅游景区。所属地：浙江·舟山市·普陀区。地址：浙江省舟山市普陀区桃花镇舟山桃花岛风景旅游区。,29.8427390,122.2336003,wgs84
杭州湾海上花田景区,4A,浙江,绍兴市,上虞区,浙江省绍兴市上虞区滨海新城花海大道1000号杭州湾海上花田景区,景点景区,国家4A旅游景区。所属地：浙江·绍兴市·上虞区。地址：浙江省绍兴市上虞区滨海新城花海大道1000号杭州湾海上花田景区。,30.1145178,120.6938434,wgs84
安吉江南天池景区,4A,浙江,湖州市,安吉县,浙江省湖州市安吉县安吉县天荒坪镇天荒坪电站上库区安吉江南天池景区,景点景区,国家4A旅游景区。所属地：浙江·湖州市·安吉县。地址：浙江省湖州市安吉县安吉县天荒坪镇天荒坪电站上库区安吉江南天池景区。,30.5132490,119.6106609,wgs84
浙江省舟山市普陀区朱家尖旅游景区,4A,浙江,舟山市,普陀区,浙江省舟山市普陀区朱家尖岛浙江省舟山市普陀区朱家尖旅游景区,景点景区,国家4A旅游景区。所属地：浙江·舟山市·普陀区。地址：浙江省舟山市普陀区朱家尖岛浙江省舟山市普陀区朱家尖旅游景区。,29.9360710,122.3791726,wgs84
浙江省衢州市衢江区天脊龙门景区,4A,浙江,衢州市,衢江区,浙江省衢州市衢江区黄坛口乡下呈村浙江省衢州市衢江区天脊龙门景区,景点景区,国家4A旅游景区。所属地：浙江·衢州市·衢江区。地址：浙江省衢州市衢江区黄坛口乡下呈村浙江省衢州市衢江区天脊龙门景区。,28.7421096,118.9508262,wgs84
清漾景区,4A,浙江,衢州市,江山市,浙江省衢州市江山市石门镇清漾村清漾景区,景点景区,国家4A旅游景区。所属地：浙江·衢州市·江山市。地址：浙江省衢州市江山市石门镇清漾村清漾景区。,28.5737599,118.5787591,wgs84
浙江省嘉兴市海宁市海宁中国皮革城景区,4A,浙江,嘉兴市,海宁市,浙江省嘉兴市海宁市海州西路201号浙江省嘉兴市海宁市海宁中国皮革城景区,景点景区,国家4A旅游景区。所属地：浙江·嘉兴市·海宁市。地址：浙江省嘉兴市海宁市海州西路201号浙江省嘉兴市海宁市海宁中国皮革城景区。,30.5079913,120.6633914,wgs84
义乌中国国际商贸城购物旅游景区,4A,浙江,金华市,义乌市,浙江省金华市义乌市义乌市银海路国际商贸城3号门4楼义乌中国国际商贸城购物旅游景区,景点景区,国家4A旅游景区。所属地：浙江·金华市·义乌市。地址：浙江省金华市义乌市义乌市银海路国际商贸城3号门4楼义乌中国国际商贸城购物旅游景区。,29.3370986,120.1023225,wgs84
浙江省台州市黄岩区九峰景区,4A,浙江,台州市,黄岩区,浙江省台州市黄岩区九峰路295号浙江省台州市黄岩区九峰景区,景点景区,国家4A旅游景区。所属地：浙江·台州市·黄岩区。地址：浙江省台州市黄岩区九峰路295号浙江省台州市黄岩区九峰景区。,28.6477997,121.2690120,wgs84
下姜村景区,4A,浙江,杭州市,淳安县,浙江省杭州市淳安县枫树岭镇下姜村下姜村景区,景点景区,国家4A旅游景区。所属地：浙江·杭州市·淳安县。地址：浙江省杭州市淳安县枫树岭镇下姜村下姜村景区。,29.3760491,118.7203449,wgs84
宁海县森林温泉旅游区,4A,浙江,宁波市,宁海县,浙江省宁波市宁海县浙江省宁海县深甽镇南溪温泉宁海县森林温泉旅游区,景点景区,国家4A旅游景区。所属地：浙江·宁波市·宁海县。地址：浙江省宁波市宁海县浙江省宁海县深甽镇南溪温泉宁海县森林温泉旅游区。,29.3904920,121.3439252,wgs84
长屿硐天旅游区,4A,浙江,台州市,温岭市,浙江省台州市温岭市新河镇长屿硐天旅游区,景点景区,国家4A旅游景区。所属地：浙江·台州市·温岭市。地址：浙江省台州市温岭市新河镇长屿硐天旅游区。,28.4629619,121.4531352,wgs84
浙江省台州市玉环漩门湾湿地景区,4A,浙江,台州市,玉环市,浙江省台州市玉环市玉环经济开发区滨江大道1号浙江省台州市玉环漩门湾湿地景区,景点景区,国家4A旅游景区。所属地：浙江·台州市·玉环市。地址：浙江省台州市玉环市玉环经济开发区滨江大道1号浙江省台州市玉环漩门湾湿地景区。,28.1257456,121.2326685,wgs84
衢州七彩长虹景区,4A,浙江,衢州市,开化县,浙江省衢州市开化县长虹乡衢州七彩长虹景区,景点景区,国家4A旅游景区。所属地：浙江·衢州市·开化县。地址：浙江省衢州市开化县长虹乡衢州七彩长虹景区。,29.2362592,118.2253162,wgs84
浙江省杭州市富阳区富春桃源景区,4A,浙江,杭州市,富阳区,浙江省杭州市富阳区胥口镇上练村浙江省杭州市富阳区富春桃源景区,景点景区,国家4A旅游景区。所属地：浙江·杭州市·富阳区。地址：浙江省杭州市富阳区胥口镇上练村浙江省杭州市富阳区富春桃源景区。,30.0134339,119.6308489,wgs84
中国畲乡之窗,4A,浙江,丽水市,景宁畲族自治县,浙江省丽水市景宁畲族自治县景宁畲族自治县大均乡中国畲乡之窗,景点景区,国家4A旅游景区。所属地：浙江·丽水市·景宁畲族自治县。地址：浙江省丽水市景宁畲族自治县景宁畲族自治县大均乡中国畲乡之窗。,27.9538894,119.5603422,wgs84
百丈漈景区,4A,浙江,温州市,文成县,浙江省温州市文成县文成县大峃镇建设路315号百丈漈景区,景点景区,国家4A旅游景区。所属地：浙江·温州市·文成县。地址：浙江省温州市文成县文成县大峃镇建设路315号百丈漈景区。,27.7955345,120.0796487,wgs84
天目山,4A,浙江,杭州市,临安区,浙江省杭州市临安市天目山南苑大楼天目山,景点景区,国家4A旅游景区。所属地：浙江·杭州市·临安区。地址：浙江省杭州市临安市天目山南苑大楼天目山。,30.2081171,119.5315640,wgs84
绿野山庄,4A,浙江,宁波市,江北区,浙江省宁波市江北区宁波市江北区慈城镇五星村绿野山庄,景点景区,国家4A旅游景区。所属地：浙江·宁波市·江北区。地址：浙江省宁波市江北区宁波市江北区慈城镇五星村绿野山庄。,30.0210130,121.4010827,wgs84
江心屿景区,4A,浙江,温州市,鹿城区,浙江省温州市鹿城区江心屿江心屿景区,景点景区,国家4A旅游景区。所属地：浙江·温州市·鹿城区。地址：浙江省温州市鹿城区江心屿江心屿景区。,28.0263689,120.6436232,wgs84
东湖景区,4A,浙江,嘉兴市,平湖市,浙江省嘉兴市平湖市浙江省平湖市环城东路南村书堆东湖景区,景点景区,国家4A旅游景区。所属地：浙江·嘉兴市·平湖市。地址：浙江省嘉兴市平湖市浙江省平湖市环城东路南村书堆东湖景区。,30.6996988,121.0234416,wgs84
浙江省绍兴市上虞区桃花源生态旅游区,4A,浙江,绍兴市,上虞区,浙江省绍兴市上虞区桃园村浙江省绍兴市上虞区桃花源生态旅游区,景点景区,国家4A旅游景区。所属地：浙江·绍兴市·上虞区。地址：浙江省绍兴市上虞区桃园村浙江省绍兴市上虞区桃花源生态旅游区。,29.9554802,120.7724287,wgs84
浙旅院国际教育旅游体验区,4A,浙江,杭州市,萧山区,浙江省杭州市萧山区杭州市萧山高教园区浙江旅游职业学院浙旅院国际教育旅游体验区,景点景区,国家4A旅游景区。所属地：浙江·杭州市·萧山区。地址：浙江省杭州市萧山区杭州市萧山高教园区浙江旅游职业学院浙旅院国际教育旅游体验区。,30.2452975,120.2965716,wgs84
诸葛八卦村旅游区,4A,浙江,金华市,兰溪市,浙江省金华市兰溪市浙江省兰溪市诸葛镇诸葛村诸葛八卦村旅游区,景点景区,国家4A旅游景区。所属地：浙江·金华市·兰溪市。地址：浙江省金华市兰溪市浙江省兰溪市诸葛镇诸葛村诸葛八卦村旅游区。,29.2489308,119.2906395,wgs84
仙都景区,4A,浙江,丽水市,缙云县,浙江省丽水市缙云县仙都景区鼎湖大道（仙都街道办事处)仙都景区,景点景区,国家4A旅游景区。所属地：浙江·丽水市·缙云县。地址：浙江省丽水市缙云县仙都景区鼎湖大道（仙都街道办事处)仙都景区。,28.7016697,120.1218635,wgs84
鲁迅故里.沈园景区(鲁迅故里）,5A,浙江,绍兴市,越城区,浙江省绍兴市市辖区浙江省绍兴市鲁迅中路235号鲁迅故里.沈园景区(鲁迅故里）,景点景区,国家5A旅游景区。所属地：浙江·绍兴市·越城区。地址：浙江省绍兴市市辖区浙江省绍兴市鲁迅中路235号鲁迅故里.沈园景区(鲁迅故里）。,29.9952919,120.5802741,wgs84
东钱湖马山休闲旅游区,4A,浙江,宁波市,鄞州区,浙江省宁波市东钱湖旅游度假区东钱湖环湖东路东钱湖马山休闲旅游区,景点景区,国家4A旅游景区。所属地：浙江·宁波市·鄞州区。地址：浙江省宁波市东钱湖旅游度假区东钱湖环湖东路东钱湖马山休闲旅游区。,29.7747820,121.6862676,wgs84
浙江柯岩风景区开发股份有限公司,4A,浙江,绍兴市,柯桥区,浙江省绍兴市绍兴县绍兴县柯岩大道558号浙江柯岩风景区开发股份有限公司,景点景区,国家4A旅游景区。所属地：浙江·绍兴市·柯桥区。地址：浙江省绍兴市绍兴县绍兴县柯岩大道558号浙江柯岩风景区开发股份有限公司。,30.0467952,120.4753295,wgs84
宁波市天一阁博物馆,4A,浙江,宁波市,海曙区,浙江省宁波市海曙区宁波市天一街10号宁波市天一阁博物馆,景点景区,国家4A旅游景区。所属地：浙江·宁波市·海曙区。地址：浙江省宁波市海曙区宁波市天一街10号宁波市天一阁博物馆。,29.8735707,121.5362859,wgs84
浙江省衢州市衢江区药王山景区,4A,浙江,衢州市,衢江区,浙江省衢州市衢江区黄坛口乡黄泥岭村浙江省衢州市衢江区药王山景区,景点景区,国家4A旅游景区。所属地：浙江·衢州市·衢江区。地址：浙江省衢州市衢江区黄坛口乡黄泥岭村浙江省衢州市衢江区药王山景区。,28.7633613,118.9765573,wgs84
嘉兴市南湖旅游区,5A,浙江,嘉兴市,南湖区,浙江省嘉兴市市辖区嘉兴市南溪路1号嘉兴市南湖旅游区,景点景区,国家5A旅游景区。所属地：浙江·嘉兴市·南湖区。地址：浙江省嘉兴市市辖区嘉兴市南溪路1号嘉兴市南湖旅游区。,30.7557648,120.7545175,wgs84
浙江省丽水市缙云县河阳古民居景区,4A,浙江,丽水市,缙云县,浙江省丽水市缙云县新建镇河阳村浙江省丽水市缙云县河阳古民居景区,景点景区,国家4A旅游景区。所属地：浙江·丽水市·缙云县。地址：浙江省丽水市缙云县新建镇河阳村浙江省丽水市缙云县河阳古民居景区。,28.7282270,120.0048483,wgs84
衢州开化古田山风景旅游区,4A,浙江,衢州市,开化县,浙江省衢州市开化县开化县古田山自然保护区衢州开化古田山风景旅游区,景点景区,国家4A旅游景区。所属地：浙江·衢州市·开化县。地址：浙江省衢州市开化县开化县古田山自然保护区衢州开化古田山风景旅游区。,29.2560267,118.1117200,wgs84
玉皇山南基金小镇景区,4A,浙江,杭州市,上城区,浙江省杭州市上城区南星街道目术塘创意园2号楼玉皇山南基金小镇景区,景点景区,国家4A旅游景区。所属地：浙江·杭州市·上城区。地址：浙江省杭州市上城区南星街道目术塘创意园2号楼玉皇山南基金小镇景区。,30.2125370,120.1447889,wgs84
浙江省温州市乐清市雁荡山景区,5A,浙江,温州市,乐清市,浙江省温州市乐清市雁荡镇浙江省温州市乐清市雁荡山景区,景点景区,国家5A旅游景区。所属地：浙江·温州市·乐清市。地址：浙江省温州市乐清市雁荡镇浙江省温州市乐清市雁荡山景区。,28.3608536,121.1395230,wgs84
浙江省杭州市萧山区杭州乐园景区,4A,浙江,杭州市,萧山区,浙江省杭州市萧山区城厢街道休博园中心区43号浙江省杭州市萧山区杭州乐园景区,景点景区,国家4A旅游景区。所属地：浙江·杭州市·萧山区。地址：浙江省杭州市萧山区城厢街道休博园中心区43号浙江省杭州市萧山区杭州乐园景区。,30.1628178,120.2390768,wgs84
武义清水湾景区,4A,浙江,金华市,武义县,浙江省金华市武义县武义县温泉南路1689号武义清水湾景区,景点景区,国家4A旅游景区。所属地：浙江·金华市·武义县。地址：浙江省金华市武义县武义县温泉南路1689号武义清水湾景区。,28.8396675,119.8083473,wgs84
新沙岛景区,4A,浙江,杭州市,富阳区,浙江省杭州市富阳市杭州富阳市新沙村新沙岛景区,景点景区,国家4A旅游景区。所属地：浙江·杭州市·富阳区。地址：浙江省杭州市富阳市杭州富阳市新沙村新沙岛景区。,30.0480503,119.9893959,wgs84
丽水东西岩风景区,4A,浙江,丽水市,莲都区,浙江省丽水市莲都区老竹畲族镇东西岩丽水东西岩风景区,景点景区,国家4A旅游景区。所属地：浙江·丽水市·莲都区。地址：浙江省丽水市莲都区老竹畲族镇东西岩丽水东西岩风景区。,28.5271183,119.7132504,wgs84
象山影视城开发有限公司,4A,浙江,宁波市,象山县,浙江省宁波市象山县浙江省宁波市象山县新桥镇象山影视城开发有限公司,景点景区,国家4A旅游景区。所属地：浙江·宁波市·象山县。地址：浙江省宁波市象山县浙江省宁波市象山县新桥镇象山影视城开发有限公司。,29.2927986,121.8316556,wgs84
浙江蛇蟠岛旅游开发有限公司,4A,浙江,台州市,三门县,浙江省台州市三门县浙江省三门县蛇蟠乡浙江蛇蟠岛旅游开发有限公司,景点景区,国家4A旅游景区。所属地：浙江·台州市·三门县。地址：浙江省台州市三门县浙江省三门县蛇蟠乡浙江蛇蟠岛旅游开发有限公司。,29.1396553,121.5804551,wgs84
杭州余杭运河.塘栖古镇景区,4A,浙江,杭州市,余杭区,浙江省杭州市余杭区杭州市余杭区塘栖镇酱园弄9号杭州余杭运河.塘栖古镇景区,景点景区,国家4A旅游景区。所属地：浙江·杭州市·余杭区。地址：浙江省杭州市余杭区杭州市余杭区塘栖镇酱园弄9号杭州余杭运河.塘栖古镇景区。,30.4789502,120.1788038,wgs84
浙江省温州市苍南县碗窑景区,4A,浙江,温州市,苍南县,浙江省温州市苍南县桥墩镇碗窑村浙江省温州市苍南县碗窑景区,景点景区,国家4A旅游景区。所属地：浙江·温州市·苍南县。地址：浙江省温州市苍南县桥墩镇碗窑村浙江省温州市苍南县碗窑景区。,27.4926287,120.2614306,wgs84
浙江省丽水市遂昌县千佛山景区,4A,浙江,丽水市,遂昌县,浙江省丽水市遂昌县石练镇飞石岭浙江省丽水市遂昌县千佛山景区,景点景区,国家4A旅游景区。所属地：浙江·丽水市·遂昌县。地址：浙江省丽水市遂昌县石练镇飞石岭浙江省丽水市遂昌县千佛山景区。,28.4763778,119.0229915,wgs84
廿八都景区,4A,浙江,衢州市,江山市,浙江省衢州市江山市廿八都镇浔里村廿八都景区,景点景区,国家4A旅游景区。所属地：浙江·衢州市·江山市。地址：浙江省衢州市江山市廿八都镇浔里村廿八都景区。,28.2941271,118.4777133,wgs84
舟山市普陀山风景名胜区管理委会,5A,浙江,舟山市,普陀区,浙江省舟山市市辖区普陀山梅岑路115号舟山市普陀山风景名胜区管理委会,景点景区,国家5A旅游景区。所属地：浙江·舟山市·普陀区。地址：浙江省舟山市市辖区普陀山梅岑路115号舟山市普陀山风景名胜区管理委会。,29.9782519,122.3734570,wgs84
青田中国石雕文化旅游区,4A,浙江,丽水市,青田县,浙江省丽水市青田县浙江省青田县涌泉街26号青田中国石雕文化旅游区,景点景区,国家4A旅游景区。所属地：浙江·丽水市·青田县。地址：浙江省丽水市青田县浙江省青田县涌泉街26号青田中国石雕文化旅游区。,28.0967200,120.3165278,wgs84
浙江省杭州市建德市七里扬帆景区,4A,浙江,杭州市,建德市,浙江省杭州市建德市梅城镇七里扬帆景区浙江省杭州市建德市七里扬帆景区,景点景区,国家4A旅游景区。所属地：浙江·杭州市·建德市。地址：浙江省杭州市建德市梅城镇七里扬帆景区浙江省杭州市建德市七里扬帆景区。,29.5502494,119.5394389,wgs84
宁波慈城古县城景区,4A,浙江,宁波市,江北区,浙江省宁波市江北区宁波慈城镇东城沿路88号宁波慈城古县城景区,景点景区,国家4A旅游景区。所属地：浙江·宁波市·江北区。地址：浙江省宁波市江北区宁波慈城镇东城沿路88号宁波慈城古县城景区。,29.9865109,121.4461620,wgs84
横店红色旅游城,4A,浙江,金华市,东阳市,浙江省金华市东阳市浙江省东阳市横店镇八一村横店红色旅游城,景点景区,国家4A旅游景区。所属地：浙江·金华市·东阳市。地址：浙江省金华市东阳市浙江省东阳市横店镇八一村横店红色旅游城。,29.1488643,120.3209986,wgs84
牛头山国家森林公园,4A,浙江,金华市,武义县,浙江省金华市武义县浙江省武义县西联乡牛头山景区牛头山国家森林公园,景点景区,国家4A旅游景区。所属地：浙江·金华市·武义县。地址：浙江省金华市武义县浙江省武义县西联乡牛头山景区牛头山国家森林公园。,28.6748698,119.5167281,wgs84
浙江省金华市东阳市横店镇华夏文化园景区,4A,浙江,金华市,东阳市,浙江省金华市东阳市横店国际商贸城浙江省金华市东阳市横店镇华夏文化园景区,景点景区,国家4A旅游景区。所属地：浙江·金华市·东阳市。地址：浙江省金华市东阳市横店国际商贸城浙江省金华市东阳市横店镇华夏文化园景区。,29.1570720,120.2880082,wgs84
浙江省温州市泰顺县廊桥文化园景区,4A,浙江,温州市,泰顺县,浙江省温州市泰顺县泗溪镇下桥村浙江省温州市泰顺县廊桥文化园景区,景点景区,国家4A旅游景区。所属地：浙江·温州市·泰顺县。地址：浙江省温州市泰顺县泗溪镇下桥村浙江省温州市泰顺县廊桥文化园景区。,27.4731088,119.9953127,wgs84
横店影视城5A级景区,5A,浙江,金华市,东阳市,浙江省金华市东阳市横店镇万盛街58号横店影视城5A级景区,景点景区,国家5A旅游景区。所属地：浙江·金华市·东阳市。地址：浙江省金华市东阳市横店镇万盛街58号横店影视城5A级景区。,29.1530586,120.3125994,wgs84
临海市江南长城景区,4A,浙江,台州市,临海市,浙江省台州市临海市柏叶西路131号客运中心西大门口（二楼）临海市江南长城景区,景点景区,国家4A旅游景区。所属地：浙江·台州市·临海市。地址：浙江省台州市临海市柏叶西路131号客运中心西大门口（二楼）临海市江南长城景区。,28.8533085,121.1396897,wgs84
杭州野生动物世界,4A,浙江,杭州市,富阳区,浙江省杭州市富阳市浙江省杭州市富阳市杭富路九龙大道1号杭州野生动物世界,景点景区,国家4A旅游景区。所属地：浙江·杭州市·富阳区。地址：浙江省杭州市富阳市浙江省杭州市富阳市杭富路九龙大道1号杭州野生动物世界。,30.1548376,119.9798757,wgs84
临安市太湖源景区,4A,浙江,杭州市,临安区,浙江省杭州市临安市临安市太湖源镇白沙村临安市太湖源景区,景点景区,国家4A旅游景区。所属地：浙江·杭州市·临安区。地址：浙江省杭州市临安市临安市太湖源镇白沙村临安市太湖源景区。,30.3978506,119.5492043,wgs84
杭州宋城景区,4A,浙江,杭州市,西湖区,浙江省杭州市西湖区之江路148号杭州宋城景区,景点景区,国家4A旅游景区。所属地：浙江·杭州市·西湖区。地址：浙江省杭州市西湖区之江路148号杭州宋城景区。,30.1720899,120.0939284,wgs84
浙江省杭州市桐庐县瑶琳仙境景区,4A,浙江,杭州市,桐庐县,浙江省杭州市桐庐县瑶琳镇瑶琳路40号浙江省杭州市桐庐县瑶琳仙境景区,景点景区,国家4A旅游景区。所属地：浙江·杭州市·桐庐县。地址：浙江省杭州市桐庐县瑶琳镇瑶琳路40号浙江省杭州市桐庐县瑶琳仙境景区。,29.8890127,119.5345253,wgs84
浙江省宁波市杭州湾新区海皮岛景区,4A,浙江,宁波市,慈溪市,浙江省宁波市杭州湾新区浙江省宁波市杭州湾新区海皮岛景区,景点景区,国家4A旅游景区。所属地：浙江·宁波市·慈溪市。地址：浙江省宁波市杭州湾新区浙江省宁波市杭州湾新区海皮岛景区。,30.3296640,121.2327200,wgs84
浙江省湖州市长兴县中国扬子鳄村景区,4A,浙江,湖州市,长兴县,浙江省湖州市长兴县林城镇新星村浙江省湖州市长兴县中国扬子鳄村景区,景点景区,国家4A旅游景区。所属地：浙江·湖州市·长兴县。地址：浙江省湖州市长兴县林城镇新星村浙江省湖州市长兴县中国扬子鳄村景区。,30.9263355,119.7311553,wgs84
建德航空小镇景区,4A,浙江,杭州市,建德市,浙江省杭州市建德市寿昌镇横山路52号建德航空小镇景区,景点景区,国家4A旅游景区。所属地：浙江·杭州市·建德市。地址：浙江省杭州市建德市寿昌镇横山路52号建德航空小镇景区。,29.3690578,119.2108508,wgs84
玉环大鹿岛旅游开发有限公司,4A,浙江,台州市,玉环市,浙江省台州市玉环县浙江省台州市玉环县大鹿岛玉环大鹿岛旅游开发有限公司,景点景区,国家4A旅游景区。所属地：浙江·台州市·玉环市。地址：浙江省台州市玉环县浙江省台州市玉环县大鹿岛玉环大鹿岛旅游开发有限公司。,28.1257456,121.2326685,wgs84
天下玉苑,4A,浙江,宁波市,余姚市,浙江省宁波市余姚市大隐镇山王北路85号天下玉苑,景点景区,国家4A旅游景区。所属地：浙江·宁波市·余姚市。地址：浙江省宁波市余姚市大隐镇山王北路85号天下玉苑。,29.9417337,121.3618086,wgs84
泰顺廊桥文化园,4A,浙江,温州市,泰顺县,浙江省温州市泰顺县泗溪镇泰顺廊桥文化园,景点景区,国家4A旅游景区。所属地：浙江·温州市·泰顺县。地址：浙江省温州市泰顺县泗溪镇泰顺廊桥文化园。,27.4738828,119.9959710,wgs84
丹山赤水,4A,浙江,宁波市,余姚市,浙江省宁波市余姚市大岚镇丹山赤水,景点景区,国家4A旅游景区。所属地：浙江·宁波市·余姚市。地址：浙江省宁波市余姚市大岚镇丹山赤水。,29.7842180,121.1198968,wgs84
浙江省金华市兰溪市六洞山风景区,4A,浙江,金华市,兰溪市,浙江省金华市兰溪市灵洞乡洞源村浙江省金华市兰溪市六洞山风景区,景点景区,国家4A旅游景区。所属地：浙江·金华市·兰溪市。地址：浙江省金华市兰溪市灵洞乡洞源村浙江省金华市兰溪市六洞山风景区。,29.2069665,119.5340425,wgs84
浙江省温州市鹿城区江心屿景区,4A,浙江,温州市,鹿城区,浙江省温州市鹿城区望江东路江心屿景区浙江省温州市鹿城区江心屿景区,景点景区,国家4A旅游景区。所属地：浙江·温州市·鹿城区。地址：浙江省温州市鹿城区望江东路江心屿景区浙江省温州市鹿城区江心屿景区。,28.0263626,120.6437859,wgs84
庾村景区,4A,浙江,湖州市,德清县,浙江省湖州市德清县庾村集镇育才路1号庾村景区,景点景区,国家4A旅游景区。所属地：浙江·湖州市·德清县。地址：浙江省湖州市德清县庾村集镇育才路1号庾村景区。,30.5952142,119.9031015,wgs84
锦林佛手文化园,4A,浙江,金华市,金东区,浙江省金华市金东区浙江省金华市金东区赤松镇山口村锦林佛手文化园,景点景区,国家4A旅游景区。所属地：浙江·金华市·金东区。地址：浙江省金华市金东区浙江省金华市金东区赤松镇山口村锦林佛手文化园。,29.1691929,119.7059346,wgs84
天台后岸乡居旅游景区,4A,浙江,台州市,天台县,浙江省台州市天台县街头镇后岸村天台后岸乡居旅游景区,景点景区,国家4A旅游景区。所属地：浙江·台州市·天台县。地址：浙江省台州市天台县街头镇后岸村天台后岸乡居旅游景区。,29.0848346,120.8118713,wgs84
宁波五龙潭风景名胜区,4A,浙江,宁波市,海曙区,浙江省宁波市鄞州区宁波市鄞州区龙观乡宁波五龙潭风景名胜区,景点景区,国家4A旅游景区。所属地：浙江·宁波市·海曙区。地址：浙江省宁波市鄞州区宁波市鄞州区龙观乡宁波五龙潭风景名胜区。,29.7903618,121.2594769,wgs84
横店明清民居博览城,4A,浙江,金华市,东阳市,浙江省金华市东阳市东阳市横店镇康庄南路188号横店明清民居博览城,景点景区,国家4A旅游景区。所属地：浙江·金华市·东阳市。地址：浙江省金华市东阳市东阳市横店镇康庄南路188号横店明清民居博览城。,29.1434147,120.3245836,wgs84
柳溪江,4A,浙江,杭州市,临安区,浙江省杭州市临安市浙江省杭州临安市河桥镇聚秀村柳溪江,景点景区,国家4A旅游景区。所属地：浙江·杭州市·临安区。地址：浙江省杭州市临安市浙江省杭州临安市河桥镇聚秀村柳溪江。,30.1232512,119.2441407,wgs84
海天一洲景区,4A,浙江,宁波市,慈溪市,浙江省宁波市慈溪市浙江省慈溪市庵东镇虹桥大道一号海天一洲景区,景点景区,国家4A旅游景区。所属地：浙江·宁波市·慈溪市。地址：浙江省宁波市慈溪市浙江省慈溪市庵东镇虹桥大道一号海天一洲景区。,30.4632563,121.1251635,wgs84
松阴溪景区,4A,浙江,丽水市,松阳县,浙江省丽水市松阳县江南公路独山驿站松阴溪景区,景点景区,国家4A旅游景区。所属地：浙江·丽水市·松阳县。地址：浙江省丽水市松阳县江南公路独山驿站松阴溪景区。,28.4420490,119.4724384,wgs84
杭州临安太湖源景区,4A,浙江,杭州市,临安区,浙江省杭州市临安区太湖源镇白沙村郑家坪1号杭州临安太湖源景区,景点景区,国家4A旅游景区。所属地：浙江·杭州市·临安区。地址：浙江省杭州市临安区太湖源镇白沙村郑家坪1号杭州临安太湖源景区。,30.3978506,119.5492043,wgs84
义乌国际商贸城购物旅游区,4A,浙江,金华市,义乌市,浙江省金华市义乌市福田街道国际商贸城四区南3号门义乌国际商贸城购物旅游区,景点景区,国家4A旅游景区。所属地：浙江·金华市·义乌市。地址：浙江省金华市义乌市福田街道国际商贸城四区南3号门义乌国际商贸城购物旅游区。,29.3432444,120.1102449,wgs84
温州南塘文化旅游区,4A,浙江,温州市,鹿城区,浙江省温州市鹿城区温州市锦绣路与飞霞南路交汇处温州南塘文化旅游区,景点景区,国家4A旅游景区。所属地：浙江·温州市·鹿城区。地址：浙江省温州市鹿城区温州市锦绣路与飞霞南路交汇处温州南塘文化旅游区。,27.9994284,120.6658283,wgs84
杭州西湖景区,5A,浙江,杭州市,西湖区,浙江省杭州市市辖区杭州西湖景区,景点景区,国家5A旅游景区。所属地：浙江·杭州市·西湖区。地址：浙江省杭州市市辖区杭州西湖景区。,30.2249989,120.1164981,wgs84
民居苑景区,4A,浙江,衢州市,龙游县,浙江省衢州市龙游县东华街道宝塔路46号民居苑景区,景点景区,国家4A旅游景区。所属地：浙江·衢州市·龙游县。地址：浙江省衢州市龙游县东华街道宝塔路46号民居苑景区。,29.0253197,119.1793105,wgs84
浙江省温州市平阳县南雁荡山景区,4A,浙江,温州市,平阳县,浙江省温州市平阳县南雁镇浙江省温州市平阳县南雁荡山景区,景点景区,国家4A旅游景区。所属地：浙江·温州市·平阳县。地址：浙江省温州市平阳县南雁镇浙江省温州市平阳县南雁荡山景区。,27.5856787,120.2166108,wgs84
武义大红岩景区,4A,浙江,金华市,武义县,浙江省金华市武义县武义县白姆乡横山村武义大红岩景区,景点景区,国家4A旅游景区。所属地：浙江·金华市·武义县。地址：浙江省金华市武义县武义县白姆乡横山村武义大红岩景区。,28.8144612,119.6657406,wgs84
龙天红木小镇景区,4A,浙江,衢州市,龙游县,浙江省衢州市龙游县曹垄村龙天红木小镇景区,景点景区,国家4A旅游景区。所属地：浙江·衢州市·龙游县。地址：浙江省衢州市龙游县曹垄村龙天红木小镇景区。,29.0789053,119.2415466,wgs84
荻港景区,4A,浙江,湖州市,南浔区,浙江省湖州市南浔区湖州市和孚镇荻港村荻港景区,景点景区,国家4A旅游景区。所属地：浙江·湖州市·南浔区。地址：浙江省湖州市南浔区湖州市和孚镇荻港村荻港景区。,30.7579834,120.1562257,wgs84
浙江省台州市玉环市大鹿岛景区,4A,浙江,台州市,玉环市,浙江省台州市玉环市鸡山乡大鹿岛浙江省台州市玉环市大鹿岛景区,景点景区,国家4A旅游景区。所属地：浙江·台州市·玉环市。地址：浙江省台州市玉环市鸡山乡大鹿岛浙江省台州市玉环市大鹿岛景区。,28.0912507,121.4034841,wgs84
浙江省宁波市杭州湾新区方特东方神画景区,4A,浙江,宁波市,慈溪市,浙江省宁波市杭州湾新区浙江省宁波市杭州湾新区方特东方神画景区,景点景区,国家4A旅游景区。所属地：浙江·宁波市·慈溪市。地址：浙江省宁波市杭州湾新区浙江省宁波市杭州湾新区方特东方神画景区。,30.3214227,121.1779368,wgs84
梅树底景区,4A,浙江,衢州市,常山县,浙江省衢州市常山县东案乡梅树底村梅树底景区,景点景区,国家4A旅游景区。所属地：浙江·衢州市·常山县。地址：浙江省衢州市常山县东案乡梅树底村梅树底景区。,29.0742514,118.6680504,wgs84
严子陵钓台,4A,浙江,杭州市,桐庐县,浙江省杭州市桐庐县浙江省桐庐县富春江镇云源路1号严子陵钓台,景点景区,国家4A旅游景区。所属地：浙江·杭州市·桐庐县。地址：浙江省杭州市桐庐县浙江省桐庐县富春江镇云源路1号严子陵钓台。,29.6991009,119.6436839,wgs84
古田山风景旅游区,4A,浙江,衢州市,开化县,浙江省衢州市开化县苏庄镇古田山风景旅游区古田山风景旅游区,景点景区,国家4A旅游景区。所属地：浙江·衢州市·开化县。地址：浙江省衢州市开化县苏庄镇古田山风景旅游区古田山风景旅游区。,29.2577984,118.1492623,wgs84
大明山景区,4A,浙江,杭州市,临安区,浙江省杭州市临安区清凉峰镇大明山景区大明山景区,景点景区,国家4A旅游景区。所属地：浙江·杭州市·临安区。地址：浙江省杭州市临安区清凉峰镇大明山景区大明山景区。,30.0591142,118.9849746,wgs84
宁波博物馆,4A,浙江,宁波市,鄞州区,浙江省宁波市鄞州区鄞州区首南中路1000号宁波博物馆,景点景区,国家4A旅游景区。所属地：浙江·宁波市·鄞州区。地址：浙江省宁波市鄞州区鄞州区首南中路1000号宁波博物馆。,29.8163198,121.5415547,wgs84
寨寮溪风景名胜区,4A,浙江,温州市,瑞安市,浙江省温州市瑞安市瑞安市高楼镇寨寮溪游客集散中心寨寮溪风景名胜区,景点景区,国家4A旅游景区。所属地：浙江·温州市·瑞安市。地址：浙江省温州市瑞安市瑞安市高楼镇寨寮溪游客集散中心寨寮溪风景名胜区。,27.7710689,120.2782109,wgs84
安吉浪漫山川景区,4A,浙江,湖州市,安吉县,浙江省湖州市安吉县浙江省湖州市安吉县山川乡安吉浪漫山川景区,景点景区,国家4A旅游景区。所属地：浙江·湖州市·安吉县。地址：浙江省湖州市安吉县浙江省湖州市安吉县山川乡安吉浪漫山川景区。,30.4147916,119.6503572,wgs84
湖州原乡小镇景区,4A,浙江,湖州市,吴兴区,浙江省湖州市吴兴区肇村村原乡小镇景区湖州原乡小镇景区,景点景区,国家4A旅游景区。所属地：浙江·湖州市·吴兴区。地址：浙江省湖州市吴兴区肇村村原乡小镇景区湖州原乡小镇景区。,30.8097135,119.9580745,wgs84
衢州开化根宫佛国文化旅游区,5A,浙江,衢州市,开化县,浙江省衢州市开化县浙江省开化县根博路1号衢州开化根宫佛国文化旅游区,景点景区,国家5A旅游景区。所属地：浙江·衢州市·开化县。地址：浙江省衢州市开化县浙江省开化县根博路1号衢州开化根宫佛国文化旅游区。,29.1362952,118.3877594,wgs84
浙江省绍兴市东湖景区,4A,浙江,绍兴市,越城区,浙江省绍兴市越城区皋埠镇云东路东湖风景区浙江省绍兴市东湖景区,景点景区,国家4A旅游景区。所属地：浙江·绍兴市·越城区。地址：浙江省绍兴市越城区皋埠镇云东路东湖风景区浙江省绍兴市东湖景区。,30.0010158,120.6279655,wgs84
浙江省宁波市江北区慈城镇五星村绿野山居,4A,浙江,宁波市,江北区,浙江省宁波市江北区慈城五星村绿野山居浙江省宁波市江北区慈城镇五星村绿野山居,景点景区,国家4A旅游景区。所属地：浙江·宁波市·江北区。地址：浙江省宁波市江北区慈城五星村绿野山居浙江省宁波市江北区慈城镇五星村绿野山居。,30.0210130,121.4010827,wgs84
海盐县绮园景区投资管理有限公司,4A,浙江,嘉兴市,海盐县,浙江省嘉兴市海盐县武原街道海滨东路37号9室海盐县绮园景区投资管理有限公司,景点景区,国家4A旅游景区。所属地：浙江·嘉兴市·海盐县。地址：浙江省嘉兴市海盐县武原街道海滨东路37号9室海盐县绮园景区投资管理有限公司。,30.5180389,120.9428938,wgs84
牛头山景区,4A,浙江,金华市,武义县,浙江省金华市武义县西联乡上田村牛头山景区,景点景区,国家4A旅游景区。所属地：浙江·金华市·武义县。地址：浙江省金华市武义县西联乡上田村牛头山景区。,28.6748698,119.5167281,wgs84
浙江省丽水市莲都区古堰画乡景区,4A,浙江,丽水市,莲都区,浙江省丽水市莲都区大港头镇浙江省丽水市莲都区古堰画乡景区,景点景区,国家4A旅游景区。所属地：浙江·丽水市·莲都区。地址：浙江省丽水市莲都区大港头镇浙江省丽水市莲都区古堰画乡景区。,28.3021415,119.7344079,wgs84
东阳中国木雕城景区,4A,浙江,金华市,东阳市,浙江省金华市东阳市世贸大道188号东阳中国木雕城景区,景点景区,国家4A旅游景区。所属地：浙江·金华市·东阳市。地址：浙江省金华市东阳市世贸大道188号东阳中国木雕城景区。,29.3038710,120.1773241,wgs84
杭州市千岛湖景区,5A,浙江,杭州市,淳安县,浙江省杭州市淳安县千岛湖镇排岭南路32号杭州市千岛湖景区,景点景区,国家5A旅游景区。所属地：浙江·杭州市·淳安县。地址：浙江省杭州市淳安县千岛湖镇排岭南路32号杭州市千岛湖景区。,29.6032400,119.0377849,wgs84
浙江省绍兴市柯桥区安昌古镇景区,4A,浙江,绍兴市,柯桥区,浙江省绍兴市柯桥区安昌街道浙江省绍兴市柯桥区安昌古镇景区,景点景区,国家4A旅游景区。所属地：浙江·绍兴市·柯桥区。地址：浙江省绍兴市柯桥区安昌街道浙江省绍兴市柯桥区安昌古镇景区。,30.1389578,120.4932484,wgs84
湖州市南浔古镇景区,5A,浙江,湖州市,南浔区,浙江省湖州市南浔区南浔镇人瑞路51号湖州市南浔古镇景区,景点景区,国家5A旅游景区。所属地：浙江·湖州市·南浔区。地址：浙江省湖州市南浔区南浔镇人瑞路51号湖州市南浔古镇景区。,30.8785200,120.4283554,wgs84
莫干山风景名胜区,4A,浙江,湖州市,德清县,浙江省湖州市德清县浙江省莫干山风景区97号莫干山风景名胜区,景点景区,国家4A旅游景区。所属地：浙江·湖州市·德清县。地址：浙江省湖州市德清县浙江省莫干山风景区97号莫干山风景名胜区。,30.6082600,119.8619527,wgs84
良渚博物院,4A,浙江,杭州市,余杭区,浙江省杭州市余杭区良渚街道美丽洲路1号良渚博物院,景点景区,国家4A旅游景区。所属地：浙江·杭州市·余杭区。地址：浙江省杭州市余杭区良渚街道美丽洲路1号良渚博物院。,30.3797381,120.0232203,wgs84
大明山,4A,浙江,杭州市,临安区,浙江省杭州市临安市浙江省临安市清凉峰镇白果村大明山,景点景区,国家4A旅游景区。所属地：浙江·杭州市·临安区。地址：浙江省杭州市临安市浙江省临安市清凉峰镇白果村大明山。,30.0671063,118.9909588,wgs84
七彩长虹景区,4A,浙江,衢州市,开化县,浙江省衢州市开化县长虹乡七彩长虹景区,景点景区,国家4A旅游景区。所属地：浙江·衢州市·开化县。地址：浙江省衢州市开化县长虹乡七彩长虹景区。,29.2362592,118.2253162,wgs84
海宁盐官观潮景区,4A,浙江,嘉兴市,海宁市,浙江省嘉兴市海宁市盐官镇古邑路1号海宁盐官观潮景区,景点景区,国家4A旅游景区。所属地：浙江·嘉兴市·海宁市。地址：浙江省嘉兴市海宁市盐官镇古邑路1号海宁盐官观潮景区。,30.4044000,120.5440632,wgs84
浙江省台州市临海市江南长城旅游区,4A,浙江,台州市,临海市,浙江省台州市临海市北山路浙江省台州市临海市江南长城旅游区,景点景区,国家4A旅游景区。所属地：浙江·台州市·临海市。地址：浙江省台州市临海市北山路浙江省台州市临海市江南长城旅游区。,28.8529544,121.1153844,wgs84
绍兴市华东国际珠宝城,4A,浙江,绍兴市,诸暨市,浙江省绍兴市诸暨市诸暨市山下湖镇华东国际珠宝城综合楼12层绍兴市华东国际珠宝城,景点景区,国家4A旅游景区。所属地：浙江·绍兴市·诸暨市。地址：浙江省绍兴市诸暨市诸暨市山下湖镇华东国际珠宝城综合楼12层绍兴市华东国际珠宝城。,29.8427505,120.3504360,wgs84
浙江省金华市磐安县舞龙峡景区,4A,浙江,金华市,磐安县,浙江省金华市磐安县尖山镇楼下宅村浙江省金华市磐安县舞龙峡景区,景点景区,国家4A旅游景区。所属地：浙江·金华市·磐安县。地址：浙江省金华市磐安县尖山镇楼下宅村浙江省金华市磐安县舞龙峡景区。,29.2135545,120.7267554,wgs84
中国青瓷小镇·披云青瓷文化园,4A,浙江,丽水市,龙泉市,浙江省丽水市龙泉市浙江龙泉上垟镇中国青瓷小镇·披云青瓷文化园,景点景区,国家4A旅游景区。所属地：浙江·丽水市·龙泉市。地址：浙江省丽水市龙泉市浙江龙泉上垟镇中国青瓷小镇·披云青瓷文化园。,27.9759995,118.8713514,wgs84
浙江省宁波市江北区慈城古县城景区,4A,浙江,宁波市,江北区,浙江省宁波市江北区东城沿路88号浙江省宁波市江北区慈城古县城景区,景点景区,国家4A旅游景区。所属地：浙江·宁波市·江北区。地址：浙江省宁波市江北区东城沿路88号浙江省宁波市江北区慈城古县城景区。,29.9865109,121.4461620,wgs84
浪石金滩,4A,浙江,杭州市,桐庐县,浙江省杭州市桐庐县横村镇浪石村浪石金滩,景点景区,国家4A旅游景区。所属地：浙江·杭州市·桐庐县。地址：浙江省杭州市桐庐县横村镇浪石村浪石金滩。,29.8800626,119.5716258,wgs84
绍兴县大香林乡村休闲旅游区,4A,浙江,绍兴市,柯桥区,浙江省绍兴市绍兴县绍兴县湖塘街道型塘岭下村绍兴县大香林乡村休闲旅游区,景点景区,国家4A旅游景区。所属地：浙江·绍兴市·柯桥区。地址：浙江省绍兴市绍兴县绍兴县湖塘街道型塘岭下村绍兴县大香林乡村休闲旅游区。,30.0029930,120.3954407,wgs84
遂昌金矿矿山公园有限公司,4A,浙江,丽水市,遂昌县,浙江省丽水市遂昌县浙江省遂昌县濂竹乡花园岭遂昌金矿矿山公园有限公司,景点景区,国家4A旅游景区。所属地：浙江·丽水市·遂昌县。地址：浙江省丽水市遂昌县浙江省遂昌县濂竹乡花园岭遂昌金矿矿山公园有限公司。,28.6180469,119.4226291,wgs84
青田石门洞景区,4A,浙江,丽水市,青田县,浙江省丽水市青田县青田县石门洞青田石门洞景区,景点景区,国家4A旅游景区。所属地：浙江·丽水市·青田县。地址：浙江省丽水市青田县青田县石门洞青田石门洞景区。,28.2804196,120.1071153,wgs84
浙江省杭州市桐庐县浪石金滩景区,4A,浙江,杭州市,桐庐县,浙江省杭州市桐庐县横村镇浪石村浙江省杭州市桐庐县浪石金滩景区,景点景区,国家4A旅游景区。所属地：浙江·杭州市·桐庐县。地址：浙江省杭州市桐庐县横村镇浪石村浙江省杭州市桐庐县浪石金滩景区。,29.8800626,119.5716258,wgs84
遂昌千佛山景区有限公司,4A,浙江,丽水市,遂昌县,浙江省丽水市遂昌县遂昌县石练镇飞石岭遂昌千佛山景区有限公司,景点景区,国家4A旅游景区。所属地：浙江·丽水市·遂昌县。地址：浙江省丽水市遂昌县遂昌县石练镇飞石岭遂昌千佛山景区有限公司。,28.4763778,119.0229915,wgs84
浙江省湖州市安吉县余村景区,4A,浙江,湖州市,安吉县,浙江省湖州市安吉县天荒坪镇余村村浙江省湖州市安吉县余村景区,景点景区,国家4A旅游景区。所属地：浙江·湖州市·安吉县。地址：浙江省湖州市安吉县天荒坪镇余村村浙江省湖州市安吉县余村景区。,30.5251547,119.5994804,wgs84
浙江省绍兴市柯桥区绍兴乔波冰雪世界旅游区,4A,浙江,绍兴市,柯桥区,浙江省绍兴市柯桥区柯岩街道柯南大道2168号浙江省绍兴市柯桥区绍兴乔波冰雪世界旅游区,景点景区,国家4A旅游景区。所属地：浙江·绍兴市·柯桥区。地址：浙江省绍兴市柯桥区柯岩街道柯南大道2168号浙江省绍兴市柯桥区绍兴乔波冰雪世界旅游区。,30.0572720,120.4719897,wgs84
杭州龙门古镇景区,4A,浙江,杭州市,富阳区,浙江省杭州市富阳区龙门镇龙门古镇旅游公司杭州龙门古镇景区,景点景区,国家4A旅游景区。所属地：浙江·杭州市·富阳区。地址：浙江省杭州市富阳区龙门镇龙门古镇旅游公司杭州龙门古镇景区。,29.9029220,119.9465619,wgs84
浙江省金华市永康市方岩风景区,4A,浙江,金华市,永康市,浙江省金华市永康市方岩镇方岩风景区投资经营有限公司浙江省金华市永康市方岩风景区,景点景区,国家4A旅游景区。所属地：浙江·金华市·永康市。地址：浙江省金华市永康市方岩镇方岩风景区投资经营有限公司浙江省金华市永康市方岩风景区。,28.9136573,120.1888676,wgs84
宁波松兰山旅游度假区,4A,浙江,宁波市,象山县,浙江省宁波市象山县象山松兰山旅游度假区宁波松兰山旅游度假区,景点景区,国家4A旅游景区。所属地：浙江·宁波市·象山县。地址：浙江省宁波市象山县象山松兰山旅游度假区宁波松兰山旅游度假区。,29.4290567,121.9612115,wgs84
浙江省杭州市余杭区双溪漂流景区,4A,浙江,杭州市,余杭区,浙江省杭州市余杭区径山镇双溪竹路7号浙江省杭州市余杭区双溪漂流景区,景点景区,国家4A旅游景区。所属地：浙江·杭州市·余杭区。地址：浙江省杭州市余杭区径山镇双溪竹路7号浙江省杭州市余杭区双溪漂流景区。,30.4033617,119.8333040,wgs84
浙江省衢州市江山市仙霞关景区,4A,浙江,衢州市,江山市,浙江省衢州市江山市保安乡慕仙路1号附近浙江省衢州市江山市仙霞关景区,景点景区,国家4A旅游景区。所属地：浙江·衢州市·江山市。地址：浙江省衢州市江山市保安乡慕仙路1号附近浙江省衢州市江山市仙霞关景区。,28.3892657,118.5173539,wgs84
浙江省宁波市镇海区宁波帮博物馆景区,4A,浙江,宁波市,镇海区,浙江省宁波市镇海区庄市街道思源路255号浙江省宁波市镇海区宁波帮博物馆景区,景点景区,国家4A旅游景区。所属地：浙江·宁波市·镇海区。地址：浙江省宁波市镇海区庄市街道思源路255号浙江省宁波市镇海区宁波帮博物馆景区。,29.9210399,121.6233294,wgs84
浙江省湖州市吴兴区黄金湖岸景区,4A,浙江,湖州市,吴兴区,浙江省湖州市吴兴区滨湖街道黄金湖岸(雷迪森酒店后面太湖大堤上)浙江省湖州市吴兴区黄金湖岸景区,景点景区,国家4A旅游景区。所属地：浙江·湖州市·吴兴区。地址：浙江省湖州市吴兴区滨湖街道黄金湖岸(雷迪森酒店后面太湖大堤上)浙江省湖州市吴兴区黄金湖岸景区。,30.9505300,120.1164747,wgs84
宁波伍山石窟景区,4A,浙江,宁波市,宁海县,浙江省宁波市宁海县宁海县长街镇伍山石窟风景区宁波伍山石窟景区,景点景区,国家4A旅游景区。所属地：浙江·宁波市·宁海县。地址：浙江省宁波市宁海县宁海县长街镇伍山石窟风景区宁波伍山石窟景区。,29.2111993,121.7550453,wgs84
达蓬山旅游度假区,4A,浙江,宁波市,镇海区,浙江省宁波市慈溪市慈溪市龙山镇达蓬山旅游度假区达蓬山旅游度假区,景点景区,国家4A旅游景区。所属地：浙江·宁波市·镇海区。地址：浙江省宁波市慈溪市慈溪市龙山镇达蓬山旅游度假区达蓬山旅游度假区。,30.0537113,121.5012712,wgs84
湖州市菰城景区,4A,浙江,湖州市,吴兴区,浙江省湖州市吴兴区龙王山路仁皇山南大门游客中心湖州市菰城景区,景点景区,国家4A旅游景区。所属地：浙江·湖州市·吴兴区。地址：浙江省湖州市吴兴区龙王山路仁皇山南大门游客中心湖州市菰城景区。,30.8643358,120.0950456,wgs84
云和湖仙宫景区,4A,浙江,丽水市,云和县,浙江省丽水市云和县云和县紧水滩镇云和湖仙宫景区,景点景区,国家4A旅游景区。所属地：浙江·丽水市·云和县。地址：浙江省丽水市云和县云和县紧水滩镇云和湖仙宫景区。,28.2117550,119.5163620,wgs84
中国扬子鳄村,4A,浙江,湖州市,长兴县,浙江省湖州市长兴县浙江省长兴县泗安镇尹家边村管埭自然村中国扬子鳄村,景点景区,国家4A旅游景区。所属地：浙江·湖州市·长兴县。地址：浙江省湖州市长兴县浙江省长兴县泗安镇尹家边村管埭自然村中国扬子鳄村。,30.9301199,119.7302840,wgs84
浙江省宁波市余姚市丹山赤水景区,4A,浙江,宁波市,余姚市,浙江省宁波市余姚市大岚镇柿林村浙江省宁波市余姚市丹山赤水景区,景点景区,国家4A旅游景区。所属地：浙江·宁波市·余姚市。地址：浙江省宁波市余姚市大岚镇柿林村浙江省宁波市余姚市丹山赤水景区。,29.7957422,121.1564692,wgs84
浙江省丽水市龙泉市龙泉山旅游度假景区,4A,浙江,丽水市,龙泉市,浙江省丽水市龙泉市兰巨乡官埔垟粗坑村龙泉山浙江省丽水市龙泉市龙泉山旅游度假景区,景点景区,国家4A旅游景区。所属地：浙江·丽水市·龙泉市。地址：浙江省丽水市龙泉市兰巨乡官埔垟粗坑村龙泉山浙江省丽水市龙泉市龙泉山旅游度假景区。,27.9300891,119.1676480,wgs84
浙江省宁波市东钱湖旅游度假区马山休闲旅游景区,4A,浙江,宁波市,鄞州区,浙江省宁波市东钱湖旅游度假区浙江省宁波市东钱湖旅游度假区马山休闲旅游景区,景点景区,国家4A旅游景区。所属地：浙江·宁波市·鄞州区。地址：浙江省宁波市东钱湖旅游度假区浙江省宁波市东钱湖旅游度假区马山休闲旅游景区。,29.7438138,121.6671422,wgs84
绍兴乔波冰雪世界体育发展有限公司,4A,浙江,绍兴市,柯桥区,浙江省绍兴市绍兴县浙江省绍兴县柯岩街道柯南大道2168号绍兴乔波冰雪世界体育发展有限公司,景点景区,国家4A旅游景区。所属地：浙江·绍兴市·柯桥区。地址：浙江省绍兴市绍兴县浙江省绍兴县柯岩街道柯南大道2168号绍兴乔波冰雪世界体育发展有限公司。,30.0581037,120.4707453,wgs84
嘉兴湘家荡环湖景区,4A,浙江,嘉兴市,南湖区,浙江省嘉兴市南湖区嘉兴市南湖区七星街道灵湖路嘉兴湘家荡环湖景区,景点景区,国家4A旅游景区。所属地：浙江·嘉兴市·南湖区。地址：浙江省嘉兴市南湖区嘉兴市南湖区七星街道灵湖路嘉兴湘家荡环湖景区。,30.8092088,120.8180239,wgs84
地理信息小镇景区,4A,浙江,湖州市,德清县,浙江省湖州市德清县塔山街901号地理信息小镇景区,景点景区,国家4A旅游景区。所属地：浙江·湖州市·德清县。地址：浙江省湖州市德清县塔山街901号地理信息小镇景区。,30.5231087,119.9748767,wgs84
安吉竹子博览园,4A,浙江,湖州市,安吉县,浙江省湖州市安吉县安吉县城南安吉竹子博览园,景点景区,国家4A旅游景区。所属地：浙江·湖州市·安吉县。地址：浙江省湖州市安吉县安吉县城南安吉竹子博览园。,30.5917433,119.6541199,wgs84
寨寮溪风景区,4A,浙江,温州市,瑞安市,浙江省温州市瑞安市高楼镇湖石村游客集散中心寨寮溪风景区,景点景区,国家4A旅游景区。所属地：浙江·温州市·瑞安市。地址：浙江省温州市瑞安市高楼镇湖石村游客集散中心寨寮溪风景区。,27.8693086,120.3057977,wgs84
南湖旅游区,5A,浙江,嘉兴市,南湖区,浙江省嘉兴市南湖区南溪西路1号南湖旅游区,景点景区,国家5A旅游景区。所属地：浙江·嘉兴市·南湖区。地址：浙江省嘉兴市南湖区南溪西路1号南湖旅游区。,30.7539237,120.7542666,wgs84
浙江省丽水市遂昌县遂昌金矿国家矿山公园景区,4A,浙江,丽水市,遂昌县,浙江省丽水市遂昌县濂竹乡花园岭浙江省丽水市遂昌县遂昌金矿国家矿山公园景区,景点景区,国家4A旅游景区。所属地：浙江·丽水市·遂昌县。地址：浙江省丽水市遂昌县濂竹乡花园岭浙江省丽水市遂昌县遂昌金矿国家矿山公园景区。,28.6257410,119.4258220,wgs84
浙江省杭州市桐庐县天子地生态风景区,4A,浙江,杭州市,桐庐县,浙江省杭州市桐庐县百江镇罗山村388号浙江省杭州市桐庐县天子地生态风景区,景点景区,国家4A旅游景区。所属地：浙江·杭州市·桐庐县。地址：浙江省杭州市桐庐县百江镇罗山村388号浙江省杭州市桐庐县天子地生态风景区。,29.7999876,119.3311488,wgs84
金华双龙风景旅游区,4A,浙江,金华市,婺城区,浙江省金华市婺城区罗店镇山关服务区金华双龙风景旅游区,景点景区,国家4A旅游景区。所属地：浙江·金华市·婺城区。地址：浙江省金华市婺城区罗店镇山关服务区金华双龙风景旅游区。,29.1653487,119.6207763,wgs84
杭州皋亭山景区,4A,浙江,杭州市,余杭区,浙江省杭州市江干区杭州市江干区丁兰街道天鹤路789号C幢杭州皋亭山景区,景点景区,国家4A旅游景区。所属地：浙江·杭州市·余杭区。地址：浙江省杭州市江干区杭州市江干区丁兰街道天鹤路789号C幢杭州皋亭山景区。,30.3684432,120.2139431,wgs84
宁皮市保国寺古建筑博物馆,4A,浙江,宁波市,江北区,浙江省宁波市江北区洪塘街道宁皮市保国寺古建筑博物馆,景点景区,国家4A旅游景区。所属地：浙江·宁波市·江北区。地址：浙江省宁波市江北区洪塘街道宁皮市保国寺古建筑博物馆。,29.9813274,121.5189422,wgs84
嘉兴碧云花园有限公司,4A,浙江,嘉兴市,嘉善县,浙江省嘉兴市嘉善县浙江省嘉善县大云镇嘉兴碧云花园有限公司,景点景区,国家4A旅游景区。所属地：浙江·嘉兴市·嘉善县。地址：浙江省嘉兴市嘉善县浙江省嘉善县大云镇嘉兴碧云花园有限公司。,30.7883744,120.9607677,wgs84
浙江省湖州市吴兴区湖州丝绸小镇景区（西山漾景区）,4A,浙江,湖州市,吴兴区,浙江省湖州市吴兴区八里店镇西山漾浙江省湖州市吴兴区湖州丝绸小镇景区（西山漾景区）,景点景区,国家4A旅游景区。所属地：浙江·湖州市·吴兴区。地址：浙江省湖州市吴兴区八里店镇西山漾浙江省湖州市吴兴区湖州丝绸小镇景区（西山漾景区）。,30.8677056,120.1714056,wgs84
浙江省温州市泰顺县乌岩岭景区,4A,浙江,温州市,泰顺县,浙江省温州市泰顺县司前畲族镇乌岩岭自然保护区双坑口保护站浙江省温州市泰顺县乌岩岭景区,景点景区,国家4A旅游景区。所属地：浙江·温州市·泰顺县。地址：浙江省温州市泰顺县司前畲族镇乌岩岭自然保护区双坑口保护站浙江省温州市泰顺县乌岩岭景区。,27.7143501,119.6576801,wgs84
松阳大木山茶园,4A,浙江,丽水市,松阳县,浙江省丽水市松阳县浙江省丽水市松阳县新兴镇松阳大木山茶园,景点景区,国家4A旅游景区。所属地：浙江·丽水市·松阳县。地址：浙江省丽水市松阳县浙江省丽水市松阳县新兴镇松阳大木山茶园。,28.5342598,119.3684110,wgs84
江郎山景区,4A,浙江,衢州市,江山市,浙江省衢州市江山市江山石门镇江郎山景区,景点景区,国家4A旅游景区。所属地：浙江·衢州市·江山市。地址：浙江省衢州市江山市江山石门镇江郎山景区。,28.5121335,118.5614809,wgs84
海宁中国皮革城,4A,浙江,嘉兴市,海宁市,浙江省嘉兴市海宁市浙江省海宁市海州西路201号海宁中国皮革城,景点景区,国家4A旅游景区。所属地：浙江·嘉兴市·海宁市。地址：浙江省嘉兴市海宁市浙江省海宁市海州西路201号海宁中国皮革城。,30.5070119,120.6631949,wgs84
浙江省丽水市庆元县巾子峰景区,4A,浙江,丽水市,庆元县,浙江省丽水市庆元县松源街道浙江省丽水市庆元县巾子峰景区,景点景区,国家4A旅游景区。所属地：浙江·丽水市·庆元县。地址：浙江省丽水市庆元县松源街道浙江省丽水市庆元县巾子峰景区。,27.6759767,119.0135128,wgs84
三衢石林景区,4A,浙江,衢州市,常山县,浙江省衢州市常山县常山县辉埠镇路里坑村三衢石林景区,景点景区,国家4A旅游景区。所属地：浙江·衢州市·常山县。地址：浙江省衢州市常山县常山县辉埠镇路里坑村三衢石林景区。,29.0056012,118.4894924,wgs84
湖州太湖旅游度假区,4A,浙江,湖州市,吴兴区,浙江省湖州市吴兴区湖州太湖旅游度假区湖州太湖旅游度假区,景点景区,国家4A旅游景区。所属地：浙江·湖州市·吴兴区。地址：浙江省湖州市吴兴区湖州太湖旅游度假区湖州太湖旅游度假区。,30.9629250,120.1023205,wgs84
浙江省丽水市庆元县百山祖景区,4A,浙江,丽水市,庆元县,浙江省丽水市庆元县百山祖镇车根村林学路66号浙江省丽水市庆元县百山祖景区,景点景区,国家4A旅游景区。所属地：浙江·丽水市·庆元县。地址：浙江省丽水市庆元县百山祖镇车根村林学路66号浙江省丽水市庆元县百山祖景区。,27.7684819,119.2077644,wgs84
铜铃山国家森林公园,4A,浙江,温州市,文成县,浙江省温州市文成县浙江省文成县叶胜林场铜铃山国家森林公园,景点景区,国家4A旅游景区。所属地：浙江·温州市·文成县。地址：浙江省温州市文成县浙江省文成县叶胜林场铜铃山国家森林公园。,27.8222758,119.8526274,wgs84
浙江省绍兴市市辖区兰亭景区,4A,浙江,绍兴市,柯桥区,浙江省绍兴市市辖区浙江省绍兴市市辖区兰亭景区,景点景区,国家4A旅游景区。所属地：浙江·绍兴市·柯桥区。地址：浙江省绍兴市市辖区浙江省绍兴市市辖区兰亭景区。,29.9284858,120.4955472,wgs84
绍兴东方山水乐园,4A,浙江,绍兴市,柯桥区,浙江省绍兴市柯桥区鉴水路118号绍兴东方山水乐园,景点景区,国家4A旅游景区。所属地：浙江·绍兴市·柯桥区。地址：浙江省绍兴市柯桥区鉴水路118号绍兴东方山水乐园。,30.0787865,120.4427209,wgs84
浙江省宁波市余姚市浙东”四明山“抗日根据地旧址群景区,4A,浙江,宁波市,余姚市,浙江省宁波市余姚市横坎头村浙江省宁波市余姚市浙东”四明山“抗日根据地旧址群景区,景点景区,国家4A旅游景区。所属地：浙江·宁波市·余姚市。地址：浙江省宁波市余姚市横坎头村浙江省宁波市余姚市浙东”四明山“抗日根据地旧址群景区。,29.8856502,121.0774922,wgs84
浙江省杭州市西湖区兰里景区,4A,浙江,杭州市,西湖区,浙江省杭州市西湖区三墩镇浙江省杭州市西湖区兰里景区,景点景区,国家4A旅游景区。所属地：浙江·杭州市·西湖区。地址：浙江省杭州市西湖区三墩镇浙江省杭州市西湖区兰里景区。,30.3482970,120.0397537,wgs84
磐安百杖潭景区,4A,浙江,金华市,磐安县,浙江省金华市磐安县磐安县仁川镇石下村磐安百杖潭景区,景点景区,国家4A旅游景区。所属地：浙江·金华市·磐安县。地址：浙江省金华市磐安县磐安县仁川镇石下村磐安百杖潭景区。,28.8551370,120.3713317,wgs84
浙江省湖州市安吉县浙北大峡谷景区,4A,浙江,湖州市,安吉县,浙江省湖州市安吉县报福镇石岭村沙坡坎自然村25号浙江省湖州市安吉县浙北大峡谷景区,景点景区,国家4A旅游景区。所属地：浙江·湖州市·安吉县。地址：浙江省湖州市安吉县报福镇石岭村沙坡坎自然村25号浙江省湖州市安吉县浙北大峡谷景区。,30.4504557,119.5040488,wgs84
宁波雅戈尔动物园景区,4A,浙江,宁波市,鄞州区,浙江省宁波市东钱湖旅游度假区宁波雅戈尔动物园景区,景点景区,国家4A旅游景区。所属地：浙江·宁波市·鄞州区。地址：浙江省宁波市东钱湖旅游度假区宁波雅戈尔动物园景区。,29.8115457,121.6698666,wgs84
沈家门渔港小镇景区,4A,浙江,舟山市,普陀区,浙江省舟山市普陀区沈家门街道沈家门渔港小镇景区,景点景区,国家4A旅游景区。所属地：浙江·舟山市·普陀区。地址：浙江省舟山市普陀区沈家门街道沈家门渔港小镇景区。,29.9457268,122.2978589,wgs84
浙江省嘉兴市桐乡市乌镇景区,5A,浙江,嘉兴市,桐乡市,浙江省嘉兴市桐乡市乌镇西大街448-458号浙江省嘉兴市桐乡市乌镇景区,景点景区,国家5A旅游景区。所属地：浙江·嘉兴市·桐乡市。地址：浙江省嘉兴市桐乡市乌镇西大街448-458号浙江省嘉兴市桐乡市乌镇景区。,30.7502734,120.4874341,wgs84
浙江省绍兴市柯桥区大香林景区,4A,浙江,绍兴市,柯桥区,浙江省绍兴市柯桥区湖塘街道岭下村大香林风景区内浙江省绍兴市柯桥区大香林景区,景点景区,国家4A旅游景区。所属地：浙江·绍兴市·柯桥区。地址：浙江省绍兴市柯桥区湖塘街道岭下村大香林风景区内浙江省绍兴市柯桥区大香林景区。,30.0223288,120.4119113,wgs84
浙江省金华市磐安县百杖潭景区,4A,浙江,金华市,磐安县,浙江省金华市磐安县仁川镇石下村百杖潭景区浙江省金华市磐安县百杖潭景区,景点景区,国家4A旅游景区。所属地：浙江·金华市·磐安县。地址：浙江省金华市磐安县仁川镇石下村百杖潭景区浙江省金华市磐安县百杖潭景区。,28.8551370,120.3713317,wgs84
横店华夏文化园,4A,浙江,金华市,东阳市,浙江省金华市东阳市浙江省东阳市横店镇华夏大道566号横店华夏文化园,景点景区,国家4A旅游景区。所属地：浙江·金华市·东阳市。地址：浙江省金华市东阳市浙江省东阳市横店镇华夏大道566号横店华夏文化园。,29.1552992,120.2833667,wgs84
凤凰山海港乐园,4A,浙江,宁波市,北仑区,浙江省宁波市北仑区浙江省宁波市北仑区辽河路728号凤凰山海港乐园,景点景区,国家4A旅游景区。所属地：浙江·宁波市·北仑区。地址：浙江省宁波市北仑区浙江省宁波市北仑区辽河路728号凤凰山海港乐园。,29.8979995,121.8471856,wgs84
浙江省台州市仙居县永安溪休闲绿道景区,4A,浙江,台州市,仙居县,浙江省台州市仙居县南峰街道晨曦路永安公园浙江省台州市仙居县永安溪休闲绿道景区,景点景区,国家4A旅游景区。所属地：浙江·台州市·仙居县。地址：浙江省台州市仙居县南峰街道晨曦路永安公园浙江省台州市仙居县永安溪休闲绿道景区。,28.8524482,120.7499347,wgs84
古镇西塘景区,4A,浙江,嘉兴市,嘉善县,浙江省嘉兴市嘉善县嘉善县西塘镇南苑路258号古镇西塘景区,景点景区,国家4A旅游景区。所属地：浙江·嘉兴市·嘉善县。地址：浙江省嘉兴市嘉善县嘉善县西塘镇南苑路258号古镇西塘景区。,30.9460886,120.8886520,wgs84
浙江省杭州市临安区浙西大峡谷景区,4A,浙江,杭州市,临安区,浙江省杭州市临安区龙岗镇浙西大峡谷游客中心浙江省杭州市临安区浙西大峡谷景区,景点景区,国家4A旅游景区。所属地：浙江·杭州市·临安区。地址：浙江省杭州市临安区龙岗镇浙西大峡谷游客中心浙江省杭州市临安区浙西大峡谷景区。,30.0678787,119.1894515,wgs84
湘湖景区,4A,浙江,杭州市,萧山区,浙江省杭州市萧山区萧山湘湖路132号湘湖景区,景点景区,国家4A旅游景区。所属地：浙江·杭州市·萧山区。地址：浙江省杭州市萧山区萧山湘湖路132号湘湖景区。,30.1466106,120.2234328,wgs84
浙江省丽水市缙云县黄龙景区,4A,浙江,丽水市,缙云县,浙江省丽水市缙云县五云街道黄龙景区浙江省丽水市缙云县黄龙景区,景点景区,国家4A旅游景区。所属地：浙江·丽水市·缙云县。地址：浙江省丽水市缙云县五云街道黄龙景区浙江省丽水市缙云县黄龙景区。,28.7420264,120.2836119,wgs84
溪口滕头旅游景区,5A,浙江,宁波市,奉化区,浙江省宁波市奉化市奉化市南山路138号溪口滕头旅游景区,景点景区,国家5A旅游景区。所属地：浙江·宁波市·奉化区。地址：浙江省宁波市奉化市奉化市南山路138号溪口滕头旅游景区。,29.6639115,121.4072340,wgs84
嵊泗东海五渔村,4A,浙江,舟山市,嵊泗县,舟山市嵊泗县五龙乡边礁村朝阳南路，嵊泗县五龙乡会城村朝阳北路嵊泗东海五渔村,景点景区,国家4A旅游景区。所属地：浙江·舟山市·嵊泗县。地址：舟山市嵊泗县五龙乡边礁村朝阳南路，嵊泗县五龙乡会城村朝阳北路嵊泗东海五渔村。,30.7192762,122.5172682,wgs84
浙江省绍兴市新昌县丝绸世界旅游区,4A,浙江,绍兴市,新昌县,浙江省绍兴市新昌县浙江省绍兴市新昌县丝绸世界旅游区,景点景区,国家4A旅游景区。所属地：浙江·绍兴市·新昌县。地址：浙江省绍兴市新昌县浙江省绍兴市新昌县丝绸世界旅游区。,29.5025589,120.8998493,wgs84
桃源七里景区,4A,浙江,衢州市,柯城区,浙江省衢州市柯城区衢州市柯城区七里乡大头村桃源七里景区,景点景区,国家4A旅游景区。所属地：浙江·衢州市·柯城区。地址：浙江省衢州市柯城区衢州市柯城区七里乡大头村桃源七里景区。,29.1498936,118.7572198,wgs84
歌斐颂巧克力小镇,4A,浙江,嘉兴市,嘉善县,浙江省嘉兴市嘉善县大云镇巧克力大道1号歌斐颂巧克力小镇,景点景区,国家4A旅游景区。所属地：浙江·嘉兴市·嘉善县。地址：浙江省嘉兴市嘉善县大云镇巧克力大道1号歌斐颂巧克力小镇。,30.7923877,120.9852197,wgs84
浙江省湖州市安吉县山水灵峰.田园嘉乐比乐园景区,4A,浙江,湖州市,安吉县,浙江省湖州市安吉县灵峰街道浙江省湖州市安吉县山水灵峰.田园嘉乐比乐园景区,景点景区,国家4A旅游景区。所属地：浙江·湖州市·安吉县。地址：浙江省湖州市安吉县灵峰街道浙江省湖州市安吉县山水灵峰.田园嘉乐比乐园景区。,30.6023207,119.6492147,wgs84
杭州市萧山区少儿公园（杭州极地海洋公园）,4A,浙江,杭州市,萧山区,浙江省杭州市萧山区杭州市萧山区湘湖路777号杭州市萧山区少儿公园（杭州极地海洋公园）,景点景区,国家4A旅游景区。所属地：浙江·杭州市·萧山区。地址：浙江省杭州市萧山区杭州市萧山区湘湖路777号杭州市萧山区少儿公园（杭州极地海洋公园）。,30.1450746,120.2233037,wgs84
浙江省丽水市遂昌县南尖岩景区,4A,浙江,丽水市,遂昌县,浙江省丽水市遂昌县王村口镇石笋头村浙江省丽水市遂昌县南尖岩景区,景点景区,国家4A旅游景区。所属地：浙江·丽水市·遂昌县。地址：浙江省丽水市遂昌县王村口镇石笋头村浙江省丽水市遂昌县南尖岩景区。,28.3419340,119.0779180,wgs84
浙江省绍兴市诸暨市西施故里旅游区,4A,浙江,绍兴市,诸暨市,浙江省绍兴市诸暨市苎萝东路2号浙江省绍兴市诸暨市西施故里旅游区,景点景区,国家4A旅游景区。所属地：浙江·绍兴市·诸暨市。地址：浙江省绍兴市诸暨市苎萝东路2号浙江省绍兴市诸暨市西施故里旅游区。,29.7040243,120.2341825,wgs84
龙游民居苑,4A,浙江,衢州市,龙游县,浙江省衢州市龙游县浙江省龙游县宝塔路龙游民居苑,景点景区,国家4A旅游景区。所属地：浙江·衢州市·龙游县。地址：浙江省衢州市龙游县浙江省龙游县宝塔路龙游民居苑。,29.0249440,119.1793436,wgs84
神龙谷景区,4A,浙江,丽水市,遂昌县,浙江省丽水市遂昌县浙江省丽水市遂昌县垵口乡神龙谷景区神龙谷景区,景点景区,国家4A旅游景区。所属地：浙江·丽水市·遂昌县。地址：浙江省丽水市遂昌县浙江省丽水市遂昌县垵口乡神龙谷景区神龙谷景区。,28.3533808,119.1310087,wgs84
浙江省丽水市松阳县箬寮原始林景区,4A,浙江,丽水市,松阳县,浙江省丽水市松阳县安民乡李坑村浙江省丽水市松阳县箬寮原始林景区,景点景区,国家4A旅游景区。所属地：浙江·丽水市·松阳县。地址：浙江省丽水市松阳县安民乡李坑村浙江省丽水市松阳县箬寮原始林景区。,28.3008607,119.2869601,wgs84
浙江省宁波市象山县象山影视城景区,4A,浙江,宁波市,象山县,浙江省宁波市象山县新桥镇黄公岙村浙江省宁波市象山县象山影视城景区,景点景区,国家4A旅游景区。所属地：浙江·宁波市·象山县。地址：浙江省宁波市象山县新桥镇黄公岙村浙江省宁波市象山县象山影视城景区。,29.2927986,121.8316556,wgs84
天台山风景名胜区,5A,浙江,台州市,天台县,浙江省台州市天台县天台县境内天台山风景名胜区,景点景区,国家5A旅游景区。所属地：浙江·台州市·天台县。地址：浙江省台州市天台县天台县境内天台山风景名胜区。,29.1598224,121.0310952,wgs84
浙江省丽水市云和县梯田景区,4A,浙江,丽水市,云和县,浙江省丽水市云和县崇头镇栈云路2号浙江省丽水市云和县梯田景区,景点景区,国家4A旅游景区。所属地：浙江·丽水市·云和县。地址：浙江省丽水市云和县崇头镇栈云路2号浙江省丽水市云和县梯田景区。,28.0529193,119.4814781,wgs84
嘉兴市梅花洲景区,4A,浙江,嘉兴市,南湖区,浙江省嘉兴市南湖区凤桥镇三星路十号嘉兴市梅花洲景区,景点景区,国家4A旅游景区。所属地：浙江·嘉兴市·南湖区。地址：浙江省嘉兴市南湖区凤桥镇三星路十号嘉兴市梅花洲景区。,30.6707130,120.8473304,wgs84
浙江省温州市文成县铜铃山镇,4A,浙江,温州市,文成县,浙江省温州市文成县铜铃山镇浙江省温州市文成县铜铃山镇,景点景区,国家4A旅游景区。所属地：浙江·温州市·文成县。地址：浙江省温州市文成县铜铃山镇浙江省温州市文成县铜铃山镇。,27.8541787,119.8544037,wgs84
浙江省台州市天台县南屏乡旅游景区,4A,浙江,台州市,天台县,浙江省台州市天台县浙江省台州市天台县南屏乡旅游景区,景点景区,国家4A旅游景区。所属地：浙江·台州市·天台县。地址：浙江省台州市天台县浙江省台州市天台县南屏乡旅游景区。,29.0610478,120.9790138,wgs84
浙江省衢州市柯城区桃源七里景区,4A,浙江,衢州市,柯城区,浙江省衢州市柯城区七里乡浙江省衢州市柯城区桃源七里景区,景点景区,国家4A旅游景区。所属地：浙江·衢州市·柯城区。地址：浙江省衢州市柯城区七里乡浙江省衢州市柯城区桃源七里景区。,29.1498936,118.7572198,wgs84
鲁迅故里.沈园景区（沈园景区）,5A,浙江,绍兴市,越城区,浙江省绍兴市市辖区绍兴市鲁迅中路318号鲁迅故里.沈园景区（沈园景区）,景点景区,国家5A旅游景区。所属地：浙江·绍兴市·越城区。地址：浙江省绍兴市市辖区绍兴市鲁迅中路318号鲁迅故里.沈园景区（沈园景区）。,29.9940885,120.5856848,wgs84
西塘古镇景区,5A,浙江,嘉兴市,嘉善县,浙江省嘉兴市嘉善县西塘镇南苑路258号西塘古镇景区,景点景区,国家5A旅游景区。所属地：浙江·嘉兴市·嘉善县。地址：浙江省嘉兴市嘉善县西塘镇南苑路258号西塘古镇景区。,30.9460886,120.8886520,wgs84
富阳富春桃源风景旅游开发有限公司,4A,浙江,杭州市,富阳区,浙江省杭州市富阳市富阳市胥口镇上练村富阳富春桃源风景旅游开发有限公司,景点景区,国家4A旅游景区。所属地：浙江·杭州市·富阳区。地址：浙江省杭州市富阳市富阳市胥口镇上练村富阳富春桃源风景旅游开发有限公司。,30.0180146,119.8412177,wgs84
绍兴市东湖景区管理处,4A,浙江,绍兴市,越城区,浙江省绍兴市市辖区绍兴市越城区东湖镇绍兴市东湖景区管理处,景点景区,国家4A旅游景区。所属地：浙江·绍兴市·越城区。地址：浙江省绍兴市市辖区绍兴市越城区东湖镇绍兴市东湖景区管理处。,30.0010158,120.6279655,wgs84
杭州乐园有限公司,4A,浙江,杭州市,萧山区,浙江省杭州市萧山区萧山区城厢街道休博园中心区43号杭州乐园有限公司,景点景区,国家4A旅游景区。所属地：浙江·杭州市·萧山区。地址：浙江省杭州市萧山区萧山区城厢街道休博园中心区43号杭州乐园有限公司。,30.1647621,120.2399887,wgs84
浙江省宁波市江北区宁波市保国寺古建筑博物馆（景区）,4A,浙江,宁波市,江北区,浙江省宁波市江北区洪塘街道鞍山村安东49号浙江省宁波市江北区宁波市保国寺古建筑博物馆（景区）,景点景区,国家4A旅游景区。所属地：浙江·宁波市·江北区。地址：浙江省宁波市江北区洪塘街道鞍山村安东49号浙江省宁波市江北区宁波市保国寺古建筑博物馆（景区）。,29.9813274,121.5189422,wgs84
浙江省绍兴市上虞区中华孝德园,4A,浙江,绍兴市,上虞区,浙江省绍兴市上虞区曹娥街道舜耕大道528号浙江省绍兴市上虞区中华孝德园,景点景区,国家4A旅游景区。所属地：浙江·绍兴市·上虞区。地址：浙江省绍兴市上虞区曹娥街道舜耕大道528号浙江省绍兴市上虞区中华孝德园。,29.9972230,120.8660180,wgs84
黄贤森林公园景区,4A,浙江,宁波市,奉化区,浙江省宁波市奉化区裘村街道黄贤村黄贤森林公园景区,景点景区,国家4A旅游景区。所属地：浙江·宁波市·奉化区。地址：浙江省宁波市奉化区裘村街道黄贤村黄贤森林公园景区。,29.5573979,121.5749151,wgs84
云中大漈,4A,浙江,丽水市,景宁畲族自治县,浙江省丽水市景宁畲族自治县景宁畲族自治县大漈乡云中大漈,景点景区,国家4A旅游景区。所属地：浙江·丽水市·景宁畲族自治县。地址：浙江省丽水市景宁畲族自治县景宁畲族自治县大漈乡云中大漈。,27.8147842,119.5917269,wgs84
仙霞关景区,4A,浙江,衢州市,江山市,浙江省衢州市江山市江山市保安乡仙霞关景区,景点景区,国家4A旅游景区。所属地：浙江·衢州市·江山市。地址：浙江省衢州市江山市江山市保安乡仙霞关景区。,28.3676029,118.5102127,wgs84
乌镇景区,5A,浙江,嘉兴市,桐乡市,浙江省嘉兴市桐乡市浙江省乌镇西大街448-458乌镇景区,景点景区,国家5A旅游景区。所属地：浙江·嘉兴市·桐乡市。地址：浙江省嘉兴市桐乡市浙江省乌镇西大街448-458乌镇景区。,30.7502734,120.4874341,wgs84
浙江省绍兴市诸暨市米果果小镇景区,4A,浙江,绍兴市,诸暨市,浙江省绍兴市诸暨市山下湖镇解放村浙江省绍兴市诸暨市米果果小镇景区,景点景区,国家4A旅游景区。所属地：浙江·绍兴市·诸暨市。地址：浙江省绍兴市诸暨市山下湖镇解放村浙江省绍兴市诸暨市米果果小镇景区。,29.8285369,120.3550851,wgs84
临安河桥古镇旅游区,4A,浙江,杭州市,临安区,浙江省杭州市临安市浙江省临安市河桥镇河桥村临安河桥古镇旅游区,景点景区,国家4A旅游景区。所属地：浙江·杭州市·临安区。地址：浙江省杭州市临安市浙江省临安市河桥镇河桥村临安河桥古镇旅游区。,30.0808776,119.2399856,wgs84
洞头景区,4A,浙江,温州市,洞头区,浙江省温州市洞头县洞头县新城区望海路103弄32号洞头景区,景点景区,国家4A旅游景区。所属地：浙江·温州市·洞头区。地址：浙江省温州市洞头县洞头县新城区望海路103弄32号洞头景区。,27.8411054,121.1491026,wgs84
宁波天宫庄园休闲旅游区,4A,浙江,宁波市,鄞州区,浙江省宁波市鄞州区下应街道湾底村宁波天宫庄园休闲旅游区,景点景区,国家4A旅游景区。所属地：浙江·宁波市·鄞州区。地址：浙江省宁波市鄞州区下应街道湾底村宁波天宫庄园休闲旅游区。,29.8082281,121.5726202,wgs84
浙江省台州市玉环市漩门湾观光农业园景区,4A,浙江,台州市,玉环市,浙江省台州市玉环市清港镇迎宾西路末端浙江省台州市玉环市漩门湾观光农业园景区,景点景区,国家4A旅游景区。所属地：浙江·台州市·玉环市。地址：浙江省台州市玉环市清港镇迎宾西路末端浙江省台州市玉环市漩门湾观光农业园景区。,28.2493533,121.2649079,wgs84
浙北大峡谷景区,4A,浙江,湖州市,安吉县,浙江省湖州市安吉县安吉县报福镇石岭村浙北大峡谷景区,景点景区,国家4A旅游景区。所属地：浙江·湖州市·安吉县。地址：浙江省湖州市安吉县安吉县报福镇石岭村浙北大峡谷景区。,30.4504557,119.5040488,wgs84
婺州古城景区,4A,浙江,金华市,婺城区,浙江省金华市婺城区城东街道鼓楼里78号婺州古城景区,景点景区,国家4A旅游景区。所属地：浙江·金华市·婺城区。地址：浙江省金华市婺城区城东街道鼓楼里78号婺州古城景区。,29.1029636,119.6610632,wgs84
五泄风景管理处,4A,浙江,绍兴市,诸暨市,浙江省绍兴市诸暨市浙江省绍兴市诸暨市五泄镇五泄风景管理处,景点景区,国家4A旅游景区。所属地：浙江·绍兴市·诸暨市。地址：浙江省绍兴市诸暨市浙江省绍兴市诸暨市五泄镇五泄风景管理处。,29.7080005,120.0493922,wgs84
杭州新安江旅业七里扬帆景区,4A,浙江,杭州市,建德市,浙江省杭州市建德市杭州市建德市梅城镇杭州新安江旅业七里扬帆景区,景点景区,国家4A旅游景区。所属地：浙江·杭州市·建德市。地址：浙江省杭州市建德市杭州市建德市梅城镇杭州新安江旅业七里扬帆景区。,29.5502494,119.5394389,wgs84
浙江省台州市椒江区台州海洋世界,4A,浙江,台州市,椒江区,浙江省台州市椒江区浙江省台州市椒江区台州海洋世界,景点景区,国家4A旅游景区。所属地：浙江·台州市·椒江区。地址：浙江省台州市椒江区浙江省台州市椒江区台州海洋世界。,28.6636738,121.4099247,wgs84
盛世莲花休闲农业观光园,4A,浙江,衢州市,衢江区,浙江省衢州市衢江区衢州市莲花镇西山下村盛世莲花休闲农业观光园,景点景区,国家4A旅游景区。所属地：浙江·衢州市·衢江区。地址：浙江省衢州市衢江区衢州市莲花镇西山下村盛世莲花休闲农业观光园。,29.0774141,119.0032817,wgs84
中南百草原景区,4A,浙江,湖州市,安吉县,浙江省湖州市安吉县浙江省安吉县递铺镇三官村中南百草原景区,景点景区,国家4A旅游景区。所属地：浙江·湖州市·安吉县。地址：浙江省湖州市安吉县浙江省安吉县递铺镇三官村中南百草原景区。,30.6743428,119.6530443,wgs84
浙江省杭州市江干区皋亭山景区,4A,浙江,杭州市,上城区,浙江省杭州市江干区丁兰街道天鹤路789号浙江省杭州市江干区皋亭山景区,景点景区,国家4A旅游景区。所属地：浙江·杭州市·上城区。地址：浙江省杭州市江干区丁兰街道天鹤路789号浙江省杭州市江干区皋亭山景区。,30.3811928,120.2180899,wgs84
浙江省温州市文成县百丈漈风景区,4A,浙江,温州市,文成县,浙江省温州市文成县体育场路898号浙江省温州市文成县百丈漈风景区,景点景区,国家4A旅游景区。所属地：浙江·温州市·文成县。地址：浙江省温州市文成县体育场路898号浙江省温州市文成县百丈漈风景区。,27.8047256,120.0711314,wgs84
杭州新安江旅业灵栖洞景区,4A,浙江,杭州市,建德市,浙江省杭州市建德市杭州市建德市航头镇杭州新安江旅业灵栖洞景区,景点景区,国家4A旅游景区。所属地：浙江·杭州市·建德市。地址：浙江省杭州市建德市杭州市建德市航头镇杭州新安江旅业灵栖洞景区。,29.3789952,119.1086488,wgs84
浙江省杭州市桐庐县江南古村落景区,4A,浙江,杭州市,桐庐县,浙江省杭州市桐庐县深澳村浙江省杭州市桐庐县江南古村落景区,景点景区,国家4A旅游景区。所属地：浙江·杭州市·桐庐县。地址：浙江省杭州市桐庐县深澳村浙江省杭州市桐庐县江南古村落景区。,29.8533449,119.8315687,wgs84
浙江省绍兴市上虞区覆卮山景区,4A,浙江,绍兴市,上虞区,浙江省绍兴市上虞区岭南乡浙江省绍兴市上虞区覆卮山景区,景点景区,国家4A旅游景区。所属地：浙江·绍兴市·上虞区。地址：浙江省绍兴市上虞区岭南乡浙江省绍兴市上虞区覆卮山景区。,29.7543063,120.9649964,wgs84
仙居氧吧小镇景区,4A,浙江,台州市,仙居县,浙江省台州市仙居县白塔镇迎仙路1号仙居氧吧小镇景区,景点景区,国家4A旅游景区。所属地：浙江·台州市·仙居县。地址：浙江省台州市仙居县白塔镇迎仙路1号仙居氧吧小镇景区。,28.7533817,120.5976388,wgs84
黄公望隐居地景区,4A,浙江,杭州市,富阳区,浙江省杭州市富阳区东洲街道黄公望村黄公望隐居地景区,景点景区,国家4A旅游景区。所属地：浙江·杭州市·富阳区。地址：浙江省杭州市富阳区东洲街道黄公望村黄公望隐居地景区。,30.0906847,120.0076482,wgs84
浙江省丽水市龙泉市宝溪景区,4A,浙江,丽水市,龙泉市,浙江省丽水市龙泉市宝溪乡溪头村10号浙江省丽水市龙泉市宝溪景区,景点景区,国家4A旅游景区。所属地：浙江·丽水市·龙泉市。地址：浙江省丽水市龙泉市宝溪乡溪头村10号浙江省丽水市龙泉市宝溪景区。,28.0078979,118.7580046,wgs84
浙江省金华市东阳市横店影视城,5A,浙江,金华市,东阳市,浙江省金华市东阳市万盛街58号浙江省金华市东阳市横店影视城,景点景区,国家5A旅游景区。所属地：浙江·金华市·东阳市。地址：浙江省金华市东阳市万盛街58号浙江省金华市东阳市横店影视城。,29.1530586,120.3125994,wgs84
长屿硐天,4A,浙江,台州市,温岭市,浙江省台州市温岭市浙江省温岭市新河镇长屿硐天风景区长屿硐天,景点景区,国家4A旅游景区。所属地：浙江·台州市·温岭市。地址：浙江省台州市温岭市浙江省温岭市新河镇长屿硐天风景区长屿硐天。,28.4390845,121.4427043,wgs84
浙江省玉苍山森林公园,4A,浙江,温州市,苍南县,浙江省温州市苍南县浙江省玉苍山森林公园,景点景区,国家4A旅游景区。所属地：浙江·温州市·苍南县。地址：浙江省温州市苍南县浙江省玉苍山森林公园。,27.5304311,120.3132941,wgs84
西溪湿地公园景区,5A,浙江,杭州市,西湖区,浙江省杭州市西湖区西溪湿地公园景区,景点景区,国家5A旅游景区。所属地：浙江·杭州市·西湖区。地址：浙江省杭州市西湖区西溪湿地公园景区。,30.2692408,120.0601192,wgs84
水口茶文化旅游景区,4A,浙江,湖州市,长兴县,浙江省湖州市长兴县浙江省长兴县水口乡水口茶文化旅游景区,景点景区,国家4A旅游景区。所属地：浙江·湖州市·长兴县。地址：浙江省湖州市长兴县浙江省长兴县水口乡水口茶文化旅游景区。,31.0950965,119.8672975,wgs84
根宫佛国文化旅游区,5A,浙江,衢州市,开化县,浙江省衢州市开化县芹阳办事处根博路1号根宫佛国文化旅游区,景点景区,国家5A旅游景区。所属地：浙江·衢州市·开化县。地址：浙江省衢州市开化县芹阳办事处根博路1号根宫佛国文化旅游区。,29.1362952,118.3877594,wgs84
南浔古镇景区,5A,浙江,湖州市,南浔区,浙江省湖州市南浔区湖州市南浔区南浔镇适园路18号南浔古镇景区,景点景区,国家5A旅游景区。所属地：浙江·湖州市·南浔区。地址：浙江省湖州市南浔区湖州市南浔区南浔镇适园路18号南浔古镇景区。,30.8783060,120.4264350,wgs84
浙江省台州市天台山景区,5A,浙江,台州市,天台县,浙江省台州市天台县和合街1号浙江省台州市天台山景区,景点景区,国家5A旅游景区。所属地：浙江·台州市·天台县。地址：浙江省台州市天台县和合街1号浙江省台州市天台山景区。,29.1635534,120.9958526,wgs84
龙坞茶镇景区,4A,浙江,杭州市,西湖区,浙江省杭州市西湖区龙坞茶镇龙坞茶镇景区,景点景区,国家4A旅游景区。所属地：浙江·杭州市·西湖区。地址：浙江省杭州市西湖区龙坞茶镇龙坞茶镇景区。,30.1622925,120.0735316,wgs84
浙江省舟山市普陀区普陀山风景旅游区,5A,浙江,舟山市,普陀区,浙江省舟山市普陀区普陀山镇浙江省舟山市普陀区普陀山风景旅游区,景点景区,国家5A旅游景区。所属地：浙江·舟山市·普陀区。地址：浙江省舟山市普陀区普陀山镇浙江省舟山市普陀区普陀山风景旅游区。,29.8165200,122.2692700,wgs84
方岩风景区,4A,浙江,金华市,永康市,浙江省金华市永康市永康市方岩镇橙麓村141号方岩风景区,景点景区,国家4A旅游景区。所属地：浙江·金华市·永康市。地址：浙江省金华市永康市永康市方岩镇橙麓村141号方岩风景区。,28.9403390,120.1871657,wgs84
浙江省绍兴市大禹陵景区,4A,浙江,绍兴市,越城区,浙江省绍兴市市辖区浙江省绍兴市大禹陵景区,景点景区,国家4A旅游景区。所属地：浙江·绍兴市·越城区。地址：浙江省绍兴市市辖区浙江省绍兴市大禹陵景区。,29.9679543,120.6035732,wgs84
龙游石窟旅游区,4A,浙江,衢州市,龙游县,浙江省衢州市龙游县小南海镇周红畈村龙游石窟旅游区,景点景区,国家4A旅游景区。所属地：浙江·衢州市·龙游县。地址：浙江省衢州市龙游县小南海镇周红畈村龙游石窟旅游区。,29.0611465,119.1840886,wgs84
龙泉山度假区,4A,浙江,丽水市,龙泉市,浙江省丽水市龙泉市龙泉凤阳山龙泉山度假区,景点景区,国家4A旅游景区。所属地：浙江·丽水市·龙泉市。地址：浙江省丽水市龙泉市龙泉凤阳山龙泉山度假区。,27.9367775,119.2045937,wgs84
浙江省嘉兴市南湖区梅花洲景区,4A,浙江,嘉兴市,南湖区,浙江省嘉兴市南湖区凤桥镇三星路10号浙江省嘉兴市南湖区梅花洲景区,景点景区,国家4A旅游景区。所属地：浙江·嘉兴市·南湖区。地址：浙江省嘉兴市南湖区凤桥镇三星路10号浙江省嘉兴市南湖区梅花洲景区。,30.6707130,120.8473304,wgs84
前童古镇,4A,浙江,宁波市,宁海县,浙江省宁波市宁海县浙江省宁海县前童镇前童古镇,景点景区,国家4A旅游景区。所属地：浙江·宁波市·宁海县。地址：浙江省宁波市宁海县浙江省宁海县前童镇前童古镇。,29.2277151,121.3484200,wgs84
玉环漩门湾观光农业开发有限公司,4A,浙江,台州市,玉环市,浙江省台州市玉环县玉环县楚南塘玉环漩门湾观光农业开发有限公司,景点景区,国家4A旅游景区。所属地：浙江·台州市·玉环市。地址：浙江省台州市玉环县玉环县楚南塘玉环漩门湾观光农业开发有限公司。,28.1257456,121.2326685,wgs84
浙江省湖州市长兴县太湖演艺小镇（太湖图影生态湿地文化园）景区,4A,浙江,湖州市,长兴县,浙江省湖州市长兴县太湖图影旅游度假区图影大道与横山路交叉口浙江省湖州市长兴县太湖演艺小镇（太湖图影生态湿地文化园）景区,景点景区,国家4A旅游景区。所属地：浙江·湖州市·长兴县。地址：浙江省湖州市长兴县太湖图影旅游度假区图影大道与横山路交叉口浙江省湖州市长兴县太湖演艺小镇（太湖图影生态湿地文化园）景区。,30.9664412,120.0824068,wgs84
浙江省金华市浦江县神丽峡景区,4A,浙江,金华市,浦江县,浙江省金华市浦江县浦南街道丽水村浙江省金华市浦江县神丽峡景区,景点景区,国家4A旅游景区。所属地：浙江·金华市·浦江县。地址：浙江省金华市浦江县浦南街道丽水村浙江省金华市浦江县神丽峡景区。,29.3932464,119.9613700,wgs84
衢州江南儒城·水亭门景区,4A,浙江,衢州市,柯城区,浙江省衢州市柯城区县西街153号衢州江南儒城·水亭门景区,景点景区,国家4A旅游景区。所属地：浙江·衢州市·柯城区。地址：浙江省衢州市柯城区县西街153号衢州江南儒城·水亭门景区。,28.9652436,118.8622493,wgs84
柯岩风景区,4A,浙江,绍兴市,柯桥区,浙江省绍兴市柯桥区柯岩大道558号柯岩风景区,景点景区,国家4A旅游景区。所属地：浙江·绍兴市·柯桥区。地址：浙江省绍兴市柯桥区柯岩大道558号柯岩风景区。,30.0511349,120.4692857,wgs84
浙江省宁波市海曙区五龙潭景区,4A,浙江,宁波市,海曙区,浙江省宁波市海曙区龙观乡浙江省宁波市海曙区五龙潭景区,景点景区,国家4A旅游景区。所属地：浙江·宁波市·海曙区。地址：浙江省宁波市海曙区龙观乡浙江省宁波市海曙区五龙潭景区。,29.7903618,121.2594769,wgs84
浙江省宁波市宁海县前童古镇旅游区,4A,浙江,宁波市,宁海县,浙江省宁波市宁海县前童镇浙江省宁波市宁海县前童古镇旅游区,景点景区,国家4A旅游景区。所属地：浙江·宁波市·宁海县。地址：浙江省宁波市宁海县前童镇浙江省宁波市宁海县前童古镇旅游区。,29.2310328,121.3438672,wgs84
磐安夹溪十八涡景区,4A,浙江,金华市,磐安县,浙江省金华市磐安县磐安县尖山镇十八涡景区磐安夹溪十八涡景区,景点景区,国家4A旅游景区。所属地：浙江·金华市·磐安县。地址：浙江省金华市磐安县磐安县尖山镇十八涡景区磐安夹溪十八涡景区。,29.2078569,120.7452847,wgs84
浙江省杭州市富阳区景区名称杭州野生动物世界景区,4A,浙江,杭州市,富阳区,浙江省杭州市富阳区杭富路九龙大道1号浙江省杭州市富阳区景区名称杭州野生动物世界景区,景点景区,国家4A旅游景区。所属地：浙江·杭州市·富阳区。地址：浙江省杭州市富阳区杭富路九龙大道1号浙江省杭州市富阳区景区名称杭州野生动物世界景区。,30.1558604,119.9806298,wgs84
杭州西溪国家湿地公园,5A,浙江,杭州市,余杭区,浙江省杭州市西湖区天目山路518号杭州西溪国家湿地公园,景点景区,国家5A旅游景区。所属地：浙江·杭州市·余杭区。地址：浙江省杭州市西湖区天目山路518号杭州西溪国家湿地公园。,30.2692408,120.0601192,wgs84
天一阁·月湖景区,5A,浙江,宁波市,海曙区,浙江省宁波市海曙区月湖街道长春路92号天一阁·月湖景区,景点景区,国家5A旅游景区。所属地：浙江·宁波市·海曙区。地址：浙江省宁波市海曙区月湖街道长春路92号天一阁·月湖景区。,29.8699793,121.5393231,wgs84
杭州新安江旅业大慈岩景区,4A,浙江,杭州市,建德市,浙江省杭州市建德市杭州市建德市大慈岩镇杭州新安江旅业大慈岩景区,景点景区,国家4A旅游景区。所属地：浙江·杭州市·建德市。地址：浙江省杭州市建德市杭州市建德市大慈岩镇杭州新安江旅业大慈岩景区。,29.3150833,119.2862999,wgs84
浙江省丽水市莲都区东西岩景区,4A,浙江,丽水市,莲都区,浙江省丽水市莲都区东西岩景区浙江省丽水市莲都区东西岩景区,景点景区,国家4A旅游景区。所属地：浙江·丽水市·莲都区。地址：浙江省丽水市莲都区东西岩景区浙江省丽水市莲都区东西岩景区。,28.5271183,119.7132504,wgs84
浙江省金华市武义县璟园景区,4A,浙江,金华市,武义县,温泉南路1533号浙江省金华市武义县璟园景区,景点景区,国家4A旅游景区。所属地：浙江·金华市·武义县。地址：温泉南路1533号浙江省金华市武义县璟园景区。,28.8957674,119.8116601,wgs84
中国港口博物馆,4A,浙江,宁波市,北仑区,浙江省宁波市北仑区春晓街道港博路6号中国港口博物馆,景点景区,国家4A旅游景区。所属地：浙江·宁波市·北仑区。地址：浙江省宁波市北仑区春晓街道港博路6号中国港口博物馆。,29.7589949,121.9051575,wgs84
浙江省温州市乐清市中雁荡山旅游区,4A,浙江,温州市,乐清市,浙江省温州市乐清市白石街道玉虹北路浙江省温州市乐清市中雁荡山旅游区,景点景区,国家4A旅游景区。所属地：浙江·温州市·乐清市。地址：浙江省温州市乐清市白石街道玉虹北路浙江省温州市乐清市中雁荡山旅游区。,28.1017512,120.8574277,wgs84
千岛湖乐水小镇.文渊狮城景区,4A,浙江,杭州市,淳安县,浙江省杭州市淳安县千岛湖乐水小镇.文渊狮城景区,景点景区,国家4A旅游景区。所属地：浙江·杭州市·淳安县。地址：浙江省杭州市淳安县千岛湖乐水小镇.文渊狮城景区。,29.4755387,118.6593829,wgs84
富阳市龙门古镇,4A,浙江,杭州市,富阳区,浙江省杭州市富阳市龙门镇富阳市龙门古镇,景点景区,国家4A旅游景区。所属地：浙江·杭州市·富阳区。地址：浙江省杭州市富阳市龙门镇富阳市龙门古镇。,29.9035727,119.9462173,wgs84
江南古村落景区,4A,浙江,杭州市,桐庐县,浙江省杭州市桐庐县杭州市桐庐县江南镇深澳片江南古村落景区,景点景区,国家4A旅游景区。所属地：浙江·杭州市·桐庐县。地址：浙江省杭州市桐庐县杭州市桐庐县江南镇深澳片江南古村落景区。,29.8579599,119.7723793,wgs84
京杭大运河·杭州,4A,浙江,杭州市,拱墅区,浙江省杭州市市辖区杭州市湖墅南路198号京杭大运河·杭州,景点景区,国家4A旅游景区。所属地：浙江·杭州市·拱墅区。地址：浙江省杭州市市辖区杭州市湖墅南路198号京杭大运河·杭州。,30.2835681,120.1494738,wgs84
盐官观潮景区,4A,浙江,嘉兴市,海宁市,浙江省嘉兴市海宁市海宁市盐官镇宣德路1号盐官观潮景区,景点景区,国家4A旅游景区。所属地：浙江·嘉兴市·海宁市。地址：浙江省嘉兴市海宁市海宁市盐官镇宣德路1号盐官观潮景区。,30.4043818,120.5490483,wgs84
药王山景区,4A,浙江,衢州市,衢江区,浙江省衢州市衢江区衢州市衢江区黄坛口乡药王山景区,景点景区,国家4A旅游景区。所属地：浙江·衢州市·衢江区。地址：浙江省衢州市衢江区衢州市衢江区黄坛口乡药王山景区。,28.7633613,118.9765573,wgs84
浙江省宁波市镇海区澥浦镇郑氏十七房景区,4A,浙江,宁波市,镇海区,浙江省宁波市镇海区澥浦镇十七房村开源路777好浙江省宁波市镇海区澥浦镇郑氏十七房景区,景点景区,国家4A旅游景区。所属地：浙江·宁波市·镇海区。地址：浙江省宁波市镇海区澥浦镇十七房村开源路777好浙江省宁波市镇海区澥浦镇郑氏十七房景区。,30.0237569,121.6034906,wgs84
德清下渚湖湿地风景区,4A,浙江,湖州市,德清县,浙江省湖州市德清县德清县三合乡二都集镇德清下渚湖湿地风景区,景点景区,国家4A旅游景区。所属地：浙江·湖州市·德清县。地址：浙江省湖州市德清县德清县三合乡二都集镇德清下渚湖湿地风景区。,30.5151497,120.0234413,wgs84
瑶琳仙境,4A,浙江,杭州市,桐庐县,浙江省杭州市桐庐县桐庐县瑶琳镇瑶琳南路110号瑶琳仙境,景点景区,国家4A旅游景区。所属地：浙江·杭州市·桐庐县。地址：浙江省杭州市桐庐县桐庐县瑶琳镇瑶琳南路110号瑶琳仙境。,29.8883716,119.5332690,wgs84
浙江省杭州市桐庐县严子陵钓台景区,4A,浙江,杭州市,桐庐县,浙江省杭州市桐庐县云源路1号浙江省杭州市桐庐县严子陵钓台景区,景点景区,国家4A旅游景区。所属地：浙江·杭州市·桐庐县。地址：浙江省杭州市桐庐县云源路1号浙江省杭州市桐庐县严子陵钓台景区。,29.6999930,119.6546544,wgs84
箬寮原始林景区,4A,浙江,丽水市,松阳县,浙江省丽水市松阳县浙江省松阳县安民乡李坑村箬寮原始林景区,景点景区,国家4A旅游景区。所属地：浙江·丽水市·松阳县。地址：浙江省丽水市松阳县浙江省松阳县安民乡李坑村箬寮原始林景区。,28.3076668,119.2936370,wgs84
浙江省宁波市北仑区九峰山旅游区,4A,浙江,宁波市,北仑区,浙江省宁波市北仑区浙江省宁波市北仑区九峰山旅游区,景点景区,国家4A旅游景区。所属地：浙江·宁波市·北仑区。地址：浙江省宁波市北仑区浙江省宁波市北仑区九峰山旅游区。,29.8550321,121.8366882,wgs84
浙江省金华市武义县清水湾景区,4A,浙江,金华市,武义县,浙江省金华市武义县温泉度假区温泉南路1689号浙江省金华市武义县清水湾景区,景点景区,国家4A旅游景区。所属地：浙江·金华市·武义县。地址：浙江省金华市武义县温泉度假区温泉南路1689号浙江省金华市武义县清水湾景区。,28.8396675,119.8083473,wgs84
浙江省金华市兰溪市诸葛八卦村景区,4A,浙江,金华市,兰溪市,浙江省金华市兰溪市诸葛镇诸葛村浙江省金华市兰溪市诸葛八卦村景区,景点景区,国家4A旅游景区。所属地：浙江·金华市·兰溪市。地址：浙江省金华市兰溪市诸葛镇诸葛村浙江省金华市兰溪市诸葛八卦村景区。,29.2498638,119.2863733,wgs84
浙江省丽水市景宁畲族自治县云中大漈景区,4A,浙江,丽水市,景宁畲族自治县,浙江省丽水市景宁畲族自治县大漈乡浙江省丽水市景宁畲族自治县云中大漈景区,景点景区,国家4A旅游景区。所属地：浙江·丽水市·景宁畲族自治县。地址：浙江省丽水市景宁畲族自治县大漈乡浙江省丽水市景宁畲族自治县云中大漈景区。,27.8147842,119.5917269,wgs84
绍兴市兰亭景区管理处,4A,浙江,绍兴市,柯桥区,浙江省绍兴市市辖区绍兴县兰亭镇绍兴市兰亭景区管理处,景点景区,国家4A旅游景区。所属地：浙江·绍兴市·柯桥区。地址：浙江省绍兴市市辖区绍兴县兰亭镇绍兴市兰亭景区管理处。,29.9282210,120.4969336,wgs84
溪口—滕头景区,5A,浙江,宁波市,奉化区,浙江省宁波市奉化区萧王庙街道滕头村，溪口镇武岭路10号楼溪口—滕头景区,景点景区,国家5A旅游景区。所属地：浙江·宁波市·奉化区。地址：浙江省宁波市奉化区萧王庙街道滕头村，溪口镇武岭路10号楼溪口—滕头景区。,29.7030730,121.3858965,wgs84
仙山湖国家湿地公园,4A,浙江,湖州市,长兴县,浙江省湖州市长兴县长兴县泗安镇泗安村仙山湖国家湿地公园,景点景区,国家4A旅游景区。所属地：浙江·湖州市·长兴县。地址：浙江省湖州市长兴县长兴县泗安镇泗安村仙山湖国家湿地公园。,30.8936246,119.6137400,wgs84
台州海洋世界,4A,浙江,台州市,椒江区,浙江省台州市市辖区台州市广场中路38号台州海洋世界,景点景区,国家4A旅游景区。所属地：浙江·台州市·椒江区。地址：浙江省台州市市辖区台州市广场中路38号台州海洋世界。,28.6636738,121.4099247,wgs84
杭州临安东天目山旅游有限公司,4A,浙江,杭州市,临安区,浙江省杭州市临安市杭州临安市太湖源镇东天目村、上阳村杭州临安东天目山旅游有限公司,景点景区,国家4A旅游景区。所属地：浙江·杭州市·临安区。地址：浙江省杭州市临安市杭州临安市太湖源镇东天目村、上阳村杭州临安东天目山旅游有限公司。,30.3410427,119.5004462,wgs84
永嘉县楠溪江风景区,4A,浙江,温州市,永嘉县,浙江省温州市永嘉县楠溪江永嘉县楠溪江风景区,景点景区,国家4A旅游景区。所属地：浙江·温州市·永嘉县。地址：浙江省温州市永嘉县楠溪江永嘉县楠溪江风景区。,28.3901011,120.8964995,wgs84
浙江省杭州市萧山区杭州东方文化园景区,4A,浙江,杭州市,萧山区,浙江省杭州市萧山区义桥镇杭州东方文化园浙江省杭州市萧山区杭州东方文化园景区,景点景区,国家4A旅游景区。所属地：浙江·杭州市·萧山区。地址：浙江省杭州市萧山区义桥镇杭州东方文化园浙江省杭州市萧山区杭州东方文化园景区。,30.1044129,120.1949113,wgs84
杭州西溪国家湿地公园•洪园,5A,浙江,杭州市,余杭区,浙江省杭州市余杭区杭州市余杭区五常街道访溪路洪园游客服务中心杭州西溪国家湿地公园•洪园,景点景区,国家5A旅游景区。所属地：浙江·杭州市·余杭区。地址：浙江省杭州市余杭区杭州市余杭区五常街道访溪路洪园游客服务中心杭州西溪国家湿地公园•洪园。,30.2522406,120.0483980,wgs84
浙江省湖州市长兴县水口乡水口茶文化景区,4A,浙江,湖州市,长兴县,浙江省湖州市长兴县水口乡水口茶文化景区浙江省湖州市长兴县水口乡水口茶文化景区,景点景区,国家4A旅游景区。所属地：浙江·湖州市·长兴县。地址：浙江省湖州市长兴县水口乡水口茶文化景区浙江省湖州市长兴县水口乡水口茶文化景区。,31.1266539,119.8083778,wgs84
嘉兴云澜湾温泉景区,4A,浙江,嘉兴市,嘉善县,浙江省嘉兴市嘉善县大云镇嘉兴云澜湾温泉景区,景点景区,国家4A旅游景区。所属地：浙江·嘉兴市·嘉善县。地址：浙江省嘉兴市嘉善县大云镇嘉兴云澜湾温泉景区。,30.8111008,120.9756575,wgs84
南北湖风景区,4A,浙江,嘉兴市,海盐县,浙江省嘉兴市海盐县海盐县澉浦镇南浦路685号南北湖风景区,景点景区,国家4A旅游景区。所属地：浙江·嘉兴市·海盐县。地址：浙江省嘉兴市海盐县海盐县澉浦镇南浦路685号南北湖风景区。,30.3833954,120.8396930,wgs84
宁波雅戈尔动物园,4A,浙江,宁波市,鄞州区,浙江省宁波市东钱湖旅游度假区宁波东钱湖旅游度假区高钱宁波雅戈尔动物园,景点景区,国家4A旅游景区。所属地：浙江·宁波市·鄞州区。地址：浙江省宁波市东钱湖旅游度假区宁波东钱湖旅游度假区高钱宁波雅戈尔动物园。,29.8064065,121.6702253,wgs84
浙江省宁波市余姚市天下玉苑风景区,4A,浙江,宁波市,余姚市,浙江省宁波市余姚市大隐镇山王北路85号浙江省宁波市余姚市天下玉苑风景区,景点景区,国家4A旅游景区。所属地：浙江·宁波市·余姚市。地址：浙江省宁波市余姚市大隐镇山王北路85号浙江省宁波市余姚市天下玉苑风景区。,29.9417337,121.3618086,wgs84
浙江省杭州市临安区天目山景区,4A,浙江,杭州市,临安区,浙江省杭州市临安区天目山镇天目山景区浙江省杭州市临安区天目山景区,景点景区,国家4A旅游景区。所属地：浙江·杭州市·临安区。地址：浙江省杭州市临安区天目山镇天目山景区浙江省杭州市临安区天目山景区。,30.3236399,119.4390078,wgs84
绍兴鲁迅故里·沈园景区,5A,浙江,绍兴市,越城区,浙江省绍兴市市辖区鲁迅中路241号绍兴鲁迅故里·沈园景区,景点景区,国家5A旅游景区。所属地：浙江·绍兴市·越城区。地址：浙江省绍兴市市辖区鲁迅中路241号绍兴鲁迅故里·沈园景区。,29.9940885,120.5856848,wgs84
老外滩景区,4A,浙江,宁波市,江北区,浙江省宁波市江北区中马路老外滩景区,景点景区,国家4A旅游景区。所属地：浙江·宁波市·江北区。地址：浙江省宁波市江北区中马路老外滩景区。,29.8785219,121.5564586,wgs84
浙江省金华市磐安县十八涡景区,4A,浙江,金华市,磐安县,浙江省金华市磐安县尖山镇新宅村十八涡景区浙江省金华市磐安县十八涡景区,景点景区,国家4A旅游景区。所属地：浙江·金华市·磐安县。地址：浙江省金华市磐安县尖山镇新宅村十八涡景区浙江省金华市磐安县十八涡景区。,29.2078569,120.7452847,wgs84
古堰画乡,4A,浙江,丽水市,莲都区,浙江省丽水市莲都区莲都区碧湖镇保定村古堰画乡,景点景区,国家4A旅游景区。所属地：浙江·丽水市·莲都区。地址：浙江省丽水市莲都区莲都区碧湖镇保定村古堰画乡。,28.3021415,119.7344079,wgs84
温州瓯海泽雅景区,4A,浙江,温州市,瓯海区,浙江省温州市瓯海区泽雅镇温州瓯海泽雅景区,景点景区,国家4A旅游景区。所属地：浙江·温州市·瓯海区。地址：浙江省温州市瓯海区泽雅镇温州瓯海泽雅景区。,28.0040077,120.6356398,wgs84
长兴金钉子远古世界景区,4A,浙江,湖州市,长兴县,浙江省湖州市长兴县浙江省湖州市长兴县槐坎葆青山麓长兴金钉子远古世界景区,景点景区,国家4A旅游景区。所属地：浙江·湖州市·长兴县。地址：浙江省湖州市长兴县浙江省湖州市长兴县槐坎葆青山麓长兴金钉子远古世界景区。,31.0883795,119.7051440,wgs84
浙江省台州市黄岩区柔川景区,4A,浙江,台州市,黄岩区,浙江省台州市黄岩区屿头乡沙滩村浙江省台州市黄岩区柔川景区,景点景区,国家4A旅游景区。所属地：浙江·台州市·黄岩区。地址：浙江省台州市黄岩区屿头乡沙滩村浙江省台州市黄岩区柔川景区。,28.6439189,121.0043222,wgs84
石浦渔港古城景区,4A,浙江,宁波市,象山县,浙江省宁波市象山县石浦镇渔港中路58号石浦渔港古城景区,景点景区,国家4A旅游景区。所属地：浙江·宁波市·象山县。地址：浙江省宁波市象山县石浦镇渔港中路58号石浦渔港古城景区。,29.2143094,121.9404983,wgs84
龙麒源景区,4A,浙江,温州市,文成县,浙江省温州市文成县西坑镇梧溪村龙麒源景区,景点景区,国家4A旅游景区。所属地：浙江·温州市·文成县。地址：浙江省温州市文成县西坑镇梧溪村龙麒源景区。,27.8805703,119.9141928,wgs84
天脊龙门景区,4A,浙江,衢州市,衢江区,浙江省衢州市衢江区衢州市衢江区黄坛口乡天脊龙门景区,景点景区,国家4A旅游景区。所属地：浙江·衢州市·衢江区。地址：浙江省衢州市衢江区衢州市衢江区黄坛口乡天脊龙门景区。,28.7421096,118.9508262,wgs84
浙江省丽水市景宁畲族自治县畲乡之窗景区,4A,浙江,丽水市,景宁畲族自治县,浙江省丽水市景宁畲族自治县大均乡浙江省丽水市景宁畲族自治县畲乡之窗景区,景点景区,国家4A旅游景区。所属地：浙江·丽水市·景宁畲族自治县。地址：浙江省丽水市景宁畲族自治县大均乡浙江省丽水市景宁畲族自治县畲乡之窗景区。,27.9538333,119.5603352,wgs84
浙江省湖州市长兴县新四军苏浙军区旧址群景区,4A,浙江,湖州市,长兴县,浙江省湖州市长兴县煤山镇新槐村温塘自然村浙江省湖州市长兴县新四军苏浙军区旧址群景区,景点景区,国家4A旅游景区。所属地：浙江·湖州市·长兴县。地址：浙江省湖州市长兴县煤山镇新槐村温塘自然村浙江省湖州市长兴县新四军苏浙军区旧址群景区。,31.0744167,119.6779850,wgs84
百山祖景区,4A,浙江,丽水市,庆元县,浙江省丽水市庆元县浙江省丽水市庆元县百山祖乡车根村林学路66号百山祖景区,景点景区,国家4A旅游景区。所属地：浙江·丽水市·庆元县。地址：浙江省丽水市庆元县浙江省丽水市庆元县百山祖乡车根村林学路66号百山祖景区。,27.7684819,119.2077644,wgs84
洞头半屏山-仙叠岩（同心小镇）,4A,浙江,温州市,洞头区,浙江省温州市洞头区北岙街道望海路103弄32号洞头半屏山-仙叠岩（同心小镇）,景点景区,国家4A旅游景区。所属地：浙江·温州市·洞头区。地址：浙江省温州市洞头区北岙街道望海路103弄32号洞头半屏山-仙叠岩（同心小镇）。,27.8411054,121.1491026,wgs84
石浦中国渔村景区,4A,浙江,宁波市,象山县,浙江省宁波市象山县石浦镇皇城沙滩石浦中国渔村景区,景点景区,国家4A旅游景区。所属地：浙江·宁波市·象山县。地址：浙江省宁波市象山县石浦镇皇城沙滩石浦中国渔村景区。,29.2399394,121.9556379,wgs84
三衢石林风景区,4A,浙江,衢州市,常山县,浙江省衢州市常山县辉埠镇路里坑村三衢石林风景区,景点景区,国家4A旅游景区。所属地：浙江·衢州市·常山县。地址：浙江省衢州市常山县辉埠镇路里坑村三衢石林风景区。,29.0056012,118.4894924,wgs84
杭州梦想小镇景区,4A,浙江,杭州市,余杭区,浙江省杭州市余杭区良睦路1399号杭州梦想小镇景区,景点景区,国家4A旅游景区。所属地：浙江·杭州市·余杭区。地址：浙江省杭州市余杭区良睦路1399号杭州梦想小镇景区。,30.2924595,119.9854156,wgs84
仙华山景区,4A,浙江,金华市,浦江县,浙江省金华市浦江县仙华街道仙华山村仙华山景区,景点景区,国家4A旅游景区。所属地：浙江·金华市·浦江县。地址：浙江省金华市浦江县仙华街道仙华山村仙华山景区。,29.5113618,119.9126626,wgs84
浙江省嘉兴市海盐县南北湖风景区,4A,浙江,嘉兴市,海盐县,浙江省嘉兴市海盐县南北湖风景区浙江省嘉兴市海盐县南北湖风景区,景点景区,国家4A旅游景区。所属地：浙江·嘉兴市·海盐县。地址：浙江省嘉兴市海盐县南北湖风景区浙江省嘉兴市海盐县南北湖风景区。,30.3833954,120.8396930,wgs84
湖州菰城景区经营管理有限公司,4A,浙江,湖州市,吴兴区,浙江省湖州市市辖区湖州龙王山路仁皇山风景区（南大门）湖州菰城景区经营管理有限公司,景点景区,国家4A旅游景区。所属地：浙江·湖州市·吴兴区。地址：浙江省湖州市市辖区湖州龙王山路仁皇山风景区（南大门）湖州菰城景区经营管理有限公司。,30.8879725,120.0650863,wgs84
九峰山景区,4A,浙江,宁波市,北仑区,浙江省宁波市北仑区宁波北仑大契街道城联村九峰山景区,景点景区,国家4A旅游景区。所属地：浙江·宁波市·北仑区。地址：浙江省宁波市北仑区宁波北仑大契街道城联村九峰山景区。,29.8429872,121.8582861,wgs84
长兴县新四军苏浙军区旧址群景区,4A,浙江,湖州市,长兴县,浙江省湖州市长兴县槐坎乡温塘村长兴县新四军苏浙军区旧址群景区,景点景区,国家4A旅游景区。所属地：浙江·湖州市·长兴县。地址：浙江省湖州市长兴县槐坎乡温塘村长兴县新四军苏浙军区旧址群景区。,31.0744167,119.6779850,wgs84
浙江省湖州市吴兴区移沿山生态景区,4A,浙江,湖州市,吴兴区,浙江省湖州市吴兴区八里店镇移沿山村锡洪漾浙江省湖州市吴兴区移沿山生态景区,景点景区,国家4A旅游景区。所属地：浙江·湖州市·吴兴区。地址：浙江省湖州市吴兴区八里店镇移沿山村锡洪漾浙江省湖州市吴兴区移沿山生态景区。,30.8206411,120.2070592,wgs84
肥西三河古镇,5A,安徽,合肥市,肥西县,安徽合肥市肥西三河古镇,景点景区,国家5A旅游景区。所属地：安徽·合肥市·肥西县。地址：安徽合肥市肥西三河古镇。,31.5150149,117.2479103,wgs84
合肥野生动物园,4A,安徽,合肥市,蜀山区,安徽合肥市合肥野生动物园,景点景区,国家4A旅游景区。所属地：安徽·合肥市·蜀山区。地址：安徽合肥市合肥野生动物园。,31.8373557,117.1639353,wgs84
合肥植物园,4A,安徽,合肥市,蜀山区,安徽合肥市合肥植物园,景点景区,国家4A旅游景区。所属地：安徽·合肥市·蜀山区。地址：安徽合肥市合肥植物园。,31.8771653,117.1960503,wgs84
渡江战役总前委旧址,4A,安徽,合肥市,肥东县,安徽合肥市渡江战役总前委旧址,景点景区,国家4A旅游景区。所属地：安徽·合肥市·肥东县。地址：安徽合肥市渡江战役总前委旧址。,31.8444224,117.4509354,wgs84
大圩生态农业旅游景区,4A,安徽,合肥市,包河区,安徽合肥市大圩生态农业旅游景区,景点景区,国家4A旅游景区。所属地：安徽·合肥市·包河区。地址：安徽合肥市大圩生态农业旅游景区。,31.7898236,117.3831443,wgs84
中国（合肥）非物质文化遗产园,4A,安徽,合肥市,长丰县,安徽合肥市中国（合肥）非物质文化遗产园,景点景区,国家4A旅游景区。所属地：安徽·合肥市·长丰县。地址：安徽合肥市中国（合肥）非物质文化遗产园。,32.0051288,117.1101780,wgs84
肥西县吉祥农业山庄景区（肥西老母鸡家园）,4A,安徽,合肥市,肥西县,安徽合肥市肥西县吉祥农业山庄景区,景点景区,国家4A旅游景区。所属地：安徽·合肥市·肥西县。地址：安徽合肥市肥西县吉祥农业山庄景区。,31.7152318,117.1751711,wgs84
合肥紫蓬山国家森林公园,4A,安徽,合肥市,肥西县,安徽合肥市合肥紫蓬山国家森林公园,景点景区,国家4A旅游景区。所属地：安徽·合肥市·肥西县。地址：安徽合肥市合肥紫蓬山国家森林公园。,31.7447240,117.0176110,wgs84
合肥三国遗址公园,4A,安徽,合肥市,庐阳区,安徽合肥市合肥三国遗址公园,景点景区,国家4A旅游景区。所属地：安徽·合肥市·庐阳区。地址：安徽合肥市合肥三国遗址公园。,31.9131622,117.1258484,wgs84
安徽岱山湖旅游度假区,4A,安徽,合肥市,肥东县,安徽合肥市安徽岱山湖旅游度假区,景点景区,国家4A旅游景区。所属地：安徽·合肥市·肥东县。地址：安徽合肥市安徽岱山湖旅游度假区。,32.1472091,117.8770265,wgs84
元一双凤湖国际旅游度假区,4A,安徽,合肥市,长丰县,安徽合肥市元一双凤湖国际旅游度假区,景点景区,国家4A旅游景区。所属地：安徽·合肥市·长丰县。地址：安徽合肥市元一双凤湖国际旅游度假区。,32.0373368,117.2946079,wgs84
安徽博物院,4A,安徽,合肥市,庐阳区,安徽合肥市安徽博物院,景点景区,国家4A旅游景区。所属地：安徽·合肥市·庐阳区。地址：安徽合肥市安徽博物院。,31.8656856,117.2697884,wgs84
合肥包公园,4A,安徽,合肥市,包河区,安徽合肥市合肥包公园,景点景区,国家4A旅游景区。所属地：安徽·合肥市·包河区。地址：安徽合肥市合肥包公园。,31.8593004,117.2893094,wgs84
安徽徽园景区,4A,安徽,合肥市,蜀山区,安徽合肥市安徽徽园景区,景点景区,国家4A旅游景区。所属地：安徽·合肥市·蜀山区。地址：安徽合肥市安徽徽园景区。,31.7844340,117.2136354,wgs84
合肥滨湖国家森林公园,4A,安徽,合肥市,包河区,安徽合肥市合肥滨湖国家森林公园,景点景区,国家4A旅游景区。所属地：安徽·合肥市·包河区。地址：安徽合肥市合肥滨湖国家森林公园。,31.7491499,117.2822507,wgs84
巢湖姥山岛景区,4A,安徽,合肥市,巢湖市,安徽合肥市巢湖姥山岛景区,景点景区,国家4A旅游景区。所属地：安徽·合肥市·巢湖市。地址：安徽合肥市巢湖姥山岛景区。,31.5659438,117.4392553,wgs84
冶父山森林公园,4A,安徽,合肥市,庐江县,安徽合肥市冶父山森林公园,景点景区,国家4A旅游景区。所属地：安徽·合肥市·庐江县。地址：安徽合肥市冶父山森林公园。,31.3001551,117.3343887,wgs84
中国半汤郁金香高地景区,4A,安徽,合肥市,巢湖市,安徽合肥市中国半汤郁金香高地景区,景点景区,国家4A旅游景区。所属地：安徽·合肥市·巢湖市。地址：安徽合肥市中国半汤郁金香高地景区。,31.6975521,117.9088444,wgs84
合肥李鸿章故居陈列馆,4A,安徽,合肥市,庐阳区,安徽合肥市合肥李鸿章故居陈列馆,景点景区,国家4A旅游景区。所属地：安徽·合肥市·庐阳区。地址：安徽合肥市合肥李鸿章故居陈列馆。,31.8662697,117.2856068,wgs84
紫微洞景区,4A,安徽,合肥市,巢湖市,安徽合肥市紫微洞景区,景点景区,国家4A旅游景区。所属地：安徽·合肥市·巢湖市。地址：安徽合肥市紫微洞景区。,31.6482182,117.8631267,wgs84
庐阳区三十岗乡生态农业旅游区,4A,安徽,合肥市,庐阳区,安徽合肥市庐阳区三十岗乡生态农业旅游区,景点景区,国家4A旅游景区。所属地：安徽·合肥市·庐阳区。地址：安徽合肥市庐阳区三十岗乡生态农业旅游区。,31.9300632,117.1260510,wgs84
金孔雀温泉度假村,4A,安徽,合肥市,庐江县,安徽合肥市金孔雀温泉度假村,景点景区,国家4A旅游景区。所属地：安徽·合肥市·庐江县。地址：安徽合肥市金孔雀温泉度假村。,31.3231310,117.0979188,wgs84
官亭林海景区,4A,安徽,合肥市,蜀山区,安徽合肥市官亭林海景区,景点景区,国家4A旅游景区。所属地：安徽·合肥市·蜀山区。地址：安徽合肥市官亭林海景区。,31.8584447,117.2506045,wgs84
长临古街景区,4A,安徽,合肥市,肥东县,安徽合肥市长临古街景区,景点景区,国家4A旅游景区。所属地：安徽·合肥市·肥东县。地址：安徽合肥市长临古街景区。,31.7162063,117.4645315,wgs84
铭传故里景区,4A,安徽,合肥市,肥西县,安徽合肥市铭传故里景区,景点景区,国家4A旅游景区。所属地：安徽·合肥市·肥西县。地址：安徽合肥市铭传故里景区。,31.7201910,116.8770036,wgs84
相山景区,4A,安徽,淮北市,杜集区,安徽淮北市相山景区,景点景区,国家4A旅游景区。所属地：安徽·淮北市·杜集区。地址：安徽淮北市相山景区。,33.9949178,116.7970747,wgs84
四季榴园景区,4A,安徽,淮北市,烈山区,安徽淮北市四季榴园景区,景点景区,国家4A旅游景区。所属地：安徽·淮北市·烈山区。地址：安徽淮北市四季榴园景区。,33.9254832,116.9402040,wgs84
南湖景区,4A,安徽,淮北市,烈山区,安徽淮北市南湖景区,景点景区,国家4A旅游景区。所属地：安徽·淮北市·烈山区。地址：安徽淮北市南湖景区。,33.9020222,116.8057674,wgs84
安徽古井酒文化博览园,4A,安徽,亳州市,谯城区,安徽亳州市安徽古井酒文化博览园,景点景区,国家4A旅游景区。所属地：安徽·亳州市·谯城区。地址：安徽亳州市安徽古井酒文化博览园。,33.9925833,115.6596445,wgs84
亳州市花戏楼景区,4A,安徽,亳州市,谯城区,安徽亳州市亳州市花戏楼景区,景点景区,国家4A旅游景区。所属地：安徽·亳州市·谯城区。地址：安徽亳州市亳州市花戏楼景区。,33.8862151,115.7675098,wgs84
亳州博物馆景区,4A,安徽,亳州市,谯城区,安徽亳州市亳州博物馆景区,景点景区,国家4A旅游景区。所属地：安徽·亳州市·谯城区。地址：安徽亳州市亳州博物馆景区。,33.8496715,115.7786180,wgs84
涡阳天静宫景区,4A,安徽,亳州市,涡阳县,安徽亳州市涡阳天静宫景区,景点景区,国家4A旅游景区。所属地：安徽·亳州市·涡阳县。地址：安徽亳州市涡阳天静宫景区。,33.5236289,116.2116602,wgs84
亳州市曹操地下运兵道景区,4A,安徽,亳州市,谯城区,安徽亳州市亳州市曹操地下运兵道景区,景点景区,国家4A旅游景区。所属地：安徽·亳州市·谯城区。地址：安徽亳州市亳州市曹操地下运兵道景区。,33.8734858,115.7716072,wgs84
亳州市南京巷钱庄景区,4A,安徽,亳州市,谯城区,安徽亳州市亳州市南京巷钱庄景区,景点景区,国家4A旅游景区。所属地：安徽·亳州市·谯城区。地址：安徽亳州市亳州市南京巷钱庄景区。,33.8732005,115.7710135,wgs84
蒙城博物馆,4A,安徽,亳州市,蒙城县,安徽亳州市蒙城博物馆,景点景区,国家4A旅游景区。所属地：安徽·亳州市·蒙城县。地址：安徽亳州市蒙城博物馆。,33.2368376,116.5642876,wgs84
萧县皇藏峪国家森林公园,4A,安徽,宿州市,萧县,安徽宿州市萧县皇藏峪国家森林公园,景点景区,国家4A旅游景区。所属地：安徽·宿州市·萧县。地址：安徽宿州市萧县皇藏峪国家森林公园。,34.0252990,117.0471561,wgs84
灵璧奇石文化园,4A,安徽,宿州市,灵璧县,安徽宿州市灵璧奇石文化园,景点景区,国家4A旅游景区。所属地：安徽·宿州市·灵璧县。地址：安徽宿州市灵璧奇石文化园。,33.9366609,117.5882818,wgs84
灵璧现代农业博览园,4A,安徽,宿州市,灵璧县,安徽宿州市灵璧现代农业博览园,景点景区,国家4A旅游景区。所属地：安徽·宿州市·灵璧县。地址：安徽宿州市灵璧现代农业博览园。,33.5864006,117.5381754,wgs84
宿州市博物馆,4A,安徽,宿州市,埇桥区,安徽宿州市宿州市博物馆,景点景区,国家4A旅游景区。所属地：安徽·宿州市·埇桥区。地址：安徽宿州市宿州市博物馆。,33.6455949,116.9585033,wgs84
宿州新汴河景区,4A,安徽,宿州市,埇桥区,安徽宿州市宿州新汴河景区,景点景区,国家4A旅游景区。所属地：安徽·宿州市·埇桥区。地址：安徽宿州市宿州新汴河景区。,33.6686752,116.9787194,wgs84
蚌埠市张公山景区,4A,安徽,蚌埠市,禹会区,安徽蚌埠市蚌埠市张公山景区,景点景区,国家4A旅游景区。所属地：安徽·蚌埠市·禹会区。地址：安徽蚌埠市蚌埠市张公山景区。,32.9244774,117.3261729,wgs84
蚌埠市禾泉农庄景区,4A,安徽,蚌埠市,禹会区,安徽蚌埠市蚌埠市禾泉农庄景区,景点景区,国家4A旅游景区。所属地：安徽·蚌埠市·禹会区。地址：安徽蚌埠市蚌埠市禾泉农庄景区。,32.9254349,117.2322798,wgs84
蚌埠市花鼓灯嘉年华,4A,安徽,蚌埠市,蚌山区,安徽蚌埠市蚌埠市花鼓灯嘉年华,景点景区,国家4A旅游景区。所属地：安徽·蚌埠市·蚌山区。地址：安徽蚌埠市蚌埠市花鼓灯嘉年华。,32.9032240,117.3385034,wgs84
蚌埠市龙子湖景区,4A,安徽,蚌埠市,龙子湖区,安徽蚌埠市蚌埠市龙子湖景区,景点景区,国家4A旅游景区。所属地：安徽·蚌埠市·龙子湖区。地址：安徽蚌埠市蚌埠市龙子湖景区。,32.9058839,117.4022034,wgs84
蚌埠市博物馆,4A,安徽,蚌埠市,蚌山区,安徽蚌埠市蚌埠市博物馆,景点景区,国家4A旅游景区。所属地：安徽·蚌埠市·蚌山区。地址：安徽蚌埠市蚌埠市博物馆。,32.9418340,117.3600684,wgs84
八里河旅游区,5A,安徽,阜阳市,颍上县,安徽阜阳市八里河旅游区,景点景区,国家5A旅游景区。所属地：安徽·阜阳市·颍上县。地址：安徽阜阳市八里河旅游区。,32.5604346,116.3014970,wgs84
迪沟旅游区,4A,安徽,阜阳市,颍上县,安徽阜阳市迪沟旅游区,景点景区,国家4A旅游景区。所属地：安徽·阜阳市·颍上县。地址：安徽阜阳市迪沟旅游区。,32.8111464,116.3702049,wgs84
尤家花园·五里湖湿地旅游区,4A,安徽,阜阳市,颍上县,安徽阜阳市尤家花园·五里湖湿地旅游区,景点景区,国家4A旅游景区。所属地：安徽·阜阳市·颍上县。地址：安徽阜阳市尤家花园·五里湖湿地旅游区。,32.6395698,116.2184810,wgs84
阜阳生态乐园,4A,安徽,阜阳市,颍泉区,安徽阜阳市阜阳生态乐园,景点景区,国家4A旅游景区。所属地：安徽·阜阳市·颍泉区。地址：安徽阜阳市阜阳生态乐园。,32.9341825,115.7809859,wgs84
八公山旅游景区,4A,安徽,淮南市,八公山区,安徽淮南市八公山旅游景区,景点景区,国家4A旅游景区。所属地：安徽·淮南市·八公山区。地址：安徽淮南市八公山旅游景区。,32.6299195,116.7957187,wgs84
寿县古城景区,4A,安徽,淮南市,寿县,安徽淮南市寿县古城景区,景点景区,国家4A旅游景区。所属地：安徽·淮南市·寿县。地址：安徽淮南市寿县古城景区。,32.3325957,116.8284381,wgs84
寿春楚文化博物馆,4A,安徽,淮南市,寿县,安徽淮南市寿春楚文化博物馆,景点景区,国家4A旅游景区。所属地：安徽·淮南市·寿县。地址：安徽淮南市寿春楚文化博物馆。,32.5779765,116.7750742,wgs84
上窑旅游景区,4A,安徽,淮南市,大通区,安徽淮南市上窑旅游景区,景点景区,国家4A旅游景区。所属地：安徽·淮南市·大通区。地址：安徽淮南市上窑旅游景区。,32.7182954,117.1410217,wgs84
焦岗湖旅游景区,4A,安徽,淮南市,谢家集区,安徽淮南市焦岗湖旅游景区,景点景区,国家4A旅游景区。所属地：安徽·淮南市·谢家集区。地址：安徽淮南市焦岗湖旅游景区。,32.6298725,116.8368034,wgs84
龙湖景区,4A,安徽,淮南市,田家庵区,安徽淮南市龙湖景区,景点景区,国家4A旅游景区。所属地：安徽·淮南市·田家庵区。地址：安徽淮南市龙湖景区。,32.6452609,117.0120241,wgs84
焦岗湖影视城,4A,安徽,淮南市,凤台县,安徽淮南市焦岗湖影视城,景点景区,国家4A旅游景区。所属地：安徽·淮南市·凤台县。地址：安徽淮南市焦岗湖影视城。,32.6230871,116.6238259,wgs84
天宝双遗文化园,4A,安徽,淮南市,八公山区,安徽淮南市天宝双遗文化园,景点景区,国家4A旅游景区。所属地：安徽·淮南市·八公山区。地址：安徽淮南市天宝双遗文化园。,32.6346289,116.8251708,wgs84
安徽省琅琊山国家森林公园,4A,安徽,滁州市,琅琊区,安徽滁州市安徽省琅琊山国家森林公园,景点景区,国家4A旅游景区。所属地：安徽·滁州市·琅琊区。地址：安徽滁州市安徽省琅琊山国家森林公园。,32.2904707,118.2898098,wgs84
凤阳县狼巷迷谷景区,4A,安徽,滁州市,凤阳县,安徽滁州市凤阳县狼巷迷谷景区,景点景区,国家4A旅游景区。所属地：安徽·滁州市·凤阳县。地址：安徽滁州市凤阳县狼巷迷谷景区。,32.6542275,117.5894693,wgs84
凤阳县小岗村乡村旅游区,4A,安徽,滁州市,凤阳县,安徽滁州市凤阳县小岗村乡村旅游区,景点景区,国家4A旅游景区。所属地：安徽·滁州市·凤阳县。地址：安徽滁州市凤阳县小岗村乡村旅游区。,32.8396751,117.7695041,wgs84
滁州白鹭岛国际生态旅游度假区,4A,安徽,滁州市,琅琊区,安徽滁州市滁州白鹭岛国际生态旅游度假区,景点景区,国家4A旅游景区。所属地：安徽·滁州市·琅琊区。地址：安徽滁州市滁州白鹭岛国际生态旅游度假区。,32.2844306,118.2808058,wgs84
来安县景华生态文化园,4A,安徽,滁州市,来安县,安徽滁州市来安县景华生态文化园,景点景区,国家4A旅游景区。所属地：安徽·滁州市·来安县。地址：安徽滁州市来安县景华生态文化园。,32.4540712,118.4302592,wgs84
天堂寨景区,5A,安徽,六安市,金寨县,安徽六安市天堂寨景区,景点景区,国家5A旅游景区。所属地：安徽·六安市·金寨县。地址：安徽六安市天堂寨景区。,31.2032616,115.7997056,wgs84
万佛湖景区,5A,安徽,六安市,舒城县,安徽六安市万佛湖景区,景点景区,国家5A旅游景区。所属地：安徽·六安市·舒城县。地址：安徽六安市万佛湖景区。,31.3064610,116.7729427,wgs84
红军广场景区,4A,安徽,六安市,金寨县,安徽六安市红军广场景区,景点景区,国家4A旅游景区。所属地：安徽·六安市·金寨县。地址：安徽六安市红军广场景区。,31.6861190,115.8719588,wgs84
大别山主峰景区,4A,安徽,六安市,霍山县,安徽六安市大别山主峰景区,景点景区,国家4A旅游景区。所属地：安徽·六安市·霍山县。地址：安徽六安市大别山主峰景区。,31.1217659,116.1679335,wgs84
佛子岭景区,4A,安徽,六安市,霍山县,安徽六安市佛子岭景区,景点景区,国家4A旅游景区。所属地：安徽·六安市·霍山县。地址：安徽六安市佛子岭景区。,31.3456259,116.2716293,wgs84
独山革命旧址群,4A,安徽,六安市,裕安区,安徽六安市独山革命旧址群,景点景区,国家4A旅游景区。所属地：安徽·六安市·裕安区。地址：安徽六安市独山革命旧址群。,31.6151571,116.2138346,wgs84
燕子河大峡谷景区,4A,安徽,六安市,金寨县,安徽六安市燕子河大峡谷景区,景点景区,国家4A旅游景区。所属地：安徽·六安市·金寨县。地址：安徽六安市燕子河大峡谷景区。,31.2468658,115.8916583,wgs84
南岳山景区,4A,安徽,六安市,霍山县,安徽六安市南岳山景区,景点景区,国家4A旅游景区。所属地：安徽·六安市·霍山县。地址：安徽六安市南岳山景区。,31.3820964,116.3074384,wgs84
横排头景区,4A,安徽,六安市,裕安区,安徽六安市横排头景区,景点景区,国家4A旅游景区。所属地：安徽·六安市·裕安区。地址：安徽六安市横排头景区。,31.5854730,116.3237425,wgs84
临淮岗景区,4A,安徽,六安市,霍邱县,安徽六安市临淮岗景区,景点景区,国家4A旅游景区。所属地：安徽·六安市·霍邱县。地址：安徽六安市临淮岗景区。,32.4552918,116.3127030,wgs84
大别山石窟景区,4A,安徽,六安市,金安区,安徽六安市大别山石窟景区,景点景区,国家4A旅游景区。所属地：安徽·六安市·金安区。地址：安徽六安市大别山石窟景区。,31.4827818,116.5584846,wgs84
东石笋景区,4A,安徽,六安市,金安区,安徽六安市东石笋景区,景点景区,国家4A旅游景区。所属地：安徽·六安市·金安区。地址：安徽六安市东石笋景区。,31.2977719,116.5437335,wgs84
悠然南山度假区,4A,安徽,六安市,金安区,安徽六安市悠然南山度假区,景点景区,国家4A旅游景区。所属地：安徽·六安市·金安区。地址：安徽六安市悠然南山度假区。,31.6647411,116.5499475,wgs84
梅山水库景区,4A,安徽,六安市,金寨县,安徽六安市梅山水库景区,景点景区,国家4A旅游景区。所属地：安徽·六安市·金寨县。地址：安徽六安市梅山水库景区。,31.6641226,115.8846283,wgs84
万佛山景区,4A,安徽,六安市,,安徽六安市万佛山景区,景点景区,国家4A旅游景区。所属地：安徽·六安市。地址：安徽六安市万佛山景区。,31.7357561,116.5167624,wgs84
龙井沟景区,4A,安徽,六安市,裕安区,安徽六安市龙井沟景区,景点景区,国家4A旅游景区。所属地：安徽·六安市·裕安区。地址：安徽六安市龙井沟景区。,31.6003112,116.1143036,wgs84
皖西大裂谷景区,4A,安徽,六安市,金安区,安徽六安市皖西大裂谷景区,景点景区,国家4A旅游景区。所属地：安徽·六安市·金安区。地址：安徽六安市皖西大裂谷景区。,31.4895203,116.5760396,wgs84
铜锣寨景区,4A,安徽,六安市,霍山县,安徽六安市铜锣寨景区,景点景区,国家4A旅游景区。所属地：安徽·六安市·霍山县。地址：安徽六安市铜锣寨景区。,31.1532773,116.0509451,wgs84
九公寨景区,4A,安徽,六安市,裕安区,安徽六安市九公寨景区,景点景区,国家4A旅游景区。所属地：安徽·六安市·裕安区。地址：安徽六安市九公寨景区。,31.5847001,116.2911214,wgs84
皖西博物馆,4A,安徽,六安市,金安区,安徽六安市皖西博物馆,景点景区,国家4A旅游景区。所属地：安徽·六安市·金安区。地址：安徽六安市皖西博物馆。,31.7399883,116.5194407,wgs84
悠然蓝溪文化旅游度假景区,4A,安徽,六安市,金安区,安徽六安市悠然蓝溪文化旅游度假景区,景点景区,国家4A旅游景区。所属地：安徽·六安市·金安区。地址：安徽六安市悠然蓝溪文化旅游度假景区。,31.7705235,116.6503228,wgs84
小南京乡村旅游扶贫示范区,4A,安徽,六安市,金寨县,安徽六安市小南京乡村旅游扶贫示范区,景点景区,国家4A旅游景区。所属地：安徽·六安市·金寨县。地址：安徽六安市小南京乡村旅游扶贫示范区。,31.7846513,115.9113749,wgs84
响洪甸水库景区,4A,安徽,六安市,金寨县,安徽六安市响洪甸水库景区,景点景区,国家4A旅游景区。所属地：安徽·六安市·金寨县。地址：安徽六安市响洪甸水库景区。,31.5605537,116.1535526,wgs84
大别山玉博园景区,4A,安徽,六安市,金寨县,安徽六安市大别山玉博园景区,景点景区,国家4A旅游景区。所属地：安徽·六安市·金寨县。地址：安徽六安市大别山玉博园景区。,31.7193683,115.9428507,wgs84
大别山风情谷景区,4A,安徽,六安市,金安区,安徽六安市大别山风情谷景区,景点景区,国家4A旅游景区。所属地：安徽·六安市·金安区。地址：安徽六安市大别山风情谷景区。,31.4816650,116.5596819,wgs84
梦幻海洋大世界景区,4A,安徽,六安市,金安区,安徽六安市梦幻海洋大世界景区,景点景区,国家4A旅游景区。所属地：安徽·六安市·金安区。地址：安徽六安市梦幻海洋大世界景区。,31.7477203,116.4931560,wgs84
采石矶景区,4A,安徽,马鞍山市,雨山区,安徽马鞍山市采石矶景区,景点景区,国家4A旅游景区。所属地：安徽·马鞍山市·雨山区。地址：安徽马鞍山市采石矶景区。,31.6525581,118.4539722,wgs84
德化堂中国古床博物馆,4A,安徽,马鞍山市,雨山区,安徽马鞍山市德化堂中国古床博物馆,景点景区,国家4A旅游景区。所属地：安徽·马鞍山市·雨山区。地址：安徽马鞍山市德化堂中国古床博物馆。,31.6559187,118.5110828,wgs84
大青山李白文化旅游区,4A,安徽,马鞍山市,当涂县,安徽马鞍山市大青山李白文化旅游区,景点景区,国家4A旅游景区。所属地：安徽·马鞍山市·当涂县。地址：安徽马鞍山市大青山李白文化旅游区。,31.4998615,118.5571438,wgs84
鸡笼山-半月湖景区,4A,安徽,马鞍山市,和县,安徽马鞍山市鸡笼山-半月湖景区,景点景区,国家4A旅游景区。所属地：安徽·马鞍山市·和县。地址：安徽马鞍山市鸡笼山-半月湖景区。,31.8103013,118.1831877,wgs84
香泉旅游区,4A,安徽,马鞍山市,和县,安徽马鞍山市香泉旅游区,景点景区,国家4A旅游景区。所属地：安徽·马鞍山市·和县。地址：安徽马鞍山市香泉旅游区。,31.8728347,118.3192377,wgs84
诗城人家景区,4A,安徽,马鞍山市,当涂县,安徽马鞍山市诗城人家景区,景点景区,国家4A旅游景区。所属地：安徽·马鞍山市·当涂县。地址：安徽马鞍山市诗城人家景区。,31.5568920,118.5455933,wgs84
濮塘景区,4A,安徽,马鞍山市,花山区,安徽马鞍山市濮塘景区,景点景区,国家4A旅游景区。所属地：安徽·马鞍山市·花山区。地址：安徽马鞍山市濮塘景区。,31.7123753,118.6477192,wgs84
红色山水涧景区,4A,安徽,芜湖市,无为市,安徽芜湖市无为县红色山水涧景区,景点景区,国家4A旅游景区。所属地：安徽·芜湖市·无为市。地址：安徽芜湖市无为县红色山水涧景区。,31.3053934,117.8971672,wgs84
芜湖陶辛水韵景区,4A,安徽,芜湖市,湾沚区,安徽芜湖市芜湖陶辛水韵景区,景点景区,国家4A旅游景区。所属地：安徽·芜湖市·湾沚区。地址：安徽芜湖市芜湖陶辛水韵景区。,31.1639278,118.4771454,wgs84
丫山花海石林景区,4A,安徽,芜湖市,南陵县,安徽芜湖市丫山花海石林景区,景点景区,国家4A旅游景区。所属地：安徽·芜湖市·南陵县。地址：安徽芜湖市丫山花海石林景区。,30.8092191,118.0127061,wgs84
大浦乡村世界,4A,安徽,芜湖市,南陵县,安徽芜湖市大浦乡村世界,景点景区,国家4A旅游景区。所属地：安徽·芜湖市·南陵县。地址：安徽芜湖市大浦乡村世界。,31.1031733,118.4079669,wgs84
马仁奇峰森林旅游区,4A,安徽,芜湖市,繁昌区,安徽芜湖市马仁奇峰森林旅游区,景点景区,国家4A旅游景区。所属地：安徽·芜湖市·繁昌区。地址：安徽芜湖市马仁奇峰森林旅游区。,30.9731398,118.1516960,wgs84
赭山景区,4A,安徽,芜湖市,镜湖区,安徽芜湖市赭山景区,景点景区,国家4A旅游景区。所属地：安徽·芜湖市·镜湖区。地址：安徽芜湖市赭山景区。,31.3466585,118.3668511,wgs84
王稼祥纪念园,4A,安徽,芜湖市,镜湖区,安徽芜湖市王稼祥纪念园,景点景区,国家4A旅游景区。所属地：安徽·芜湖市·镜湖区。地址：安徽芜湖市王稼祥纪念园。,31.3448866,118.3569978,wgs84
鸠兹景区,4A,安徽,芜湖市,镜湖区,安徽芜湖市鸠兹景区,景点景区,国家4A旅游景区。所属地：安徽·芜湖市·镜湖区。地址：安徽芜湖市鸠兹景区。,31.3310523,118.3681190,wgs84
雨耕山文化旅游景区,4A,安徽,芜湖市,镜湖区,安徽芜湖市雨耕山文化旅游景区,景点景区,国家4A旅游景区。所属地：安徽·芜湖市·镜湖区。地址：安徽芜湖市雨耕山文化旅游景区。,31.3310362,118.3596811,wgs84
方特旅游区,5A,安徽,芜湖市,,安徽芜湖市方特旅游区,景点景区,国家5A旅游景区。所属地：安徽·芜湖市。地址：安徽芜湖市方特旅游区。,31.3547036,118.4275502,wgs84
鸠兹古镇景区,4A,安徽,芜湖市,鸠江区,安徽芜湖市鸠兹古镇景区,景点景区,国家4A旅游景区。所属地：安徽·芜湖市·鸠江区。地址：安徽芜湖市鸠兹古镇景区。,31.3713851,118.4414665,wgs84
浮山景区,4A,安徽,铜陵市,枞阳县,安徽铜陵市浮山景区,景点景区,国家4A旅游景区。所属地：安徽·铜陵市·枞阳县。地址：安徽铜陵市浮山景区。,30.9117979,117.2768093,wgs84
汉武生态文化园,4A,安徽,铜陵市,,安徽铜陵市汉武生态文化园,景点景区,国家4A旅游景区。所属地：安徽·铜陵市。地址：安徽铜陵市汉武生态文化园。,30.9477122,117.8067260,wgs84
天井湖景区,4A,安徽,铜陵市,铜官区,安徽铜陵市天井湖景区,景点景区,国家4A旅游景区。所属地：安徽·铜陵市·铜官区。地址：安徽铜陵市天井湖景区。,30.9420974,117.7967361,wgs84
永泉旅游度假区,4A,安徽,铜陵市,义安区,安徽铜陵市永泉旅游度假区,景点景区,国家4A旅游景区。所属地：安徽·铜陵市·义安区。地址：安徽铜陵市永泉旅游度假区。,30.9661290,118.0238750,wgs84
凤凰山景区,4A,安徽,铜陵市,义安区,安徽铜陵市凤凰山景区,景点景区,国家4A旅游景区。所属地：安徽·铜陵市·义安区。地址：安徽铜陵市凤凰山景区。,30.8578806,118.0209430,wgs84
铜陵博物馆,4A,安徽,铜陵市,铜官区,安徽铜陵市铜陵博物馆,景点景区,国家4A旅游景区。所属地：安徽·铜陵市·铜官区。地址：安徽铜陵市铜陵博物馆。,30.9376605,117.8261182,wgs84
大通古镇景区,4A,安徽,铜陵市,郊区,安徽铜陵市大通古镇景区,景点景区,国家4A旅游景区。所属地：安徽·铜陵市·郊区。地址：安徽铜陵市大通古镇景区。,30.8140331,117.7444284,wgs84
西湖湿地景区,4A,安徽,铜陵市,义安区,安徽铜陵市西湖湿地景区,景点景区,国家4A旅游景区。所属地：安徽·铜陵市·义安区。地址：安徽铜陵市西湖湿地景区。,31.0051541,117.9048286,wgs84
天柱山景区,5A,安徽,安庆市,桐城市,安徽安庆市天柱山景区,景点景区,国家5A旅游景区。所属地：安徽·安庆市·桐城市。地址：安徽安庆市天柱山景区。,31.0336123,117.0770690,wgs84
太湖县花亭湖景区,4A,安徽,安庆市,太湖县,安徽安庆市太湖县花亭湖景区,景点景区,国家4A旅游景区。所属地：安徽·安庆市·太湖县。地址：安徽安庆市太湖县花亭湖景区。,30.4703450,116.2442880,wgs84
太湖五千年文博园景区,4A,安徽,安庆市,太湖县,安徽安庆市太湖五千年文博园景区,景点景区,国家4A旅游景区。所属地：安徽·安庆市·太湖县。地址：安徽安庆市太湖五千年文博园景区。,30.4459058,116.3231878,wgs84
安庆巨石山生态文化旅游区,4A,安徽,安庆市,宜秀区,安徽安庆市安庆巨石山生态文化旅游区,景点景区,国家4A旅游景区。所属地：安徽·安庆市·宜秀区。地址：安徽安庆市安庆巨石山生态文化旅游区。,30.6521982,117.0850643,wgs84
大龙山乌龙溪景区,4A,安徽,安庆市,宜秀区,安徽安庆市大龙山乌龙溪景区,景点景区,国家4A旅游景区。所属地：安徽·安庆市·宜秀区。地址：安徽安庆市大龙山乌龙溪景区。,30.6211117,117.0781028,wgs84
菱湖景区,4A,安徽,安庆市,迎江区,安徽安庆市菱湖景区,景点景区,国家4A旅游景区。所属地：安徽·安庆市·迎江区。地址：安徽安庆市菱湖景区。,30.5244780,117.0565619,wgs84
独秀园景区,4A,安徽,安庆市,大观区,安徽安庆市独秀园景区,景点景区,国家4A旅游景区。所属地：安徽·安庆市·大观区。地址：安徽安庆市独秀园景区。,30.5734468,116.9980754,wgs84
桐城仙龙湖活海欢乐水世界景区,4A,安徽,安庆市,桐城市,安徽安庆市桐城仙龙湖活海欢乐水世界景区,景点景区,国家4A旅游景区。所属地：安徽·安庆市·桐城市。地址：安徽安庆市桐城仙龙湖活海欢乐水世界景区。,31.0339591,116.9182775,wgs84
桐城嬉子湖生态景区,4A,安徽,安庆市,桐城市,安徽安庆市桐城嬉子湖生态景区,景点景区,国家4A旅游景区。所属地：安徽·安庆市·桐城市。地址：安徽安庆市桐城嬉子湖生态景区。,30.8207869,117.0245866,wgs84
桐城孔城老街,4A,安徽,安庆市,桐城市,安徽安庆市桐城孔城老街,景点景区,国家4A旅游景区。所属地：安徽·安庆市·桐城市。地址：安徽安庆市桐城孔城老街。,31.0298845,117.0803923,wgs84
怀宁孔雀东南飞旅游景区,4A,安徽,安庆市,怀宁县,安徽安庆市怀宁孔雀东南飞旅游景区,景点景区,国家4A旅游景区。所属地：安徽·安庆市·怀宁县。地址：安徽安庆市怀宁孔雀东南飞旅游景区。,30.7357755,116.8364985,wgs84
宿松县石莲洞旅游景区,4A,安徽,安庆市,宿松县,安徽安庆市宿松县石莲洞旅游景区,景点景区,国家4A旅游景区。所属地：安徽·安庆市·宿松县。地址：安徽安庆市宿松县石莲洞旅游景区。,30.1313452,116.0916955,wgs84
宿松白崖寨景区,4A,安徽,安庆市,宿松县,安徽安庆市宿松白崖寨景区,景点景区,国家4A旅游景区。所属地：安徽·安庆市·宿松县。地址：安徽安庆市宿松白崖寨景区。,30.3692533,116.1510060,wgs84
明堂山景区,4A,安徽,安庆市,岳西县,安徽安庆市明堂山景区,景点景区,国家4A旅游景区。所属地：安徽·安庆市·岳西县。地址：安徽安庆市明堂山景区。,30.8591779,116.0964993,wgs84
岳西天峡景区,4A,安徽,安庆市,岳西县,安徽安庆市岳西天峡景区,景点景区,国家4A旅游景区。所属地：安徽·安庆市·岳西县。地址：安徽安庆市岳西天峡景区。,30.7983975,116.0474773,wgs84
大别山彩虹瀑布旅游景区,4A,安徽,安庆市,岳西县,安徽安庆市大别山彩虹瀑布旅游景区,景点景区,国家4A旅游景区。所属地：安徽·安庆市·岳西县。地址：安徽安庆市大别山彩虹瀑布旅游景区。,31.1207398,116.3035293,wgs84
岳西妙道山旅游景区,4A,安徽,安庆市,岳西县,安徽安庆市岳西妙道山旅游景区,景点景区,国家4A旅游景区。所属地：安徽·安庆市·岳西县。地址：安徽安庆市岳西妙道山旅游景区。,30.7963890,116.1000412,wgs84
天悦湾养生度假区,4A,安徽,安庆市,岳西县,安徽安庆市天悦湾养生度假区,景点景区,国家4A旅游景区。所属地：安徽·安庆市·岳西县。地址：安徽安庆市天悦湾养生度假区。,30.8942296,116.3437667,wgs84
潜山县白马潭景区,4A,安徽,安庆市,潜山市,安徽安庆市潜山县白马潭景区,景点景区,国家4A旅游景区。所属地：安徽·安庆市·潜山市。地址：安徽安庆市潜山县白马潭景区。,30.7189771,116.3606625,wgs84
潜山山谷流泉文化园景区,4A,安徽,安庆市,潜山市,安徽安庆市潜山山谷流泉文化园景区,景点景区,国家4A旅游景区。所属地：安徽·安庆市·潜山市。地址：安徽安庆市潜山山谷流泉文化园景区。,30.6707904,116.4902338,wgs84
潜山县天龙关景区,4A,安徽,安庆市,潜山市,安徽安庆市潜山县天龙关景区,景点景区,国家4A旅游景区。所属地：安徽·安庆市·潜山市。地址：安徽安庆市潜山县天龙关景区。,30.7120515,116.3994958,wgs84
潜山县皖光苑旅游景区,4A,安徽,安庆市,潜山市,安徽安庆市潜山县皖光苑旅游景区,景点景区,国家4A旅游景区。所属地：安徽·安庆市·潜山市。地址：安徽安庆市潜山县皖光苑旅游景区。,30.6461484,116.5545609,wgs84
绩溪龙川景区,5A,安徽,宣城市,绩溪县,安徽宣城市绩溪龙川景区,景点景区,国家5A旅游景区。所属地：安徽·宣城市·绩溪县。地址：安徽宣城市绩溪龙川景区。,30.0794552,118.6652820,wgs84
敬亭山景区,4A,安徽,宣城市,绩溪县,安徽宣城市敬亭山景区,景点景区,国家4A旅游景区。所属地：安徽·宣城市·绩溪县。地址：安徽宣城市敬亭山景区。,30.0794552,118.6652820,wgs84
宣州区宣酒文化园,4A,安徽,宣城市,宣州区,安徽宣城市宣州区宣酒文化园,景点景区,国家4A旅游景区。所属地：安徽·宣城市·宣州区。地址：安徽宣城市宣州区宣酒文化园。,30.9698600,118.7449478,wgs84
广德太极洞景区,4A,安徽,宣城市,广德市,安徽宣城市广德太极洞景区,景点景区,国家4A旅游景区。所属地：安徽·宣城市·广德市。地址：安徽宣城市广德太极洞景区。,31.1162349,119.6007351,wgs84
宁国恩龙世界木屋村,4A,安徽,宣城市,宁国市,安徽宣城市宁国恩龙世界木屋村,景点景区,国家4A旅游景区。所属地：安徽·宣城市·宁国市。地址：安徽宣城市宁国恩龙世界木屋村。,30.6606963,118.9175375,wgs84
System.Xml.XmlElement,4A,安徽,宣城市,泾县,System.Xml.XmlElement,景点景区,国家4A旅游景区。所属地：安徽·宣城市·泾县。地址：System.Xml.XmlElement。,30.6399870,118.2163618,wgs84
泾县查济景区,4A,安徽,宣城市,泾县,安徽宣城市泾县查济景区,景点景区,国家4A旅游景区。所属地：安徽·宣城市·泾县。地址：安徽宣城市泾县查济景区。,30.5150112,118.0322985,wgs84
泾县皖南事变烈士陵园,4A,安徽,宣城市,泾县,安徽宣城市泾县皖南事变烈士陵园,景点景区,国家4A旅游景区。所属地：安徽·宣城市·泾县。地址：安徽宣城市泾县皖南事变烈士陵园。,30.7005271,118.3905728,wgs84
泾县桃花潭景区,4A,安徽,宣城市,泾县,安徽宣城市泾县桃花潭景区,景点景区,国家4A旅游景区。所属地：安徽·宣城市·泾县。地址：安徽宣城市泾县桃花潭景区。,30.4827340,118.1447575,wgs84
绩溪县鄣山大峡谷景区,4A,安徽,宣城市,绩溪县,安徽宣城市绩溪县鄣山大峡谷景区,景点景区,国家4A旅游景区。所属地：安徽·宣城市·绩溪县。地址：安徽宣城市绩溪县鄣山大峡谷景区。,30.1006866,118.7618473,wgs84
绩溪县太极湖村景区,4A,安徽,宣城市,绩溪县,安徽宣城市绩溪县太极湖村景区,景点景区,国家4A旅游景区。所属地：安徽·宣城市·绩溪县。地址：安徽宣城市绩溪县太极湖村景区。,30.1162797,118.6985122,wgs84
绩溪县徽杭古道景区,4A,安徽,宣城市,绩溪县,安徽宣城市绩溪县徽杭古道景区,景点景区,国家4A旅游景区。所属地：安徽·宣城市·绩溪县。地址：安徽宣城市绩溪县徽杭古道景区。,30.0794552,118.6652820,wgs84
旌德县江村景区,4A,安徽,宣城市,旌德县,安徽宣城市旌德县江村景区,景点景区,国家4A旅游景区。所属地：安徽·宣城市·旌德县。地址：安徽宣城市旌德县江村景区。,30.2178264,118.3897891,wgs84
泾县水墨汀溪旅游景区,4A,安徽,宣城市,泾县,安徽宣城市泾县水墨汀溪旅游景区,景点景区,国家4A旅游景区。所属地：安徽·宣城市·泾县。地址：安徽宣城市泾县水墨汀溪旅游景区。,30.6799869,118.4016836,wgs84
宣州区扬子鳄景区,4A,安徽,宣城市,宣州区,安徽宣城市宣州区扬子鳄景区,景点景区,国家4A旅游景区。所属地：安徽·宣城市·宣州区。地址：安徽宣城市宣州区扬子鳄景区。,30.9485331,118.7512028,wgs84
宁国市夏霖九天银瀑景区,4A,安徽,宣城市,宁国市,安徽宣城市宁国市夏霖九天银瀑景区,景点景区,国家4A旅游景区。所属地：安徽·宣城市·宁国市。地址：安徽宣城市宁国市夏霖九天银瀑景区。,30.6360139,118.9778701,wgs84
宣州区龙泉洞景区,4A,安徽,宣城市,宣州区,安徽宣城市宣州区龙泉洞景区,景点景区,国家4A旅游景区。所属地：安徽·宣城市·宣州区。地址：安徽宣城市宣州区龙泉洞景区。,30.8243555,118.9940557,wgs84
郎溪县观天下景区,4A,安徽,宣城市,郎溪县,安徽宣城市郎溪县观天下景区,景点景区,国家4A旅游景区。所属地：安徽·宣城市·郎溪县。地址：安徽宣城市郎溪县观天下景区。,30.8910689,119.0951057,wgs84
泾县黄田景区,4A,安徽,宣城市,泾县,安徽宣城市泾县黄田景区,景点景区,国家4A旅游景区。所属地：安徽·宣城市·泾县。地址：安徽宣城市泾县黄田景区。,30.4610880,118.4936780,wgs84
宁国市青龙湾景区,4A,安徽,宣城市,宁国市,安徽宣城市宁国市青龙湾景区,景点景区,国家4A旅游景区。所属地：安徽·宣城市·宁国市。地址：安徽宣城市宁国市青龙湾景区。,30.5110613,118.8767179,wgs84
旌德县朱旺景区,4A,安徽,宣城市,旌德县,安徽宣城市旌德县朱旺景区,景点景区,国家4A旅游景区。所属地：安徽·宣城市·旌德县。地址：安徽宣城市旌德县朱旺景区。,30.3567332,118.4804375,wgs84
泾县宣纸文化园,4A,安徽,宣城市,泾县,安徽宣城市泾县宣纸文化园,景点景区,国家4A旅游景区。所属地：安徽·宣城市·泾县。地址：安徽宣城市泾县宣纸文化园。,30.5667207,118.4477603,wgs84
官塘湖景区,4A,安徽,宣城市,宣州区,安徽宣城市官塘湖景区,景点景区,国家4A旅游景区。所属地：安徽·宣城市·宣州区。地址：安徽宣城市官塘湖景区。,31.0623623,118.6973383,wgs84
九华山景区,5A,安徽,池州市,青阳县,安徽池州市九华山景区,景点景区,国家5A旅游景区。所属地：安徽·池州市·青阳县。地址：安徽池州市九华山景区。,30.4832258,117.7988046,wgs84
九子岩景区,4A,安徽,池州市,青阳县,安徽池州市九子岩景区,景点景区,国家4A旅游景区。所属地：安徽·池州市·青阳县。地址：安徽池州市九子岩景区。,30.5423912,117.8605871,wgs84
九华秋浦胜境.大王洞景区,4A,安徽,池州市,贵池区,安徽池州市九华秋浦胜境.大王洞景区,景点景区,国家4A旅游景区。所属地：安徽·池州市·贵池区。地址：安徽池州市九华秋浦胜境.大王洞景区。,30.6543001,117.4853472,wgs84
杏花村旅游区,4A,安徽,池州市,贵池区,安徽池州市杏花村旅游区,景点景区,国家4A旅游景区。所属地：安徽·池州市·贵池区。地址：安徽池州市杏花村旅游区。,30.6459479,117.4657534,wgs84
九华天池景区,4A,安徽,池州市,,安徽池州市九华天池景区,景点景区,国家4A旅游景区。所属地：安徽·池州市。地址：安徽池州市九华天池景区。,30.6671434,117.4860825,wgs84
牯牛降景区,4A,安徽,池州市,石台县,安徽池州市牯牛降景区,景点景区,国家4A旅游景区。所属地：安徽·池州市·石台县。地址：安徽池州市牯牛降景区。,30.1010365,117.4886516,wgs84
怪潭景区,4A,安徽,池州市,石台县,安徽池州市怪潭景区,景点景区,国家4A旅游景区。所属地：安徽·池州市·石台县。地址：安徽池州市怪潭景区。,30.1766692,117.6080373,wgs84
蓬莱仙洞旅游景区,4A,安徽,池州市,石台县,安徽池州市蓬莱仙洞旅游景区,景点景区,国家4A旅游景区。所属地：安徽·池州市·石台县。地址：安徽池州市蓬莱仙洞旅游景区。,30.2281004,117.5436923,wgs84
秋浦河旅游景区,4A,安徽,池州市,石台县,安徽池州市秋浦河旅游景区,景点景区,国家4A旅游景区。所属地：安徽·池州市·石台县。地址：安徽池州市秋浦河旅游景区。,30.2253558,117.4520461,wgs84
莲峰云海旅游景区,4A,安徽,池州市,青阳县,安徽池州市莲峰云海旅游景区,景点景区,国家4A旅游景区。所属地：安徽·池州市·青阳县。地址：安徽池州市莲峰云海旅游景区。,30.6327697,117.8426494,wgs84
九天仙寓景区,4A,安徽,池州市,石台县,安徽池州市九天仙寓景区,景点景区,国家4A旅游景区。所属地：安徽·池州市·石台县。地址：安徽池州市九天仙寓景区。,30.1114761,117.4076107,wgs84
大愿文化园景区,4A,安徽,池州市,青阳县,安徽池州市大愿文化园景区,景点景区,国家4A旅游景区。所属地：安徽·池州市·青阳县。地址：安徽池州市大愿文化园景区。,30.5412460,117.7885718,wgs84
鱼龙洞景区,4A,安徽,池州市,石台县,安徽池州市鱼龙洞景区,景点景区,国家4A旅游景区。所属地：安徽·池州市·石台县。地址：安徽池州市鱼龙洞景区。,30.3411147,117.8353095,wgs84
石台县仙寓山景区,4A,安徽,池州市,石台县,安徽池州市石台县仙寓山景区,景点景区,国家4A旅游景区。所属地：安徽·池州市·石台县。地址：安徽池州市石台县仙寓山景区。,30.0462887,117.3551999,wgs84
贵池区秀山门博物馆,4A,安徽,池州市,贵池区,安徽池州市贵池区秀山门博物馆,景点景区,国家4A旅游景区。所属地：安徽·池州市·贵池区。地址：安徽池州市贵池区秀山门博物馆。,30.6540488,117.4767957,wgs84
龙源旅游度假区,4A,安徽,池州市,东至县,安徽池州市龙源旅游度假区,景点景区,国家4A旅游景区。所属地：安徽·池州市·东至县。地址：安徽池州市龙源旅游度假区。,30.4556864,117.0952815,wgs84
醉山野景区,4A,安徽,池州市,石台县,安徽池州市醉山野景区,景点景区,国家4A旅游景区。所属地：安徽·池州市·石台县。地址：安徽池州市醉山野景区。,30.2609885,117.5119805,wgs84
九华神龙谷景区,4A,安徽,池州市,青阳县,安徽池州市九华神龙谷景区,景点景区,国家4A旅游景区。所属地：安徽·池州市·青阳县。地址：安徽池州市九华神龙谷景区。,30.4039729,117.7999862,wgs84
黄山景区,5A,安徽,黄山市,黄山区,安徽黄山市黄山景区,景点景区,国家5A旅游景区。所属地：安徽·黄山市·黄山区。地址：安徽黄山市黄山景区。,30.1989087,118.1389598,wgs84
皖南古村落,5A,安徽,黄山市,,安徽黄山市皖南古村落,景点景区,国家5A旅游景区。所属地：安徽·黄山市。地址：安徽黄山市皖南古村落。,29.7170630,118.3322857,wgs84
古徽州文化旅游区,5A,安徽,黄山市,歙县,安徽黄山市古徽州文化旅游区,景点景区,国家5A旅游景区。所属地：安徽·黄山市·歙县。地址：安徽黄山市古徽州文化旅游区。,29.8651648,118.4309121,wgs84
花山谜窟,4A,安徽,黄山市,屯溪区,安徽黄山市花山谜窟,景点景区,国家4A旅游景区。所属地：安徽·黄山市·屯溪区。地址：安徽黄山市花山谜窟。,29.7467593,118.3837790,wgs84
东黄山度假区,4A,安徽,黄山市,黄山区,安徽黄山市东黄山度假区,景点景区,国家4A旅游景区。所属地：安徽·黄山市·黄山区。地址：安徽黄山市东黄山度假区。,30.1531027,118.2914179,wgs84
翡翠谷景区,4A,安徽,黄山市,黄山区,安徽黄山市翡翠谷景区,景点景区,国家4A旅游景区。所属地：安徽·黄山市·黄山区。地址：安徽黄山市翡翠谷景区。,30.1101992,118.2195127,wgs84
太平湖景区,4A,安徽,黄山市,黄山区,安徽黄山市太平湖景区,景点景区,国家4A旅游景区。所属地：安徽·黄山市·黄山区。地址：安徽黄山市太平湖景区。,30.3937936,118.0821825,wgs84
九龙瀑景区,4A,安徽,黄山市,黄山区,安徽黄山市九龙瀑景区,景点景区,国家4A旅游景区。所属地：安徽·黄山市·黄山区。地址：安徽黄山市九龙瀑景区。,30.0962134,118.2014971,wgs84
新安江山水画廊景区,4A,安徽,黄山市,歙县,安徽黄山市新安江山水画廊景区,景点景区,国家4A旅游景区。所属地：安徽·黄山市·歙县。地址：安徽黄山市新安江山水画廊景区。,29.8343692,118.5875757,wgs84
雄村景区,4A,安徽,黄山市,歙县,安徽黄山市雄村景区,景点景区,国家4A旅游景区。所属地：安徽·黄山市·歙县。地址：安徽黄山市雄村景区。,29.8171603,118.4364777,wgs84
齐云山景区,4A,安徽,黄山市,休宁县,安徽黄山市齐云山景区,景点景区,国家4A旅游景区。所属地：安徽·黄山市·休宁县。地址：安徽黄山市齐云山景区。,29.8225283,118.0352783,wgs84
赛金花－归园景区,4A,安徽,黄山市,,安徽黄山市赛金花－归园景区,景点景区,国家4A旅游景区。所属地：安徽·黄山市。地址：安徽黄山市赛金花－归园景区。,29.7170630,118.3322857,wgs84
南屏景区,4A,安徽,黄山市,黟县,安徽黄山市南屏景区,景点景区,国家4A旅游景区。所属地：安徽·黄山市·黟县。地址：安徽黄山市南屏景区。,29.9068247,117.9002629,wgs84
牯牛降景区,4A,安徽,黄山市,,安徽黄山市牯牛降景区,景点景区,国家4A旅游景区。所属地：安徽·黄山市。地址：安徽黄山市牯牛降景区。,29.7170630,118.3322857,wgs84
芙蓉谷景区,4A,安徽,黄山市,黄山区,安徽黄山市芙蓉谷景区,景点景区,国家4A旅游景区。所属地：安徽·黄山市·黄山区。地址：安徽黄山市芙蓉谷景区。,30.1977758,118.1525978,wgs84
丰乐湖景区,4A,安徽,黄山市,徽州区,安徽黄山市丰乐湖景区,景点景区,国家4A旅游景区。所属地：安徽·黄山市·徽州区。地址：安徽黄山市丰乐湖景区。,29.9121330,118.2443313,wgs84
新安江滨水旅游区,4A,安徽,黄山市,屯溪区,安徽黄山市新安江滨水旅游区,景点景区,国家4A旅游景区。所属地：安徽·黄山市·屯溪区。地址：安徽黄山市新安江滨水旅游区。,29.7321186,118.3513053,wgs84
黄山虎林园,4A,安徽,黄山市,黄山区,安徽黄山市黄山虎林园,景点景区,国家4A旅游景区。所属地：安徽·黄山市·黄山区。地址：安徽黄山市黄山虎林园。,30.2439363,118.1528053,wgs84
打鼓岭景区,4A,安徽,黄山市,黟县,安徽黄山市打鼓岭景区,景点景区,国家4A旅游景区。所属地：安徽·黄山市·黟县。地址：安徽黄山市打鼓岭景区。,30.0874044,117.8136769,wgs84
休宁古城岩景区,4A,安徽,黄山市,休宁县,安徽黄山市休宁古城岩景区,景点景区,国家4A旅游景区。所属地：安徽·黄山市·休宁县。地址：安徽黄山市休宁古城岩景区。,29.7848586,118.2271444,wgs84
岩寺新四军军部旧址,4A,安徽,黄山市,黄山区,安徽黄山市岩寺新四军军部旧址,景点景区,国家4A旅游景区。所属地：安徽·黄山市·黄山区。地址：安徽黄山市岩寺新四军军部旧址。,30.1165181,117.9511027,wgs84
历溪景区,4A,安徽,黄山市,祁门县,安徽黄山市历溪景区,景点景区,国家4A旅游景区。所属地：安徽·黄山市·祁门县。地址：安徽黄山市历溪景区。,29.9826469,117.4905423,wgs84
黎阳in巷景区,4A,安徽,黄山市,黄山区,安徽黄山市黎阳in巷景区,景点景区,国家4A旅游景区。所属地：安徽·黄山市·黄山区。地址：安徽黄山市黎阳in巷景区。,30.0828330,118.1875167,wgs84
屏山景区,4A,安徽,黄山市,黟县,安徽黄山市屏山景区,景点景区,国家4A旅游景区。所属地：安徽·黄山市·黟县。地址：安徽黄山市屏山景区。,29.9431063,117.9783758,wgs84
祥源祁红产业文化博览园,4A,安徽,黄山市,祁门县,安徽黄山市祥源祁红产业文化博览园,景点景区,国家4A旅游景区。所属地：安徽·黄山市·祁门县。地址：安徽黄山市祥源祁红产业文化博览园。,29.8446067,117.7443704,wgs84
厦门市鼓浪屿旅游区,5A,福建,厦门市,思明区,福建厦门市鼓浪屿旅游区,景点景区,国家5A旅游景区。所属地：福建·厦门市·思明区。地址：福建厦门市鼓浪屿旅游区。,24.4465414,118.0666379,wgs84
武夷山市风景名胜区,5A,福建,南平市,武夷山市,福建武夷山市风景名胜区,景点景区,国家5A旅游景区。所属地：福建·南平市·武夷山市。地址：福建武夷山市风景名胜区。,27.6597978,117.9547509,wgs84
福建土楼（永定）旅游景区,5A,福建,龙岩市,永定区,福建福建土楼（永定）旅游景区,景点景区,国家5A旅游景区。所属地：福建·龙岩市·永定区。地址：福建福建土楼（永定）旅游景区。,24.6573519,117.0172549,wgs84
福建土楼（南靖）旅游景区,5A,福建,漳州市,南靖县,福建福建土楼（南靖）旅游景区,景点景区,国家5A旅游景区。所属地：福建·漳州市·南靖县。地址：福建福建土楼（南靖）旅游景区。,24.5863849,117.0560163,wgs84
三明市泰宁风景旅游区,5A,福建,三明市,泰宁县,福建三明市泰宁风景旅游区,景点景区,国家5A旅游景区。所属地：福建·三明市·泰宁县。地址：福建三明市泰宁风景旅游区。,26.8668778,117.0967276,wgs84
宁德市屏南县白水洋·鸳鸯溪旅游区,5A,福建,宁德市,屏南县,福建宁德市屏南县白水洋·鸳鸯溪旅游区,景点景区,国家5A旅游景区。所属地：福建·宁德市·屏南县。地址：福建宁德市屏南县白水洋·鸳鸯溪旅游区。,27.0566502,119.1060577,wgs84
泉州市清源山景区,5A,福建,泉州市,丰泽区,福建泉州市清源山景区,景点景区,国家5A旅游景区。所属地：福建·泉州市·丰泽区。地址：福建泉州市清源山景区。,24.9458447,118.6065733,wgs84
宁德市福鼎太姥山风景区,5A,福建,宁德市,福鼎市,福建宁德市福鼎太姥山风景区,景点景区,国家5A旅游景区。所属地：福建·宁德市·福鼎市。地址：福建宁德市福鼎太姥山风景区。,27.1216180,120.1900812,wgs84
福州市三坊七巷历史文化街区景区,5A,福建,福州市,鼓楼区,福建福州市三坊七巷历史文化街区景区,景点景区,国家5A旅游景区。所属地：福建·福州市·鼓楼区。地址：福建福州市三坊七巷历史文化街区景区。,26.0868924,119.2916506,wgs84
龙岩市古田旅游区,5A,福建,龙岩市,上杭县,福建龙岩市古田旅游区,景点景区,国家5A旅游景区。所属地：福建·龙岩市·上杭县。地址：福建龙岩市古田旅游区。,25.2210406,116.8218482,wgs84
莆田市湄洲岛妈祖文化旅游区,5A,福建,莆田市,秀屿区,福建莆田市湄洲岛妈祖文化旅游区,景点景区,国家5A旅游景区。所属地：福建·莆田市·秀屿区。地址：福建莆田市湄洲岛妈祖文化旅游区。,25.0896181,119.1278182,wgs84
福州国家森林公园景区（福州植物园）,4A,福建,福州市,晋安区,福建福州国家森林公园景区（福州植物园）,景点景区,国家4A旅游景区。所属地：福建·福州市·晋安区。地址：福建福州国家森林公园景区（福州植物园）。,26.1674945,119.2792571,wgs84
泉州开元寺,4A,福建,泉州市,鲤城区,福建泉州开元寺,景点景区,国家4A旅游景区。所属地：福建·泉州市·鲤城区。地址：福建泉州开元寺。,24.9171632,118.5810648,wgs84
永安桃源洞旅游区,4A,福建,三明市,永安市,福建永安桃源洞旅游区,景点景区,国家4A旅游景区。所属地：福建·三明市·永安市。地址：福建永安桃源洞旅游区。,25.9844104,117.3639726,wgs84
厦门园林植物园,4A,福建,厦门市,思明区,福建厦门园林植物园,景点景区,国家4A旅游景区。所属地：福建·厦门市·思明区。地址：福建厦门园林植物园。,24.4504869,118.1047605,wgs84
连城县冠豸山风景区,4A,福建,龙岩市,连城县,福建连城县冠豸山风景区,景点景区,国家4A旅游景区。所属地：福建·龙岩市·连城县。地址：福建连城县冠豸山风景区。,25.7081512,116.7694949,wgs84
安溪清水岩旅游区,4A,福建,泉州市,安溪县,福建安溪清水岩旅游区,景点景区,国家4A旅游景区。所属地：福建·泉州市·安溪县。地址：福建安溪清水岩旅游区。,25.1250467,118.1093214,wgs84
东山风动石景区,4A,福建,漳州市,东山县,福建东山风动石景区,景点景区,国家4A旅游景区。所属地：福建·漳州市·东山县。地址：福建东山风动石景区。,23.7368547,117.5327814,wgs84
厦门集美鳌园景区,4A,福建,厦门市,集美区,福建厦门集美鳌园景区,景点景区,国家4A旅游景区。所属地：福建·厦门市·集美区。地址：福建厦门集美鳌园景区。,24.5786269,118.0923531,wgs84
三明格氏栲国家森林公园,4A,福建,三明市,三元区,福建三明格氏栲国家森林公园,景点景区,国家4A旅游景区。所属地：福建·三明市·三元区。地址：福建三明格氏栲国家森林公园。,26.1710009,117.4740206,wgs84
三明瑞云山旅游区,4A,福建,三明市,三元区,福建三明瑞云山旅游区,景点景区,国家4A旅游景区。所属地：福建·三明市·三元区。地址：福建三明瑞云山旅游区。,26.3558589,117.6515943,wgs84
永泰青云山风景名胜区,4A,福建,福州市,永泰县,福建永泰青云山风景名胜区,景点景区,国家4A旅游景区。所属地：福建·福州市·永泰县。地址：福建永泰青云山风景名胜区。,25.7621362,118.9552784,wgs84
永春牛姆林生态旅游区,4A,福建,泉州市,永春县,福建永春牛姆林生态旅游区,景点景区,国家4A旅游景区。所属地：福建·泉州市·永春县。地址：福建永春牛姆林生态旅游区。,25.4243286,117.9366097,wgs84
惠安崇武古城风景区,4A,福建,泉州市,惠安县,福建惠安崇武古城风景区,景点景区,国家4A旅游景区。所属地：福建·泉州市·惠安县。地址：福建惠安崇武古城风景区。,24.8758674,118.9293370,wgs84
漳浦天福茶博物院景区,4A,福建,漳州市,漳浦县,福建漳浦天福茶博物院景区,景点景区,国家4A旅游景区。所属地：福建·漳州市·漳浦县。地址：福建漳浦天福茶博物院景区。,24.0707779,117.5038553,wgs84
福清市石竹山风景名胜区,4A,福建,福州市,福清市,福建福清市石竹山风景名胜区,景点景区,国家4A旅游景区。所属地：福建·福州市·福清市。地址：福建福清市石竹山风景名胜区。,25.7046477,119.2875107,wgs84
龙岩市龙硿洞风景名胜区,4A,福建,龙岩市,新罗区,福建龙岩市龙硿洞风景名胜区,景点景区,国家4A旅游景区。所属地：福建·龙岩市·新罗区。地址：福建龙岩市龙硿洞风景名胜区。,25.2114402,117.2517048,wgs84
厦门日月谷温泉主题公园,4A,福建,厦门市,海沧区,福建厦门日月谷温泉主题公园,景点景区,国家4A旅游景区。所属地：福建·厦门市·海沧区。地址：福建厦门日月谷温泉主题公园。,24.5615427,117.9356698,wgs84
漳州东南花都花博园景区,4A,福建,漳州市,漳浦县,福建漳州东南花都花博园景区,景点景区,国家4A旅游景区。所属地：福建·漳州市·漳浦县。地址：福建漳州东南花都花博园景区。,24.3282533,117.6798606,wgs84
漳州平和三平风景区,4A,福建,漳州市,平和县,福建漳州平和三平风景区,景点景区,国家4A旅游景区。所属地：福建·漳州市·平和县。地址：福建漳州平和三平风景区。,24.3517320,117.4854646,wgs84
厦门天竺山森林公园,4A,福建,厦门市,海沧区,福建厦门天竺山森林公园,景点景区,国家4A旅游景区。所属地：福建·厦门市·海沧区。地址：福建厦门天竺山森林公园。,24.5931027,117.9215179,wgs84
漳州滨海火山自然生态风景区,4A,福建,漳州市,漳浦县,福建漳州滨海火山自然生态风景区,景点景区,国家4A旅游景区。所属地：福建·漳州市·漳浦县。地址：福建漳州滨海火山自然生态风景区。,24.2121405,118.0195936,wgs84
漳州市龙文区云洞岩风景区,4A,福建,漳州市,龙文区,福建漳州市龙文区云洞岩风景区,景点景区,国家4A旅游景区。所属地：福建·漳州市·龙文区。地址：福建漳州市龙文区云洞岩风景区。,24.5020239,117.7522420,wgs84
龙岩漳平市水上茶乡九鹏溪,4A,福建,龙岩市,漳平市,福建龙岩漳平市水上茶乡九鹏溪,景点景区,国家4A旅游景区。所属地：福建·龙岩市·漳平市。地址：福建龙岩漳平市水上茶乡九鹏溪。,25.6235434,117.3167795,wgs84
厦门市胡里山炮台,4A,福建,厦门市,思明区,福建厦门市胡里山炮台,景点景区,国家4A旅游景区。所属地：福建·厦门市·思明区。地址：福建厦门市胡里山炮台。,24.4323786,118.1013223,wgs84
厦门市园林博览苑,4A,福建,厦门市,集美区,福建厦门市园林博览苑,景点景区,国家4A旅游景区。所属地：福建·厦门市·集美区。地址：福建厦门市园林博览苑。,24.5754820,118.0681641,wgs84
莆田市莆田工艺美术城,4A,福建,莆田市,荔城区,福建莆田市莆田工艺美术城,景点景区,国家4A旅游景区。所属地：福建·莆田市·荔城区。地址：福建莆田市莆田工艺美术城。,25.3767645,119.0650234,wgs84
福州市鼓山风景区,4A,福建,福州市,晋安区,福建福州市鼓山风景区,景点景区,国家4A旅游景区。所属地：福建·福州市·晋安区。地址：福建福州市鼓山风景区。,26.0578159,119.3883523,wgs84
三明市将乐玉华洞景区,4A,福建,三明市,将乐县,福建三明市将乐玉华洞景区,景点景区,国家4A旅游景区。所属地：福建·三明市·将乐县。地址：福建三明市将乐玉华洞景区。,26.7025302,117.4894656,wgs84
龙岩市长汀红色旧址群旅游区,4A,福建,龙岩市,长汀县,福建龙岩市长汀红色旧址群旅游区,景点景区,国家4A旅游景区。所属地：福建·龙岩市·长汀县。地址：福建龙岩市长汀红色旧址群旅游区。,25.8392224,116.3510355,wgs84
福州市中国船政文化景区,4A,福建,福州市,,福建福州市中国船政文化景区,景点景区,国家4A旅游景区。所属地：福建·福州市。地址：福建福州市中国船政文化景区。,26.0776182,119.2917012,wgs84
福州市永泰天门山景区,4A,福建,福州市,永泰县,福建福州市永泰天门山景区,景点景区,国家4A旅游景区。所属地：福建·福州市·永泰县。地址：福建福州市永泰天门山景区。,25.8217110,119.0132957,wgs84
泉州市德化石牛山景区,4A,福建,泉州市,德化县,福建泉州市德化石牛山景区,景点景区,国家4A旅游景区。所属地：福建·泉州市·德化县。地址：福建泉州市德化石牛山景区。,25.6485596,118.4325940,wgs84
南平市武夷山大安源生态旅游区,4A,福建,南平市,武夷山市,福建南平市武夷山大安源生态旅游区,景点景区,国家4A旅游景区。所属地：福建·南平市·武夷山市。地址：福建南平市武夷山大安源生态旅游区。,27.8742365,117.8561473,wgs84
南平市顺昌华阳山旅游景区,4A,福建,南平市,顺昌县,福建南平市顺昌华阳山旅游景区,景点景区,国家4A旅游景区。所属地：福建·南平市·顺昌县。地址：福建南平市顺昌华阳山旅游景区。,26.8642445,117.8036225,wgs84
沙县小吃文化城,4A,福建,福州市,鼓楼区,福建沙县小吃文化城,景点景区,国家4A旅游景区。所属地：福建·福州市·鼓楼区。地址：福建沙县小吃文化城。,26.0868373,119.2895845,wgs84
漳州市云霄县金汤湾旅游区,4A,福建,漳州市,云霄县,福建漳州市云霄县金汤湾旅游区,景点景区,国家4A旅游景区。所属地：福建·漳州市·云霄县。地址：福建漳州市云霄县金汤湾旅游区。,23.7823711,117.4078709,wgs84
漳州市福建土楼（华安）旅游区,4A,福建,漳州市,华安县,福建漳州市福建土楼（华安）旅游区,景点景区,国家4A旅游景区。所属地：福建·漳州市·华安县。地址：福建漳州市福建土楼（华安）旅游区。,25.0263735,117.6788409,wgs84
南平市溪源峡谷旅游区,4A,福建,南平市,延平区,福建南平市溪源峡谷旅游区,景点景区,国家4A旅游景区。所属地：福建·南平市·延平区。地址：福建南平市溪源峡谷旅游区。,26.6461870,118.1048031,wgs84
邵武天成奇峡旅游区,4A,福建,南平市,邵武市,福建邵武天成奇峡旅游区,景点景区,国家4A旅游景区。所属地：福建·南平市·邵武市。地址：福建邵武天成奇峡旅游区。,27.0613812,117.2390268,wgs84
连城天一温泉旅游区,4A,福建,龙岩市,连城县,福建连城天一温泉旅游区,景点景区,国家4A旅游景区。所属地：福建·龙岩市·连城县。地址：福建连城天一温泉旅游区。,25.6464854,116.7812843,wgs84
三明市建宁中央苏区反“围剿”纪念园,4A,福建,三明市,建宁县,福建三明市建宁中央苏区反“围剿”纪念园,景点景区,国家4A旅游景区。所属地：福建·三明市·建宁县。地址：福建三明市建宁中央苏区反“围剿”纪念园。,26.8442845,116.8317883,wgs84
南平市邵武云灵山旅游景区,4A,福建,南平市,邵武市,福建南平市邵武云灵山旅游景区,景点景区,国家4A旅游景区。所属地：福建·南平市·邵武市。地址：福建南平市邵武云灵山旅游景区。,27.4275120,117.3992760,wgs84
龙岩市连城培田古村落旅游区,4A,福建,龙岩市,连城县,福建龙岩市连城培田古村落旅游区,景点景区,国家4A旅游景区。所属地：福建·龙岩市·连城县。地址：福建龙岩市连城培田古村落旅游区。,25.6381076,116.6343867,wgs84
厦门市北辰山旅游景区,4A,福建,厦门市,同安区,福建厦门市北辰山旅游景区,景点景区,国家4A旅游景区。所属地：福建·厦门市·同安区。地址：福建厦门市北辰山旅游景区。,24.7948165,118.2370404,wgs84
莆田市九龙谷生态旅游景区,4A,福建,莆田市,仙游县,福建莆田市九龙谷生态旅游景区,景点景区,国家4A旅游景区。所属地：福建·莆田市·仙游县。地址：福建莆田市九龙谷生态旅游景区。,25.4598898,118.8179531,wgs84
龙岩市上杭县梅花山华南虎园生态旅游景区,4A,福建,龙岩市,上杭县,福建龙岩市上杭县梅花山华南虎园生态旅游景区,景点景区,国家4A旅游景区。所属地：福建·龙岩市·上杭县。地址：福建龙岩市上杭县梅花山华南虎园生态旅游景区。,25.3455293,116.8296803,wgs84
漳州市东山马銮湾景区,4A,福建,漳州市,东山县,福建漳州市东山马銮湾景区,景点景区,国家4A旅游景区。所属地：福建·漳州市·东山县。地址：福建漳州市东山马銮湾景区。,23.7264105,117.4945051,wgs84
宁德市周宁鲤鱼溪·九龙漈旅游区,4A,福建,宁德市,周宁县,福建宁德市周宁鲤鱼溪·九龙漈旅游区,景点景区,国家4A旅游景区。所属地：福建·宁德市·周宁县。地址：福建宁德市周宁鲤鱼溪·九龙漈旅游区。,27.0718403,119.3762265,wgs84
福州永泰云顶景区,4A,福建,福州市,永泰县,福建福州永泰云顶景区,景点景区,国家4A旅游景区。所属地：福建·福州市·永泰县。地址：福建福州永泰云顶景区。,25.7526709,118.9697822,wgs84
三明市建宁闽江源生态区,4A,福建,三明市,建宁县,福建三明市建宁闽江源生态区,景点景区,国家4A旅游景区。所属地：福建·三明市·建宁县。地址：福建三明市建宁闽江源生态区。,26.8341368,116.8502698,wgs84
宁化客家祖地,4A,福建,三明市,宁化县,福建宁化客家祖地,景点景区,国家4A旅游景区。所属地：福建·三明市·宁化县。地址：福建宁化客家祖地。,26.2554566,116.4836752,wgs84
三明市清流天芳悦潭生态旅游区,4A,福建,三明市,清流县,福建三明市清流天芳悦潭生态旅游区,景点景区,国家4A旅游景区。所属地：福建·三明市·清流县。地址：福建三明市清流天芳悦潭生态旅游区。,26.1690597,116.9253188,wgs84
莆田市仙游县九鲤湖旅游区,4A,福建,莆田市,仙游县,福建莆田市仙游县九鲤湖旅游区,景点景区,国家4A旅游景区。所属地：福建·莆田市·仙游县。地址：福建莆田市仙游县九鲤湖旅游区。,25.4635845,118.8162084,wgs84
南平武夷山茶博园,4A,福建,南平市,武夷山市,福建南平武夷山茶博园,景点景区,国家4A旅游景区。所属地：福建·南平市·武夷山市。地址：福建南平武夷山茶博园。,27.6438020,117.9737714,wgs84
宁德福安白云山,4A,福建,宁德市,福安市,福建宁德福安白云山,景点景区,国家4A旅游景区。所属地：福建·宁德市·福安市。地址：福建宁德福安白云山。,27.1636015,119.4983564,wgs84
连江贵安新天地休闲旅游度假区,4A,福建,福州市,连江县,福建连江贵安新天地休闲旅游度假区,景点景区,国家4A旅游景区。所属地：福建·福州市·连江县。地址：福建连江贵安新天地休闲旅游度假区。,26.2591566,119.3907870,wgs84
厦门方特梦幻王国,4A,福建,厦门市,同安区,福建厦门方特梦幻王国,景点景区,国家4A旅游景区。所属地：福建·厦门市·同安区。地址：福建厦门方特梦幻王国。,24.6818040,118.1706656,wgs84
福建中国闽台缘博物馆,4A,福建,泉州市,丰泽区,福建福建中国闽台缘博物馆,景点景区,国家4A旅游景区。所属地：福建·泉州市·丰泽区。地址：福建福建中国闽台缘博物馆。,24.9379711,118.5854300,wgs84
福州连江溪山休闲旅游度假村,4A,福建,福州市,连江县,福建福州连江溪山休闲旅游度假村,景点景区,国家4A旅游景区。所属地：福建·福州市·连江县。地址：福建福州连江溪山休闲旅游度假村。,26.2107544,119.4082563,wgs84
福州闽侯旗山森林温泉度假村,4A,福建,福州市,闽侯县,福建福州闽侯旗山森林温泉度假村,景点景区,国家4A旅游景区。所属地：福建·福州市·闽侯县。地址：福建福州闽侯旗山森林温泉度假村。,25.9893888,119.1751412,wgs84
泉州市博物馆,4A,福建,泉州市,丰泽区,福建泉州市博物馆,景点景区,国家4A旅游景区。所属地：福建·泉州市·丰泽区。地址：福建泉州市博物馆。,24.9382004,118.5812486,wgs84
泉州德化九仙山风景区,4A,福建,泉州市,德化县,福建泉州德化九仙山风景区,景点景区,国家4A旅游景区。所属地：福建·泉州市·德化县。地址：福建泉州德化九仙山风景区。,25.6684732,118.1281272,wgs84
漳州漳浦天福“唐山过台湾”石雕园,4A,福建,漳州市,漳浦县,福建漳州漳浦天福“唐山过台湾”石雕园,景点景区,国家4A旅游景区。所属地：福建·漳州市·漳浦县。地址：福建漳州漳浦天福“唐山过台湾”石雕园。,24.1200085,117.6090915,wgs84
南平邵武和平古镇景区,4A,福建,南平市,邵武市,福建南平邵武和平古镇景区,景点景区,国家4A旅游景区。所属地：福建·南平市·邵武市。地址：福建南平邵武和平古镇景区。,27.1597729,117.2971630,wgs84
三明泰宁明清园,4A,福建,三明市,泰宁县,福建三明泰宁明清园,景点景区,国家4A旅游景区。所属地：福建·三明市·泰宁县。地址：福建三明泰宁明清园。,26.9156201,117.2041297,wgs84
武平县梁野山景区,4A,福建,龙岩市,武平县,福建武平县梁野山景区,景点景区,国家4A旅游景区。所属地：福建·龙岩市·武平县。地址：福建武平县梁野山景区。,25.1386178,116.1343447,wgs84
晋江市五店市传统文化旅游区,4A,福建,泉州市,晋江市,福建晋江市五店市传统文化旅游区,景点景区,国家4A旅游景区。所属地：福建·泉州市·晋江市。地址：福建晋江市五店市传统文化旅游区。,24.8201704,118.5750440,wgs84
龙岩上杭县毛泽东才溪乡调查旧址,4A,福建,龙岩市,上杭县,福建龙岩上杭县毛泽东才溪乡调查旧址,景点景区,国家4A旅游景区。所属地：福建·龙岩市·上杭县。地址：福建龙岩上杭县毛泽东才溪乡调查旧址。,25.2534659,116.4138491,wgs84
漳州漳浦翡翠湾滨海度假区,4A,福建,漳州市,漳浦县,福建漳州漳浦翡翠湾滨海度假区,景点景区,国家4A旅游景区。所属地：福建·漳州市·漳浦县。地址：福建漳州漳浦翡翠湾滨海度假区。,23.9458564,117.7662636,wgs84
福州罗源湾海洋世界旅游区,4A,福建,福州市,罗源县,福建福州罗源湾海洋世界旅游区,景点景区,国家4A旅游景区。所属地：福建·福州市·罗源县。地址：福建福州罗源湾海洋世界旅游区。,26.4632649,119.6026410,wgs84
泉州市源和1916创意产业园景区,4A,福建,泉州市,鲤城区,福建泉州市源和1916创意产业园景区,景点景区,国家4A旅游景区。所属地：福建·泉州市·鲤城区。地址：福建泉州市源和1916创意产业园景区。,24.9153244,118.5743316,wgs84
三明尤溪县侠天下景区,4A,福建,三明市,尤溪县,福建三明尤溪县侠天下景区,景点景区,国家4A旅游景区。所属地：福建·三明市·尤溪县。地址：福建三明尤溪县侠天下景区。,26.1479063,118.5481215,wgs84
武夷山自遊小镇汽车主题乐园景区,4A,福建,南平市,武夷山市,福建武夷山自遊小镇汽车主题乐园景区,景点景区,国家4A旅游景区。所属地：福建·南平市·武夷山市。地址：福建武夷山自遊小镇汽车主题乐园景区。,27.6419197,117.9850398,wgs84
莆田市瑞云山风景区,4A,福建,莆田市,涵江区,福建莆田市瑞云山风景区,景点景区,国家4A旅游景区。所属地：福建·莆田市·涵江区。地址：福建莆田市瑞云山风景区。,25.7284491,119.0187694,wgs84
武夷香江茗苑景区,4A,福建,福州市,鼓楼区,福建武夷香江茗苑景区,景点景区,国家4A旅游景区。所属地：福建·福州市·鼓楼区。地址：福建武夷香江茗苑景区。,26.0795097,119.3083638,wgs84
漳州市长泰县十里蓝山景区,4A,福建,漳州市,长泰县,福建漳州市长泰县十里蓝山景区,景点景区,国家4A旅游景区。所属地：福建·漳州市·长泰县。地址：福建漳州市长泰县十里蓝山景区。,24.6625389,117.9345201,wgs84
龙岩天子生态旅游区,4A,福建,龙岩市,永定区,福建龙岩天子生态旅游区,景点景区,国家4A旅游景区。所属地：福建·龙岩市·永定区。地址：福建龙岩天子生态旅游区。,24.7535004,116.7619389,wgs84
厦门诚毅科技探索中心,4A,福建,厦门市,思明区,福建厦门诚毅科技探索中心,景点景区,国家4A旅游景区。所属地：福建·厦门市·思明区。地址：福建厦门诚毅科技探索中心。,24.4592165,118.0683333,wgs84
厦门老院子景区,4A,福建,厦门市,集美区,福建厦门老院子景区,景点景区,国家4A旅游景区。所属地：福建·厦门市·集美区。地址：福建厦门老院子景区。,24.6274478,118.0700595,wgs84
泉州安平桥（五里桥）景区,4A,福建,泉州市,南安市,福建泉州安平桥（五里桥）景区,景点景区,国家4A旅游景区。所属地：福建·泉州市·南安市。地址：福建泉州安平桥（五里桥）景区。,24.7100026,118.4432766,wgs84
尤溪朱子文化园景区,4A,福建,三明市,尤溪县,福建尤溪朱子文化园景区,景点景区,国家4A旅游景区。所属地：福建·三明市·尤溪县。地址：福建尤溪朱子文化园景区。,26.1699638,118.1824752,wgs84
永泰百漈沟生态旅游景区,4A,福建,福州市,永泰县,福建永泰百漈沟生态旅游景区,景点景区,国家4A旅游景区。所属地：福建·福州市·永泰县。地址：福建永泰百漈沟生态旅游景区。,25.7774198,118.6742002,wgs84
建阳（卧龙湾）武夷花花世界景区,4A,福建,南平市,建阳区,福建建阳（卧龙湾）武夷花花世界景区,景点景区,国家4A旅游景区。所属地：福建·南平市·建阳区。地址：福建建阳（卧龙湾）武夷花花世界景区。,27.3170019,118.0757577,wgs84
南平浦城县中国包酒文化博览园景区,4A,福建,南平市,浦城县,福建南平浦城县中国包酒文化博览园景区,景点景区,国家4A旅游景区。所属地：福建·南平市·浦城县。地址：福建南平浦城县中国包酒文化博览园景区。,28.0138401,118.5306705,wgs84
平潭坛南湾—海坛古城旅游区,4A,福建,福州市,平潭县,福建平潭坛南湾—海坛古城旅游区,景点景区,国家4A旅游景区。所属地：福建·福州市·平潭县。地址：福建平潭坛南湾—海坛古城旅游区。,25.4696087,119.7820740,wgs84
尤溪桂峰古村落景区,4A,福建,三明市,尤溪县,福建尤溪桂峰古村落景区,景点景区,国家4A旅游景区。所属地：福建·三明市·尤溪县。地址：福建尤溪桂峰古村落景区。,26.3057502,118.5319892,wgs84
仙游县菜溪岩风景区,4A,福建,莆田市,仙游县,福建仙游县菜溪岩风景区,景点景区,国家4A旅游景区。所属地：福建·莆田市·仙游县。地址：福建仙游县菜溪岩风景区。,25.5830464,118.6578956,wgs84
武平县狮岩景区,4A,福建,龙岩市,武平县,福建武平县狮岩景区,景点景区,国家4A旅游景区。所属地：福建·龙岩市·武平县。地址：福建武平县狮岩景区。,24.8712569,116.2213188,wgs84
福建武夷温泉旅游景区,4A,福建,福州市,鼓楼区,福建福建武夷温泉旅游景区,景点景区,国家4A旅游景区。所属地：福建·福州市·鼓楼区。地址：福建福建武夷温泉旅游景区。,26.0795097,119.3083638,wgs84
大田大仙峰·茶美人景区,4A,福建,三明市,大田县,福建大田大仙峰·茶美人景区,景点景区,国家4A旅游景区。所属地：福建·三明市·大田县。地址：福建大田大仙峰·茶美人景区。,25.6076339,117.8900868,wgs84
邵武金坑红色旅游景区,4A,福建,南平市,邵武市,福建邵武金坑红色旅游景区,景点景区,国家4A旅游景区。所属地：福建·南平市·邵武市。地址：福建邵武金坑红色旅游景区。,27.2535151,117.1875227,wgs84
尤溪九阜山景区,4A,福建,三明市,尤溪县,福建尤溪九阜山景区,景点景区,国家4A旅游景区。所属地：福建·三明市·尤溪县。地址：福建尤溪九阜山景区。,26.0864503,118.0660462,wgs84
永春北溪文苑旅游区,4A,福建,泉州市,永春县,福建永春北溪文苑旅游区,景点景区,国家4A旅游景区。所属地：福建·泉州市·永春县。地址：福建永春北溪文苑旅游区。,25.2486906,118.2395562,wgs84
三明万寿岩文旅小镇景区,4A,福建,三明市,三元区,福建三明万寿岩文旅小镇景区,景点景区,国家4A旅游景区。所属地：福建·三明市·三元区。地址：福建三明万寿岩文旅小镇景区。,26.2707038,117.4499259,wgs84
永安安贞堡景区,4A,福建,三明市,永安市,福建永安安贞堡景区,景点景区,国家4A旅游景区。所属地：福建·三明市·永安市。地址：福建永安安贞堡景区。,25.9892172,117.7626344,wgs84
龙岩千鹭湖景区,4A,福建,,,福建龙岩千鹭湖景区,景点景区,国家4A旅游景区。所属地：福建。地址：福建龙岩千鹭湖景区。,26.1039094,119.2903511,wgs84
尤溪古溪星河休闲旅游度假区,4A,福建,三明市,尤溪县,福建尤溪古溪星河休闲旅游度假区,景点景区,国家4A旅游景区。所属地：福建·三明市·尤溪县。地址：福建尤溪古溪星河休闲旅游度假区。,26.1294753,118.4852229,wgs84
永泰欧乐堡海洋世界,4A,福建,福州市,永泰县,福建永泰欧乐堡海洋世界,景点景区,国家4A旅游景区。所属地：福建·福州市·永泰县。地址：福建永泰欧乐堡海洋世界。,25.8762571,119.0803358,wgs84
莆田绶溪公园景区,4A,福建,莆田市,城厢区,福建莆田绶溪公园景区,景点景区,国家4A旅游景区。所属地：福建·莆田市·城厢区。地址：福建莆田绶溪公园景区。,25.4624899,119.0121490,wgs84
石狮宝盖山景区,4A,福建,泉州市,石狮市,福建石狮宝盖山景区,景点景区,国家4A旅游景区。所属地：福建·泉州市·石狮市。地址：福建石狮宝盖山景区。,24.7214772,118.6616667,wgs84
福清市瑞岩山景区,4A,福建,福州市,福清市,福建福清市瑞岩山景区,景点景区,国家4A旅游景区。所属地：福建·福州市·福清市。地址：福建福清市瑞岩山景区。,25.7179254,119.4587218,wgs84
建宁客坊乡水尾红色小镇,4A,福建,三明市,建宁县,福建建宁客坊乡水尾红色小镇,景点景区,国家4A旅游景区。所属地：福建·三明市·建宁县。地址：福建建宁客坊乡水尾红色小镇。,26.7950847,116.8251089,wgs84
漳州市华安县官畲景区,4A,福建,漳州市,华安县,福建漳州市华安县官畲景区,景点景区,国家4A旅游景区。所属地：福建·漳州市·华安县。地址：福建漳州市华安县官畲景区。,24.9279473,117.5767977,wgs84
明溪滴水岩红色旅游景区,4A,福建,三明市,明溪县,福建明溪滴水岩红色旅游景区,景点景区,国家4A旅游景区。所属地：福建·三明市·明溪县。地址：福建明溪滴水岩红色旅游景区。,26.3606540,117.1967924,wgs84
泰宁九龙潭生态旅游区,4A,福建,三明市,泰宁县,福建泰宁九龙潭生态旅游区,景点景区,国家4A旅游景区。所属地：福建·三明市·泰宁县。地址：福建泰宁九龙潭生态旅游区。,26.9768895,117.1887943,wgs84
福建长乐闽江河口国家湿地公园,4A,福建,福州市,长乐区,福建福建长乐闽江河口国家湿地公园,景点景区,国家4A旅游景区。所属地：福建·福州市·长乐区。地址：福建福建长乐闽江河口国家湿地公园。,26.0318332,119.6086406,wgs84
顺昌洋口红色旅游小镇,4A,福建,南平市,顺昌县,福建顺昌洋口红色旅游小镇,景点景区,国家4A旅游景区。所属地：福建·南平市·顺昌县。地址：福建顺昌洋口红色旅游小镇。,26.7980252,117.9032438,wgs84
长汀汀江国家湿地公园,4A,福建,龙岩市,长汀县,福建长汀汀江国家湿地公园,景点景区,国家4A旅游景区。所属地：福建·龙岩市·长汀县。地址：福建长汀汀江国家湿地公园。,25.6093281,116.3897235,wgs84
柘荣县鸳鸯草场景区,4A,福建,宁德市,柘荣县,福建柘荣县鸳鸯草场景区,景点景区,国家4A旅游景区。所属地：福建·宁德市·柘荣县。地址：福建柘荣县鸳鸯草场景区。,27.1538706,119.9560070,wgs84
漳州市平和县高峰谷景区,4A,福建,漳州市,平和县,福建漳州市平和县高峰谷景区,景点景区,国家4A旅游景区。所属地：福建·漳州市·平和县。地址：福建漳州市平和县高峰谷景区。,24.3999100,117.1232339,wgs84
安溪县溪禾山铁观音文化园,4A,福建,泉州市,安溪县,福建安溪县溪禾山铁观音文化园,景点景区,国家4A旅游景区。所属地：福建·泉州市·安溪县。地址：福建安溪县溪禾山铁观音文化园。,25.0855269,118.2047336,wgs84
宁化天鹅洞景区,4A,福建,三明市,宁化县,福建宁化天鹅洞景区,景点景区,国家4A旅游景区。所属地：福建·三明市·宁化县。地址：福建宁化天鹅洞景区。,26.3197969,116.8175153,wgs84
福建三钢工业旅游区,4A,福建,福州市,福清市,福建福建三钢工业旅游区,景点景区,国家4A旅游景区。所属地：福建·福州市·福清市。地址：福建福建三钢工业旅游区。,25.7213314,119.3094976,wgs84
松溪梅口埠旅游景区,4A,福建,南平市,松溪县,福建松溪梅口埠旅游景区,景点景区,国家4A旅游景区。所属地：福建·南平市·松溪县。地址：福建松溪梅口埠旅游景区。,27.4292540,118.7127156,wgs84
政和县中国白茶小镇·石圳湾景区,4A,福建,南平市,政和县,福建政和县中国白茶小镇·石圳湾景区,景点景区,国家4A旅游景区。所属地：福建·南平市·政和县。地址：福建政和县中国白茶小镇·石圳湾景区。,27.3694702,118.8529622,wgs84
江西省九江市庐山风景名胜区,5A,江西,九江市,庐山市,江西省九江市庐山风景名胜区,景点景区,国家5A旅游景区。所属地：江西·九江市·庐山市。地址：江西省九江市庐山风景名胜区。,29.5714773,115.9770171,wgs84
江西省吉安市井冈山风景旅游区,5A,江西,吉安市,遂川县,江西省吉安市井冈山风景旅游区,景点景区,国家5A旅游景区。所属地：江西·吉安市·遂川县。地址：江西省吉安市井冈山风景旅游区。,26.5527916,114.2196002,wgs84
江西省上饶市三清山风景名胜区,5A,江西,上饶市,玉山县,江西省上饶市三清山风景名胜区,景点景区,国家5A旅游景区。所属地：江西·上饶市·玉山县。地址：江西省上饶市三清山风景名胜区。,28.8798944,118.0624520,wgs84
江西省鹰潭市龙虎山景区,5A,江西,鹰潭市,贵溪市,江西省鹰潭市龙虎山景区,景点景区,国家5A旅游景区。所属地：江西·鹰潭市·贵溪市。地址：江西省鹰潭市龙虎山景区。,28.1250271,116.9771207,wgs84
江西省上饶市江湾景区,5A,江西,上饶市,婺源县,江西省上饶市江湾景区,景点景区,国家5A旅游景区。所属地：江西·上饶市·婺源县。地址：江西省上饶市江湾景区。,29.3605240,118.0497322,wgs84
江西省景德镇市古窑民俗博览区,5A,江西,景德镇市,昌江区,江西省景德镇市古窑民俗博览区,景点景区,国家5A旅游景区。所属地：江西·景德镇市·昌江区。地址：江西省景德镇市古窑民俗博览区。,29.2866610,117.1794887,wgs84
江西省瑞金市“共和国”摇篮旅游区,5A,江西,赣州市,瑞金市,江西省瑞金市“共和国”摇篮旅游区,景点景区,国家5A旅游景区。所属地：江西·赣州市·瑞金市。地址：江西省瑞金市“共和国”摇篮旅游区。,25.8885366,116.0222750,wgs84
江西省宜春市明月山旅游区,5A,江西,宜春市,袁州区,江西省宜春市明月山旅游区,景点景区,国家5A旅游景区。所属地：江西·宜春市·袁州区。地址：江西省宜春市明月山旅游区。,27.6351378,114.2765181,wgs84
江西省上饶市龟峰景区,5A,江西,上饶市,弋阳县,江西省上饶市龟峰景区,景点景区,国家5A旅游景区。所属地：江西·上饶市·弋阳县。地址：江西省上饶市龟峰景区。,28.3192747,117.4189826,wgs84
江西省抚州市资溪大觉山景区,5A,江西,抚州市,资溪县,江西省抚州市资溪大觉山景区,景点景区,国家5A旅游景区。所属地：江西·抚州市·资溪县。地址：江西省抚州市资溪大觉山景区。,27.7008583,117.1391126,wgs84
江西省南昌市滕王阁旅游区,5A,江西,南昌市,东湖区,江西省南昌市滕王阁旅游区,景点景区,国家5A旅游景区。所属地：江西·南昌市·东湖区。地址：江西省南昌市滕王阁旅游区。,28.6847184,115.8762768,wgs84
江西省萍乡市武功山景区,5A,江西,萍乡市,芦溪县,江西省萍乡市武功山景区,景点景区,国家5A旅游景区。所属地：江西·萍乡市·芦溪县。地址：江西省萍乡市武功山景区。,27.4693340,114.1501674,wgs84
江西省南昌市天香园景区,4A,江西,南昌市,青山湖区,江西省南昌市天香园景区,景点景区,国家4A旅游景区。所属地：江西·南昌市·青山湖区。地址：江西省南昌市天香园景区。,28.6577886,115.9517296,wgs84
江西省南昌市八一起义纪念馆,4A,江西,南昌市,西湖区,江西省南昌市八一起义纪念馆,景点景区,国家4A旅游景区。所属地：江西·南昌市·西湖区。地址：江西省南昌市八一起义纪念馆。,28.6780456,115.8846322,wgs84
江西省南昌市梅岭狮子峰景区,4A,江西,南昌市,湾里区,江西省南昌市梅岭狮子峰景区,景点景区,国家4A旅游景区。所属地：江西·南昌市·湾里区。地址：江西省南昌市梅岭狮子峰景区。,28.8435625,115.7571497,wgs84
江西省南昌市凤凰沟景区,4A,江西,南昌市,南昌县,江西省南昌市凤凰沟景区,景点景区,国家4A旅游景区。所属地：江西·南昌市·南昌县。地址：江西省南昌市凤凰沟景区。,28.3735737,116.0070446,wgs84
江西省南昌市新四军军部旧址陈列馆,4A,江西,南昌市,西湖区,江西省南昌市新四军军部旧址陈列馆,景点景区,国家4A旅游景区。所属地：江西·南昌市·西湖区。地址：江西省南昌市新四军军部旧址陈列馆。,28.6704776,115.8907296,wgs84
江西省南昌市梅岭竹海明珠景区,4A,江西,南昌市,湾里区,江西省南昌市梅岭竹海明珠景区,景点景区,国家4A旅游景区。所属地：江西·南昌市·湾里区。地址：江西省南昌市梅岭竹海明珠景区。,28.8008012,115.7335853,wgs84
江西省南昌市溪霞怪石岭生态公园,4A,江西,南昌市,新建区,江西省南昌市溪霞怪石岭生态公园,景点景区,国家4A旅游景区。所属地：江西·南昌市·新建区。地址：江西省南昌市溪霞怪石岭生态公园。,28.8628900,115.8189014,wgs84
江西省南昌市梅岭洪崖丹井景区,4A,江西,南昌市,新建区,江西省南昌市梅岭洪崖丹井景区,景点景区,国家4A旅游景区。所属地：江西·南昌市·新建区。地址：江西省南昌市梅岭洪崖丹井景区。,28.7272535,115.7255063,wgs84
江西省南昌市绿地中心303观光厅,4A,江西,南昌市,东湖区,江西省南昌市绿地中心303观光厅,景点景区,国家4A旅游景区。所属地：江西·南昌市·东湖区。地址：江西省南昌市绿地中心303观光厅。,28.6889020,115.8492937,wgs84
江西省南昌市安义古村群景区,4A,江西,南昌市,安义县,江西省南昌市安义古村群景区,景点景区,国家4A旅游景区。所属地：江西·南昌市·安义县。地址：江西省南昌市安义古村群景区。,28.7519578,115.5950999,wgs84
江西省南昌市融创文化主题乐园景区,4A,江西,南昌市,东湖区,江西省南昌市融创文化主题乐园景区,景点景区,国家4A旅游景区。所属地：江西·南昌市·东湖区。地址：江西省南昌市融创文化主题乐园景区。,28.6855783,115.8799102,wgs84
江西省南昌市李渡元代烧酒作坊遗址景区,4A,江西,南昌市,进贤县,江西省南昌市李渡元代烧酒作坊遗址景区,景点景区,国家4A旅游景区。所属地：江西·南昌市·进贤县。地址：江西省南昌市李渡元代烧酒作坊遗址景区。,28.2282258,116.1682366,wgs84
江西省九江市庐山龙湾温泉度假村（汤太宗）景区,4A,江西,九江市,庐山市,江西省九江市庐山龙湾温泉度假村（汤太宗）景区,景点景区,国家4A旅游景区。所属地：江西·九江市·庐山市。地址：江西省九江市庐山龙湾温泉度假村（汤太宗）景区。,29.4244175,115.9238007,wgs84
江西省九江市星子天沐温泉景区,4A,江西,九江市,庐山市,江西省九江市星子天沐温泉景区,景点景区,国家4A旅游景区。所属地：江西·九江市·庐山市。地址：江西省九江市星子天沐温泉景区。,29.4197521,115.9225619,wgs84
江西省九江市庐山西海国际温泉度假村景区,4A,江西,九江市,永修县,江西省九江市庐山西海国际温泉度假村景区,景点景区,国家4A旅游景区。所属地：江西·九江市·永修县。地址：江西省九江市庐山西海国际温泉度假村景区。,29.1902536,115.5197721,wgs84
江西省九江市石钟山景区,4A,江西,九江市,湖口县,江西省九江市石钟山景区,景点景区,国家4A旅游景区。所属地：江西·九江市·湖口县。地址：江西省九江市石钟山景区。,29.7464748,116.2177726,wgs84
江西省九江市富华山景区,4A,江西,九江市,共青城市,江西省九江市富华山景区,景点景区,国家4A旅游景区。所属地：江西·九江市·共青城市。地址：江西省九江市富华山景区。,29.2245240,115.8218891,wgs84
江西省九江市庐山西海风景名胜区,4A,江西,九江市,永修县,江西省九江市庐山西海风景名胜区,景点景区,国家4A旅游景区。所属地：江西·九江市·永修县。地址：江西省九江市庐山西海风景名胜区。,29.1979649,115.4673563,wgs84
江西省九江市南崖--马家洲景区,4A,江西,九江市,修水县,江西省九江市南崖--马家洲景区,景点景区,国家4A旅游景区。所属地：江西·九江市·修水县。地址：江西省九江市南崖--马家洲景区。,29.0338115,114.5755124,wgs84
江西省九江市山西海湾景区,4A,江西,九江市,武宁县,江西省九江市山西海湾景区,景点景区,国家4A旅游景区。所属地：江西·九江市·武宁县。地址：江西省九江市山西海湾景区。,29.2626996,115.0972988,wgs84
江西省九江市龙宫洞景区,4A,江西,九江市,彭泽县,江西省九江市龙宫洞景区,景点景区,国家4A旅游景区。所属地：江西·九江市·彭泽县。地址：江西省九江市龙宫洞景区。,29.6853561,116.4738653,wgs84
江西省九江市中华贤母园景区,4A,江西,九江市,柴桑区,江西省九江市中华贤母园景区,景点景区,国家4A旅游景区。所属地：江西·九江市·柴桑区。地址：江西省九江市中华贤母园景区。,29.6124500,115.8975537,wgs84
江西省九江市南山景区,4A,江西,九江市,濂溪区,江西省九江市南山景区,景点景区,国家4A旅游景区。所属地：江西·九江市·濂溪区。地址：江西省九江市南山景区。,29.6689794,115.9925211,wgs84
江西省九江市八里湖景区,4A,江西,九江市,浔阳区,江西省九江市八里湖景区,景点景区,国家4A旅游景区。所属地：江西·九江市·浔阳区。地址：江西省九江市八里湖景区。,29.6694554,115.9506663,wgs84
江西省九江市大千世界梦幻乐园景区,4A,江西,九江市,柴桑区,江西省九江市大千世界梦幻乐园景区,景点景区,国家4A旅游景区。所属地：江西·九江市·柴桑区。地址：江西省九江市大千世界梦幻乐园景区。,29.6500056,115.8794251,wgs84
江西省九江市阳光照耀29度假景区,4A,江西,九江市,濂溪区,江西省九江市阳光照耀29度假景区,景点景区,国家4A旅游景区。所属地：江西·九江市·濂溪区。地址：江西省九江市阳光照耀29度假景区。,29.6951684,116.0224541,wgs84
江西省九江市台山景区,4A,江西,九江市,湖口县,江西省九江市台山景区,景点景区,国家4A旅游景区。所属地：江西·九江市·湖口县。地址：江西省九江市台山景区。,29.7330735,116.2512337,wgs84
江西省九江市东浒寨景区,4A,江西,九江市,修水县,江西省九江市东浒寨景区,景点景区,国家4A旅游景区。所属地：江西·九江市·修水县。地址：江西省九江市东浒寨景区。,28.8748820,114.5297982,wgs84
江西省景德镇市高岭·瑶里风景区,4A,江西,景德镇市,浮梁县,江西省景德镇市高岭·瑶里风景区,景点景区,国家4A旅游景区。所属地：江西·景德镇市·浮梁县。地址：江西省景德镇市高岭·瑶里风景区。,29.4871803,117.5287736,wgs84
江西省景德镇市浮梁古县衙景区,4A,江西,景德镇市,浮梁县,江西省景德镇市浮梁古县衙景区,景点景区,国家4A旅游景区。所属地：江西·景德镇市·浮梁县。地址：江西省景德镇市浮梁古县衙景区。,29.3765237,117.2456777,wgs84
江西省景德镇市洪岩仙境风景区,4A,江西,景德镇市,乐平市,江西省景德镇市洪岩仙境风景区,景点景区,国家4A旅游景区。所属地：江西·景德镇市·乐平市。地址：江西省景德镇市洪岩仙境风景区。,29.0342727,117.4740977,wgs84
江西省景德镇市江西怪石林景区,4A,江西,景德镇市,乐平市,江西省景德镇市江西怪石林景区,景点景区,国家4A旅游景区。所属地：江西·景德镇市·乐平市。地址：江西省景德镇市江西怪石林景区。,28.7360491,117.2577056,wgs84
江西省景德镇市皇窑景区,4A,江西,景德镇市,浮梁县,江西省景德镇市皇窑景区,景点景区,国家4A旅游景区。所属地：江西·景德镇市·浮梁县。地址：江西省景德镇市皇窑景区。,29.3261489,117.2965991,wgs84
江西省景德镇市御窑厂国家考古遗址公园景区,4A,江西,景德镇市,珠山区,江西省景德镇市御窑厂国家考古遗址公园景区,景点景区,国家4A旅游景区。所属地：江西·景德镇市·珠山区。地址：江西省景德镇市御窑厂国家考古遗址公园景区。,29.2959278,117.2026593,wgs84
江西省景德镇市江西直升机科技馆景区,4A,江西,景德镇市,昌江区,江西省景德镇市江西直升机科技馆景区,景点景区,国家4A旅游景区。所属地：江西·景德镇市·昌江区。地址：江西省景德镇市江西直升机科技馆景区。,29.2570281,117.1147919,wgs84
江西省景德镇市陶溪川文创街区,4A,江西,景德镇市,珠山区,江西省景德镇市陶溪川文创街区,景点景区,国家4A旅游景区。所属地：江西·景德镇市·珠山区。地址：江西省景德镇市陶溪川文创街区。,29.2965322,117.2302389,wgs84
江西省安源路矿工人运动纪念馆,4A,江西,萍乡市,安源区,江西省安源路矿工人运动纪念馆,景点景区,国家4A旅游景区。所属地：江西·萍乡市·安源区。地址：江西省安源路矿工人运动纪念馆。,27.6072988,113.8910434,wgs84
江西省萍乡市荷花博览园景区,4A,江西,萍乡市,莲花县,江西省萍乡市荷花博览园景区,景点景区,国家4A旅游景区。所属地：江西·萍乡市·莲花县。地址：江西省萍乡市荷花博览园景区。,27.1162024,113.9490322,wgs84
江西省萍乡市杨岐山景区,4A,江西,萍乡市,上栗县,江西省萍乡市杨岐山景区,景点景区,国家4A旅游景区。所属地：江西·萍乡市·上栗县。地址：江西省萍乡市杨岐山景区。,27.8430169,113.8621063,wgs84
江西省萍乡市芦溪仙凤三宝农业休闲观光园,4A,江西,萍乡市,芦溪县,江西省萍乡市芦溪仙凤三宝农业休闲观光园,景点景区,国家4A旅游景区。所属地：江西·萍乡市·芦溪县。地址：江西省萍乡市芦溪仙凤三宝农业休闲观光园。,27.6340019,114.0244102,wgs84
江西省新余市仙女湖风景名胜区,4A,江西,新余市,渝水区,江西省新余市仙女湖风景名胜区,景点景区,国家4A旅游景区。所属地：江西·新余市·渝水区。地址：江西省新余市仙女湖风景名胜区。,27.7115162,114.7864880,wgs84
江西省新余市昌坊度假村景区,4A,江西,新余市,渝水区,江西省新余市昌坊度假村景区,景点景区,国家4A旅游景区。所属地：江西·新余市·渝水区。地址：江西省新余市昌坊度假村景区。,27.9260845,114.8123067,wgs84
江西省新余市中国洞都景区,4A,江西,新余市,分宜县,江西省新余市中国洞都景区,景点景区,国家4A旅游景区。所属地：江西·新余市·分宜县。地址：江西省新余市中国洞都景区。,28.0307214,114.8317000,wgs84
江西省鹰潭市眼镜产业园景区,4A,江西,鹰潭市,月湖区,江西省鹰潭市眼镜产业园景区,景点景区,国家4A旅游景区。所属地：江西·鹰潭市·月湖区。地址：江西省鹰潭市眼镜产业园景区。,28.2399223,117.0326754,wgs84
江西省赣州市通天岩风景名胜区,4A,江西,赣州市,章贡区,江西省赣州市通天岩风景名胜区,景点景区,国家4A旅游景区。所属地：江西·赣州市·章贡区。地址：江西省赣州市通天岩风景名胜区。,25.9240849,114.9038835,wgs84
江西省赣州市阳明山国家森林公园,4A,江西,赣州市,崇义县,江西省赣州市阳明山国家森林公园,景点景区,国家4A旅游景区。所属地：江西·赣州市·崇义县。地址：江西省赣州市阳明山国家森林公园。,25.5690721,114.3335247,wgs84
江西省赣州市九曲度假村,4A,江西,赣州市,定南县,江西省赣州市九曲度假村,景点景区,国家4A旅游景区。所属地：江西·赣州市·定南县。地址：江西省赣州市九曲度假村。,24.7285693,115.1691783,wgs84
江西省赣州市客家文化城,4A,江西,赣州市,赣县区,江西省赣州市客家文化城,景点景区,国家4A旅游景区。所属地：江西·赣州市·赣县区。地址：江西省赣州市客家文化城。,25.8642268,115.0239550,wgs84
江西省赣州市三百山景区,4A,江西,赣州市,安远县,江西省赣州市三百山景区,景点景区,国家4A旅游景区。所属地：江西·赣州市·安远县。地址：江西省赣州市三百山景区。,25.0007803,115.4207894,wgs84
江西省赣州市关西围屋景区,4A,江西,赣州市,于都县,江西省赣州市关西围屋景区,景点景区,国家4A旅游景区。所属地：江西·赣州市·于都县。地址：江西省赣州市关西围屋景区。,25.5646550,115.4297234,wgs84
江西省赣州市五龙客家风情园景区,4A,江西,赣州市,安远县,江西省赣州市五龙客家风情园景区,景点景区,国家4A旅游景区。所属地：江西·赣州市·安远县。地址：江西省赣州市五龙客家风情园景区。,25.4006793,115.5207782,wgs84
江西省赣州市汉仙岩景区,4A,江西,赣州市,会昌县,江西省赣州市汉仙岩景区,景点景区,国家4A旅游景区。所属地：江西·赣州市·会昌县。地址：江西省赣州市汉仙岩景区。,25.1726689,115.7720428,wgs84
江西省赣州市丫山风景区,4A,江西,赣州市,大余县,江西省赣州市丫山风景区,景点景区,国家4A旅游景区。所属地：江西·赣州市·大余县。地址：江西省赣州市丫山风景区。,25.4544131,114.3898626,wgs84
江西省赣州市通天寨景区,4A,江西,赣州市,石城县,江西省赣州市通天寨景区,景点景区,国家4A旅游景区。所属地：江西·赣州市·石城县。地址：江西省赣州市通天寨景区。,26.2725685,116.3617636,wgs84
江西省赣州市翠微峰景区,4A,江西,赣州市,宁都县,江西省赣州市翠微峰景区,景点景区,国家4A旅游景区。所属地：江西·赣州市·宁都县。地址：江西省赣州市翠微峰景区。,26.5092336,115.9810612,wgs84
江西省赣州市阳明湖景区,4A,江西,赣州市,上犹县,江西省赣州市阳明湖景区,景点景区,国家4A旅游景区。所属地：江西·赣州市·上犹县。地址：江西省赣州市阳明湖景区。,25.8316222,114.4043255,wgs84
江西省赣州市兴国苏区干部好作风纪念园,4A,江西,赣州市,兴国县,江西省赣州市兴国苏区干部好作风纪念园,景点景区,国家4A旅游景区。所属地：江西·赣州市·兴国县。地址：江西省赣州市兴国苏区干部好作风纪念园。,26.3100642,115.3355024,wgs84
江西省赣州市于都屏山旅游区,4A,江西,赣州市,于都县,江西省赣州市于都屏山旅游区,景点景区,国家4A旅游景区。所属地：江西·赣州市·于都县。地址：江西省赣州市于都屏山旅游区。,25.7210702,115.4411753,wgs84
江西省赣州市宁都小布镇景区,4A,江西,赣州市,宁都县,江西省赣州市宁都小布镇景区,景点景区,国家4A旅游景区。所属地：江西·赣州市·宁都县。地址：江西省赣州市宁都小布镇景区。,26.7819284,115.8304596,wgs84
江西省赣州市罗汉岩景区,4A,江西,赣州市,瑞金市,江西省赣州市罗汉岩景区,景点景区,国家4A旅游景区。所属地：江西·赣州市·瑞金市。地址：江西省赣州市罗汉岩景区。,26.0009681,116.1660460,wgs84
江西省赣州市虔心小镇景区,4A,江西,赣州市,章贡区,江西省赣州市虔心小镇景区,景点景区,国家4A旅游景区。所属地：江西·赣州市·章贡区。地址：江西省赣州市虔心小镇景区。,25.8460174,114.9264839,wgs84
江西省赣州市东生围景区,4A,江西,赣州市,安远县,江西省赣州市东生围景区,景点景区,国家4A旅游景区。所属地：江西·赣州市·安远县。地址：江西省赣州市东生围景区。,25.0055884,115.3230035,wgs84
江西省赣州市南武当景区,4A,江西,赣州市,龙南市,江西省赣州市南武当景区,景点景区,国家4A旅游景区。所属地：江西·赣州市·龙南市。地址：江西省赣州市南武当景区。,24.6124537,114.7089677,wgs84
江西省赣州市雅溪古村景区,4A,江西,赣州市,全南县,江西省赣州市雅溪古村景区,景点景区,国家4A旅游景区。所属地：江西·赣州市·全南县。地址：江西省赣州市雅溪古村景区。,24.9086661,114.4725467,wgs84
江西省赣州市中国赣南脐橙产业园景区,4A,江西,赣州市,信丰县,江西省赣州市中国赣南脐橙产业园景区,景点景区,国家4A旅游景区。所属地：江西·赣州市·信丰县。地址：江西省赣州市中国赣南脐橙产业园景区。,25.2142865,115.0729856,wgs84
江西省宜春市靖安三爪仑景区,4A,江西,宜春市,靖安县,江西省宜春市靖安三爪仑景区,景点景区,国家4A旅游景区。所属地：江西·宜春市·靖安县。地址：江西省宜春市靖安三爪仑景区。,28.9571435,115.1927268,wgs84
江西省宜春市明月山天沐温泉度假区,4A,江西,宜春市,袁州区,江西省宜春市明月山天沐温泉度假区,景点景区,国家4A旅游景区。所属地：江西·宜春市·袁州区。地址：江西省宜春市明月山天沐温泉度假区。,27.7032480,114.2848136,wgs84
江西省宜春市中部梦幻景区,4A,江西,宜春市,,江西省宜春市中部梦幻景区,景点景区,国家4A旅游景区。所属地：江西·宜春市。地址：江西省宜春市中部梦幻景区。,27.8187194,114.4114676,wgs84
江西省宜春市百丈山景区,4A,江西,宜春市,奉新县,江西省宜春市百丈山景区,景点景区,国家4A旅游景区。所属地：江西·宜春市·奉新县。地址：江西省宜春市百丈山景区。,28.6784648,114.8279144,wgs84
江西省宜春市宜春禅都文化博览园,4A,江西,宜春市,袁州区,江西省宜春市宜春禅都文化博览园,景点景区,国家4A旅游景区。所属地：江西·宜春市·袁州区。地址：江西省宜春市宜春禅都文化博览园。,27.8136091,114.4410183,wgs84
江西省宜春市中国古海养生旅游度假区,4A,江西,宜春市,樟树市,江西省宜春市中国古海养生旅游度假区,景点景区,国家4A旅游景区。所属地：江西·宜春市·樟树市。地址：江西省宜春市中国古海养生旅游度假区。,27.9926517,115.5356912,wgs84
江西省宜春市閤皂山景区,4A,江西,宜春市,樟树市,江西省宜春市閤皂山景区,景点景区,国家4A旅游景区。所属地：江西·宜春市·樟树市。地址：江西省宜春市閤皂山景区。,27.8948444,115.5449620,wgs84
江西省宜春市九天国际生态旅游区,4A,江西,宜春市,袁州区,江西省宜春市九天国际生态旅游区,景点景区,国家4A旅游景区。所属地：江西·宜春市·袁州区。地址：江西省宜春市九天国际生态旅游区。,27.6056858,114.2570920,wgs84
江西省宜春市铜鼓秋收起义纪念地,4A,江西,宜春市,铜鼓县,江西省宜春市铜鼓秋收起义纪念地,景点景区,国家4A旅游景区。所属地：江西·宜春市·铜鼓县。地址：江西省宜春市铜鼓秋收起义纪念地。,28.4103804,114.2135399,wgs84
江西省宜春市铜鼓文旅康养旅游度假区,4A,江西,宜春市,袁州区,江西省宜春市铜鼓文旅康养旅游度假区,景点景区,国家4A旅游景区。所属地：江西·宜春市·袁州区。地址：江西省宜春市铜鼓文旅康养旅游度假区。,27.6918900,114.2854750,wgs84
江西省宜春市万载恒晖艺术农业景区,4A,江西,宜春市,万载县,江西省宜春市万载恒晖艺术农业景区,景点景区,国家4A旅游景区。所属地：江西·宜春市·万载县。地址：江西省宜春市万载恒晖艺术农业景区。,28.2226974,114.4743317,wgs84
江西省宜春市五谷村丛林酒博园景区,4A,江西,宜春市,上高县,江西省宜春市五谷村丛林酒博园景区,景点景区,国家4A旅游景区。所属地：江西·宜春市·上高县。地址：江西省宜春市五谷村丛林酒博园景区。,28.2814232,114.9424002,wgs84
江西省宜春市巴夫洛景区,4A,江西,宜春市,,江西省宜春市巴夫洛景区,景点景区,国家4A旅游景区。所属地：江西·宜春市。地址：江西省宜春市巴夫洛景区。,27.8187194,114.4114676,wgs84
江西省宜春市天柱峰景区,4A,江西,宜春市,铜鼓县,江西省宜春市天柱峰景区,景点景区,国家4A旅游景区。所属地：江西·宜春市·铜鼓县。地址：江西省宜春市天柱峰景区。,28.6362695,114.5370750,wgs84
江西省宜春市万载古城景区,4A,江西,宜春市,万载县,江西省宜春市万载古城景区,景点景区,国家4A旅游景区。所属地：江西·宜春市·万载县。地址：江西省宜春市万载古城景区。,28.1050878,114.4397635,wgs84
江西省宜春市明月千古情景区,4A,江西,宜春市,袁州区,江西省宜春市明月千古情景区,景点景区,国家4A旅游景区。所属地：江西·宜春市·袁州区。地址：江西省宜春市明月千古情景区。,27.7988305,114.4087979,wgs84
江西省宜春市中华传统文化园景区,4A,江西,宜春市,靖安县,江西省宜春市中华传统文化园景区,景点景区,国家4A旅游景区。所属地：江西·宜春市·靖安县。地址：江西省宜春市中华传统文化园景区。,28.9392377,115.4088878,wgs84
江西省宜春市丰城爱情花卉小镇景区,4A,江西,宜春市,丰城市,江西省宜春市丰城爱情花卉小镇景区,景点景区,国家4A旅游景区。所属地：江西·宜春市·丰城市。地址：江西省宜春市丰城爱情花卉小镇景区。,28.1624629,115.7660355,wgs84
江西省宜春市宜春花博园景区,4A,江西,宜春市,袁州区,江西省宜春市宜春花博园景区,景点景区,国家4A旅游景区。所属地：江西·宜春市·袁州区。地址：江西省宜春市宜春花博园景区。,27.8212627,114.3371049,wgs84
江西省宜春市蜂窝农场景区,4A,江西,宜春市,袁州区,江西省宜春市蜂窝农场景区,景点景区,国家4A旅游景区。所属地：江西·宜春市·袁州区。地址：江西省宜春市蜂窝农场景区。,27.8296391,114.4335389,wgs84
江西省上饶市李坑景区,4A,江西,上饶市,婺源县,江西省上饶市李坑景区,景点景区,国家4A旅游景区。所属地：江西·上饶市·婺源县。地址：江西省上饶市李坑景区。,29.3260015,117.9268974,wgs84
江西省上饶市大鄣山卧龙谷,4A,江西,上饶市,婺源县,江西省上饶市大鄣山卧龙谷,景点景区,国家4A旅游景区。所属地：江西·上饶市·婺源县。地址：江西省上饶市大鄣山卧龙谷。,29.5139499,117.7513843,wgs84
江西省上饶市思溪延村景区,4A,江西,上饶市,婺源县,江西省上饶市思溪延村景区,景点景区,国家4A旅游景区。所属地：江西·上饶市·婺源县。地址：江西省上饶市思溪延村景区。,29.3438731,117.8024293,wgs84
江西省上饶市文公山景区,4A,江西,上饶市,婺源县,江西省上饶市文公山景区,景点景区,国家4A旅游景区。所属地：江西·上饶市·婺源县。地址：江西省上饶市文公山景区。,29.1755832,117.7781159,wgs84
江西省上饶市汪口景区,4A,江西,上饶市,婺源县,江西省上饶市汪口景区,景点景区,国家4A旅游景区。所属地：江西·上饶市·婺源县。地址：江西省上饶市汪口景区。,29.3517671,117.9907038,wgs84
江西省上饶市严田景区,4A,江西,上饶市,婺源县,江西省上饶市严田景区,景点景区,国家4A旅游景区。所属地：江西·上饶市·婺源县。地址：江西省上饶市严田景区。,29.3704697,117.6583989,wgs84
江西省上饶市灵岩风景区,4A,江西,上饶市,婺源县,江西省上饶市灵岩风景区,景点景区,国家4A旅游景区。所属地：江西·上饶市·婺源县。地址：江西省上饶市灵岩风景区。,29.4762258,117.6184613,wgs84
江西省上饶市篁岭景区,4A,江西,上饶市,婺源县,江西省上饶市篁岭景区,景点景区,国家4A旅游景区。所属地：江西·上饶市·婺源县。地址：江西省上饶市篁岭景区。,29.3252320,118.1148539,wgs84
江西省上饶市源头古村景区,4A,江西,上饶市,德兴市,江西省上饶市源头古村景区,景点景区,国家4A旅游景区。所属地：江西·上饶市·德兴市。地址：江西省上饶市源头古村景区。,28.9786451,117.9666679,wgs84
江西省上饶市翼天文化旅游城,4A,江西,上饶市,,江西省上饶市翼天文化旅游城,景点景区,国家4A旅游景区。所属地：江西·上饶市。地址：江西省上饶市翼天文化旅游城。,28.4582755,117.9384605,wgs84
江西省上饶市熹园景区,4A,江西,上饶市,婺源县,江西省上饶市熹园景区,景点景区,国家4A旅游景区。所属地：江西·上饶市·婺源县。地址：江西省上饶市熹园景区。,29.2560575,117.8480887,wgs84
江西省上饶市五龙源景区,4A,江西,上饶市,婺源县,江西省上饶市五龙源景区,景点景区,国家4A旅游景区。所属地：江西·上饶市·婺源县。地址：江西省上饶市五龙源景区。,29.4921594,118.0238882,wgs84
江西省上饶市鸳鸯湖景区,4A,江西,上饶市,婺源县,江西省上饶市鸳鸯湖景区,景点景区,国家4A旅游景区。所属地：江西·上饶市·婺源县。地址：江西省上饶市鸳鸯湖景区。,29.3193421,117.5232066,wgs84
江西省上饶市灵山风景名胜区,4A,江西,上饶市,广信区,江西省上饶市灵山风景名胜区,景点景区,国家4A旅游景区。所属地：江西·上饶市·广信区。地址：江西省上饶市灵山风景名胜区。,28.5440966,117.8291787,wgs84
江西省上饶市灵山工匠小镇,4A,江西,上饶市,广信区,江西省上饶市灵山工匠小镇,景点景区,国家4A旅游景区。所属地：江西·上饶市·广信区。地址：江西省上饶市灵山工匠小镇。,28.5757488,117.7616004,wgs84
江西省上饶市望仙峡谷小镇,4A,江西,上饶市,广信区,江西省上饶市望仙峡谷小镇,景点景区,国家4A旅游景区。所属地：江西·上饶市·广信区。地址：江西省上饶市望仙峡谷小镇。,28.6573663,117.8100652,wgs84
江西省上饶市葛仙山景区,4A,江西,上饶市,铅山县,江西省上饶市葛仙山景区,景点景区,国家4A旅游景区。所属地：江西·上饶市·铅山县。地址：江西省上饶市葛仙山景区。,28.0952984,117.6704005,wgs84
江西省上饶市鹅湖书院景区,4A,江西,上饶市,铅山县,江西省上饶市鹅湖书院景区,景点景区,国家4A旅游景区。所属地：江西·上饶市·铅山县。地址：江西省上饶市鹅湖书院景区。,28.2591261,117.8145736,wgs84
江西省上饶市大茅山景区,4A,江西,上饶市,德兴市,江西省上饶市大茅山景区,景点景区,国家4A旅游景区。所属地：江西·上饶市·德兴市。地址：江西省上饶市大茅山景区。,28.8303566,117.7252772,wgs84
江西省上饶市田园牧歌景区,4A,江西,上饶市,玉山县,江西省上饶市田园牧歌景区,景点景区,国家4A旅游景区。所属地：江西·上饶市·玉山县。地址：江西省上饶市田园牧歌景区。,28.9483376,118.0599147,wgs84
江西省上饶市玉帘瀑布景区,4A,江西,上饶市,玉山县,江西省上饶市玉帘瀑布景区,景点景区,国家4A旅游景区。所属地：江西·上饶市·玉山县。地址：江西省上饶市玉帘瀑布景区。,28.9558701,118.0729395,wgs84
江西省上饶市红木文化创意产业园景区,4A,江西,上饶市,,江西省上饶市红木文化创意产业园景区,景点景区,国家4A旅游景区。所属地：江西·上饶市。地址：江西省上饶市红木文化创意产业园景区。,28.4582755,117.9384605,wgs84
江西省上饶市铜钹山景区,4A,江西,上饶市,广丰区,江西省上饶市铜钹山景区,景点景区,国家4A旅游景区。所属地：江西·上饶市·广丰区。地址：江西省上饶市铜钹山景区。,28.0795765,118.2392581,wgs84
江西省上饶市鄱阳湖鄱阳湿地旅游区,4A,江西,上饶市,鄱阳县,江西省上饶市鄱阳湖鄱阳湿地旅游区,景点景区,国家4A旅游景区。所属地：江西·上饶市·鄱阳县。地址：江西省上饶市鄱阳湖鄱阳湿地旅游区。,29.1368481,116.6735228,wgs84
江西省上饶市鄱阳湖大草原景区,4A,江西,上饶市,鄱阳县,江西省上饶市鄱阳湖大草原景区,景点景区,国家4A旅游景区。所属地：江西·上饶市·鄱阳县。地址：江西省上饶市鄱阳湖大草原景区。,29.1188349,116.5469842,wgs84
江西省上饶市神农源风景名胜区,4A,江西,上饶市,玉山县,江西省上饶市神农源风景名胜区,景点景区,国家4A旅游景区。所属地：江西·上饶市·玉山县。地址：江西省上饶市神农源风景名胜区。,28.9255666,118.0897819,wgs84
江西省上饶市葛源景区,4A,江西,上饶市,横峰县,江西省上饶市葛源景区,景点景区,国家4A旅游景区。所属地：江西·上饶市·横峰县。地址：江西省上饶市葛源景区。,28.6028535,117.6646016,wgs84
江西省上饶市上饶集中营,4A,江西,上饶市,信州区,江西省上饶市上饶集中营,景点景区,国家4A旅游景区。所属地：江西·上饶市·信州区。地址：江西省上饶市上饶集中营。,28.4179623,117.9567625,wgs84
江西省上饶市怀玉山景区,4A,江西,上饶市,玉山县,江西省上饶市怀玉山景区,景点景区,国家4A旅游景区。所属地：江西·上饶市·玉山县。地址：江西省上饶市怀玉山景区。,28.8900463,117.9701884,wgs84
江西省上饶市忠义文化园景区,4A,江西,上饶市,余干县,江西省上饶市忠义文化园景区,景点景区,国家4A旅游景区。所属地：江西·上饶市·余干县。地址：江西省上饶市忠义文化园景区。,28.8869467,116.4208432,wgs84
江西省上饶市大明花海景区,4A,江西,上饶市,,江西省上饶市大明花海景区,景点景区,国家4A旅游景区。所属地：江西·上饶市。地址：江西省上饶市大明花海景区。,28.4582755,117.9384605,wgs84
江西省上饶市七里街景区,4A,江西,上饶市,玉山县,江西省上饶市七里街景区,景点景区,国家4A旅游景区。所属地：江西·上饶市·玉山县。地址：江西省上饶市七里街景区。,28.6713471,118.2354456,wgs84
江西省吉安市渼陂古村景区,4A,江西,吉安市,吉安县,江西省吉安市渼陂古村景区,景点景区,国家4A旅游景区。所属地：江西·吉安市·吉安县。地址：江西省吉安市渼陂古村景区。,27.0411528,114.6826043,wgs84
江西省吉安市天祥景区,4A,江西,吉安市,,江西省吉安市天祥景区,景点景区,国家4A旅游景区。所属地：江西·吉安市。地址：江西省吉安市天祥景区。,27.1168105,114.9875429,wgs84
江西省吉安市庐陵文化生态园景区,4A,江西,吉安市,吉州区,江西省吉安市庐陵文化生态园景区,景点景区,国家4A旅游景区。所属地：江西·吉安市·吉州区。地址：江西省吉安市庐陵文化生态园景区。,27.1424057,115.0066244,wgs84
江西省吉安市青原山风景区,4A,江西,吉安市,青原区,江西省吉安市青原山风景区,景点景区,国家4A旅游景区。所属地：江西·吉安市·青原区。地址：江西省吉安市青原山风景区。,27.0577882,115.0406516,wgs84
江西省吉安市钓源古村景区,4A,江西,吉安市,吉州区,江西省吉安市钓源古村景区,景点景区,国家4A旅游景区。所属地：江西·吉安市·吉州区。地址：江西省吉安市钓源古村景区。,27.1919489,114.8422127,wgs84
江西省吉安市陂下古村景区,4A,江西,吉安市,青原区,江西省吉安市陂下古村景区,景点景区,国家4A旅游景区。所属地：江西·吉安市·青原区。地址：江西省吉安市陂下古村景区。,26.8073715,115.2264128,wgs84
江西省吉安市吉州窑景区,4A,江西,吉安市,吉州区,江西省吉安市吉州窑景区,景点景区,国家4A旅游景区。所属地：江西·吉安市·吉州区。地址：江西省吉安市吉州窑景区。,27.1471533,114.9897878,wgs84
江西省吉安市燕坊古村景区,4A,江西,吉安市,吉水县,江西省吉安市燕坊古村景区,景点景区,国家4A旅游景区。所属地：江西·吉安市·吉水县。地址：江西省吉安市燕坊古村景区。,27.2159228,115.0760870,wgs84
江西省吉安市羊狮幕景区,4A,江西,吉安市,,江西省吉安市羊狮幕景区,景点景区,国家4A旅游景区。所属地：江西·吉安市。地址：江西省吉安市羊狮幕景区。,27.1168105,114.9875429,wgs84
江西省吉安市田北农民画村景区,4A,江西,吉安市,万安县,江西省吉安市田北农民画村景区,景点景区,国家4A旅游景区。所属地：江西·吉安市·万安县。地址：江西省吉安市田北农民画村景区。,26.6266106,114.6295851,wgs84
江西省吉安市东固景区,4A,江西,吉安市,青原区,江西省吉安市东固景区,景点景区,国家4A旅游景区。所属地：江西·吉安市·青原区。地址：江西省吉安市东固景区。,26.8164505,115.3199889,wgs84
江西省吉安市永新三湾景区,4A,江西,吉安市,永新县,江西省吉安市永新三湾景区,景点景区,国家4A旅游景区。所属地：江西·吉安市·永新县。地址：江西省吉安市永新三湾景区。,27.0070476,114.4423804,wgs84
江西省抚州市名人雕塑园景区,4A,江西,抚州市,临川区,江西省抚州市名人雕塑园景区,景点景区,国家4A旅游景区。所属地：江西·抚州市·临川区。地址：江西省抚州市名人雕塑园景区。,27.9449429,116.3530015,wgs84
江西省抚州市梦湖景区,4A,江西,抚州市,临川区,江西省抚州市梦湖景区,景点景区,国家4A旅游景区。所属地：江西·抚州市·临川区。地址：江西省抚州市梦湖景区。,27.9796456,116.3416647,wgs84
江西省抚州市南丰桔产业集聚区,4A,江西,抚州市,南丰县,江西省抚州市南丰桔产业集聚区,景点景区,国家4A旅游景区。所属地：江西·抚州市·南丰县。地址：江西省抚州市南丰桔产业集聚区。,27.2341845,116.5219981,wgs84
江西省抚州市流坑古村景区,4A,江西,抚州市,,江西省抚州市流坑古村景区,景点景区,国家4A旅游景区。所属地：江西·抚州市。地址：江西省抚州市流坑古村景区。,27.9523598,116.3531836,wgs84
江西省抚州市源野生态山庄景区,4A,江西,抚州市,,江西省抚州市源野生态山庄景区,景点景区,国家4A旅游景区。所属地：江西·抚州市。地址：江西省抚州市源野生态山庄景区。,27.9523598,116.3531836,wgs84
江西省抚州市金溪竹桥古村景区,4A,江西,抚州市,金溪县,江西省抚州市金溪竹桥古村景区,景点景区,国家4A旅游景区。所属地：江西·抚州市·金溪县。地址：江西省抚州市金溪竹桥古村景区。,27.9979528,116.7556251,wgs84
江西省抚州市曹山景区,4A,江西,抚州市,宜黄县,江西省抚州市曹山景区,景点景区,国家4A旅游景区。所属地：江西·抚州市·宜黄县。地址：江西省抚州市曹山景区。,27.5557889,116.1204785,wgs84
江西省抚州市南城麻姑山景区,4A,江西,抚州市,南城县,江西省抚州市南城麻姑山景区,景点景区,国家4A旅游景区。所属地：江西·抚州市·南城县。地址：江西省抚州市南城麻姑山景区。,27.5378599,116.5665501,wgs84
江西省抚州市中国莲花景区,4A,江西,抚州市,广昌县,江西省抚州市中国莲花景区,景点景区,国家4A旅游景区。所属地：江西·抚州市·广昌县。地址：江西省抚州市中国莲花景区。,26.5462275,116.3093969,wgs84
江西省抚州市黎川古城景区,4A,江西,抚州市,黎川县,江西省抚州市黎川古城景区,景点景区,国家4A旅游景区。所属地：江西·抚州市·黎川县。地址：江西省抚州市黎川古城景区。,27.2889916,116.9152703,wgs84
江西省抚州市佛岭国际公园,4A,江西,抚州市,东乡区,江西省抚州市佛岭国际公园,景点景区,国家4A旅游景区。所属地：江西·抚州市·东乡区。地址：江西省抚州市佛岭国际公园。,28.2156783,116.6106370,wgs84
江西省抚州市三翁花园,4A,江西,抚州市,临川区,江西省抚州市三翁花园,景点景区,国家4A旅游景区。所属地：江西·抚州市·临川区。地址：江西省抚州市三翁花园。,27.9376372,116.3480459,wgs84
江西省抚州市金竹飞瀑景区,4A,江西,抚州市,资溪县,江西省抚州市金竹飞瀑景区,景点景区,国家4A旅游景区。所属地：江西·抚州市·资溪县。地址：江西省抚州市金竹飞瀑景区。,27.7160353,116.8965195,wgs84
江西省抚州市临川灵谷峰,4A,江西,抚州市,临川区,江西省抚州市临川灵谷峰,景点景区,国家4A旅游景区。所属地：江西·抚州市·临川区。地址：江西省抚州市临川灵谷峰。,27.9615750,116.4770679,wgs84
江西省抚州市资溪御龙湾景区,4A,江西,抚州市,资溪县,江西省抚州市资溪御龙湾景区,景点景区,国家4A旅游景区。所属地：江西·抚州市·资溪县。地址：江西省抚州市资溪御龙湾景区。,27.8292040,117.1208762,wgs84
江西省抚州市文昌里景区,4A,江西,抚州市,临川区,江西省抚州市文昌里景区,景点景区,国家4A旅游景区。所属地：江西·抚州市·临川区。地址：江西省抚州市文昌里景区。,27.9708468,116.3754849,wgs84
江西省抚州市同胜九曲东黎景区,4A,江西,抚州市,,江西省抚州市同胜九曲东黎景区,景点景区,国家4A旅游景区。所属地：江西·抚州市。地址：江西省抚州市同胜九曲东黎景区。,27.9523598,116.3531836,wgs84
天下第一泉,5A,山东,济南市,历下区,山东济南天下第一泉,景点景区,国家5A旅游景区。所属地：山东·济南市·历下区。地址：山东济南天下第一泉。,36.6607905,117.0099265,wgs84
崂山风景区,5A,山东,青岛市,崂山区,山东青岛崂山风景区,景点景区,国家5A旅游景区。所属地：山东·青岛市·崂山区。地址：山东青岛崂山风景区。,36.1840948,120.6393606,wgs84
台儿庄古城景区,5A,山东,枣庄市,台儿庄区,山东枣庄台儿庄古城景区,景点景区,国家5A旅游景区。所属地：山东·枣庄市·台儿庄区。地址：山东枣庄台儿庄古城景区。,34.5570932,117.7339199,wgs84
黄河口生态旅游区,5A,山东,东营市,垦利区,山东东营黄河口生态旅游区,景点景区,国家5A旅游景区。所属地：山东·东营市·垦利区。地址：山东东营黄河口生态旅游区。,37.7600295,118.9857143,wgs84
烟台市龙口南山景区,5A,山东,烟台市,龙口市,山东烟台烟台市龙口南山景区,景点景区,国家5A旅游景区。所属地：山东·烟台市·龙口市。地址：山东烟台烟台市龙口南山景区。,37.5766981,120.4679744,wgs84
烟台市蓬莱阁（三仙山·八仙过海）旅游区,5A,山东,烟台市,蓬莱区,山东烟台烟台市蓬莱阁（三仙山·八仙过海）旅游区,景点景区,国家5A旅游景区。所属地：山东·烟台市·蓬莱区。地址：山东烟台烟台市蓬莱阁（三仙山·八仙过海）旅游区。,37.8209689,120.7789948,wgs84
青州古城旅游区,5A,山东,潍坊市,青州市,山东潍坊青州古城旅游区,景点景区,国家5A旅游景区。所属地：山东·潍坊市·青州市。地址：山东潍坊青州古城旅游区。,36.6810488,118.4733143,wgs84
济宁市曲阜明故城（三孔）旅游区,5A,山东,济宁市,曲阜市,山东济宁济宁市曲阜明故城（三孔）旅游区,景点景区,国家5A旅游景区。所属地：山东·济宁市·曲阜市。地址：山东济宁济宁市曲阜明故城（三孔）旅游区。,35.5943351,116.9893760,wgs84
泰山景区,5A,山东,泰安市,泰山区,山东泰安泰山景区,景点景区,国家5A旅游景区。所属地：山东·泰安市·泰山区。地址：山东泰安泰山景区。,36.1918532,117.1292854,wgs84
威海市刘公岛景区,5A,山东,威海市,环翠区,山东威海威海市刘公岛景区,景点景区,国家5A旅游景区。所属地：山东·威海市·环翠区。地址：山东威海威海市刘公岛景区。,37.5027798,122.1836005,wgs84
威海华夏城景区,5A,山东,威海市,环翠区,山东威海威海华夏城景区,景点景区,国家5A旅游景区。所属地：山东·威海市·环翠区。地址：山东威海威海华夏城景区。,37.4230772,122.1088090,wgs84
沂蒙山旅游区,5A,山东,临沂市,蒙阴县,山东临沂/潍坊沂蒙山旅游区,景点景区,国家5A旅游景区。所属地：山东·临沂市·蒙阴县。地址：山东临沂/潍坊沂蒙山旅游区。,35.5611953,117.9723936,wgs84
临沂市萤火虫水洞·地下大峡谷旅游区,5A,山东,临沂市,沂水县,山东临沂临沂市萤火虫水洞·地下大峡谷旅游区,景点景区,国家5A旅游景区。所属地：山东·临沂市·沂水县。地址：山东临沂临沂市萤火虫水洞·地下大峡谷旅游区。,35.7254938,118.5493631,wgs84
微山湖旅游区,5A,山东,济宁市,曲阜市,山东济宁微山湖旅游区,景点景区,国家5A旅游景区。所属地：山东·济宁市·曲阜市。地址：山东济宁微山湖旅游区。,35.5943351,116.9893760,wgs84
济南千佛山风景名胜区,4A,山东,济南市,历下区,山东济南济南千佛山风景名胜区,景点景区,国家4A旅游景区。所属地：山东·济南市·历下区。地址：山东济南济南千佛山风景名胜区。,36.6388104,117.0303049,wgs84
济南方特东方神画主题乐园,4A,山东,济南市,槐荫区,山东济南济南方特东方神画主题乐园,景点景区,国家4A旅游景区。所属地：山东·济南市·槐荫区。地址：山东济南济南方特东方神画主题乐园。,36.7057237,116.8731517,wgs84
济南市长清区灵岩寺旅游区,4A,山东,济南市,长清区,山东济南济南市长清区灵岩寺旅游区,景点景区,国家4A旅游景区。所属地：山东·济南市·长清区。地址：山东济南济南市长清区灵岩寺旅游区。,36.3623309,116.9782131,wgs84
济南国际园博园,4A,山东,济南市,长清区,山东济南济南国际园博园,景点景区,国家4A旅游景区。所属地：山东·济南市·长清区。地址：山东济南济南国际园博园。,36.5383719,116.8031998,wgs84
济南野生动物世界,4A,山东,济南市,章丘区,山东济南济南野生动物世界,景点景区,国家4A旅游景区。所属地：山东·济南市·章丘区。地址：山东济南济南野生动物世界。,36.6176706,117.4639946,wgs84
百脉泉公园,4A,山东,济南市,章丘区,山东济南百脉泉公园,景点景区,国家4A旅游景区。所属地：山东·济南市·章丘区。地址：山东济南百脉泉公园。,36.7150369,117.5320081,wgs84
济南植物园,4A,山东,济南市,章丘区,山东济南济南植物园,景点景区,国家4A旅游景区。所属地：山东·济南市·章丘区。地址：山东济南济南植物园。,36.6164001,117.4531179,wgs84
朱家峪旅游区,4A,山东,济南市,长清区,山东济南朱家峪旅游区,景点景区,国家4A旅游景区。所属地：山东·济南市·长清区。地址：山东济南朱家峪旅游区。,36.3624192,116.9748946,wgs84
房干生态景区,4A,山东,济南市,莱芜区,山东济南房干生态景区,景点景区,国家4A旅游景区。所属地：山东·济南市·莱芜区。地址：山东济南房干生态景区。,36.4310095,117.4401968,wgs84
莱芜战役纪念馆,4A,山东,济南市,市中区,山东济南莱芜战役纪念馆,景点景区,国家4A旅游景区。所属地：山东·济南市·市中区。地址：山东济南莱芜战役纪念馆。,36.6400697,116.9955013,wgs84
济南市香山旅游区,4A,山东,济南市,长清区,山东济南济南市香山旅游区,景点景区,国家4A旅游景区。所属地：山东·济南市·长清区。地址：山东济南济南市香山旅游区。,36.3624192,116.9748946,wgs84
红叶谷生态文化旅游区,4A,山东,济南市,历城区,山东济南红叶谷生态文化旅游区,景点景区,国家4A旅游景区。所属地：山东·济南市·历城区。地址：山东济南红叶谷生态文化旅游区。,36.4897443,117.1600050,wgs84
九如山瀑布群风景区,4A,山东,济南市,历城区,山东济南九如山瀑布群风景区,景点景区,国家4A旅游景区。所属地：山东·济南市·历城区。地址：山东济南九如山瀑布群风景区。,36.4913101,117.2602737,wgs84
金象山乐园,4A,山东,济南市,历城区,山东济南金象山乐园,景点景区,国家4A旅游景区。所属地：山东·济南市·历城区。地址：山东济南金象山乐园。,36.4764515,117.1064082,wgs84
济南九顶塔中华民族欢乐园,4A,山东,济南市,历下区,山东济南济南九顶塔中华民族欢乐园,景点景区,国家4A旅游景区。所属地：山东·济南市·历下区。地址：山东济南济南九顶塔中华民族欢乐园。,36.6532222,117.0078752,wgs84
百脉泉酒文化旅游区,4A,山东,济南市,章丘区,山东济南百脉泉酒文化旅游区,景点景区,国家4A旅游景区。所属地：山东·济南市·章丘区。地址：山东济南百脉泉酒文化旅游区。,36.7164367,117.5669516,wgs84
宏济堂中医药文化旅游景区,4A,山东,济南市,历下区,山东济南宏济堂中医药文化旅游景区,景点景区,国家4A旅游景区。所属地：山东·济南市·历下区。地址：山东济南宏济堂中医药文化旅游景区。,36.6618768,117.0656435,wgs84
印象济南·泉世界旅游景区,4A,山东,济南市,槐荫区,山东济南印象济南·泉世界旅游景区,景点景区,国家4A旅游景区。所属地：山东·济南市·槐荫区。地址：山东济南印象济南·泉世界旅游景区。,36.6774431,116.9033337,wgs84
海滨风景区,4A,山东,青岛市,市南区,山东青岛海滨风景区,景点景区,国家4A旅游景区。所属地：山东·青岛市·市南区。地址：山东青岛海滨风景区。,36.0601394,120.3233717,wgs84
海底世界,4A,山东,青岛市,市南区,山东青岛海底世界,景点景区,国家4A旅游景区。所属地：山东·青岛市·市南区。地址：山东青岛海底世界。,36.0567252,120.3306320,wgs84
青岛银海国际游艇俱乐部,4A,山东,青岛市,市南区,山东青岛青岛银海国际游艇俱乐部,景点景区,国家4A旅游景区。所属地：山东·青岛市·市南区。地址：山东青岛青岛银海国际游艇俱乐部。,36.0570048,120.4174997,wgs84
奥帆中心,4A,山东,青岛市,市南区,山东青岛奥帆中心,景点景区,国家4A旅游景区。所属地：山东·青岛市·市南区。地址：山东青岛奥帆中心。,36.0550468,120.3914996,wgs84
青岛啤酒博物馆,4A,山东,青岛市,市北区,山东青岛青岛啤酒博物馆,景点景区,国家4A旅游景区。所属地：山东·青岛市·市北区。地址：山东青岛青岛啤酒博物馆。,36.0786523,120.3417106,wgs84
青岛葡萄酒博物馆,4A,山东,青岛市,市北区,山东青岛青岛葡萄酒博物馆,景点景区,国家4A旅游景区。所属地：山东·青岛市·市北区。地址：山东青岛青岛葡萄酒博物馆。,36.0723029,120.3427467,wgs84
青岛世界园艺博览园,4A,山东,青岛市,,山东青岛青岛世界园艺博览园,景点景区,国家4A旅游景区。所属地：山东·青岛市。地址：山东青岛青岛世界园艺博览园。,36.0668105,120.3775085,wgs84
青岛极地海洋世界,4A,山东,青岛市,崂山区,山东青岛青岛极地海洋世界,景点景区,国家4A旅游景区。所属地：山东·青岛市·崂山区。地址：山东青岛青岛极地海洋世界。,36.0684836,120.4355835,wgs84
华东葡萄酒庄园,4A,山东,青岛市,城阳区,山东青岛华东葡萄酒庄园,景点景区,国家4A旅游景区。所属地：山东·青岛市·城阳区。地址：山东青岛华东葡萄酒庄园。,36.2325873,120.4189104,wgs84
石老人观光园,4A,山东,青岛市,崂山区,山东青岛石老人观光园,景点景区,国家4A旅游景区。所属地：山东·青岛市·崂山区。地址：山东青岛石老人观光园。,36.0954878,120.5035743,wgs84
青岛奥林匹克雕塑文化园,4A,山东,青岛市,城阳区,山东青岛青岛奥林匹克雕塑文化园,景点景区,国家4A旅游景区。所属地：山东·青岛市·城阳区。地址：山东青岛青岛奥林匹克雕塑文化园。,36.2855614,120.3900255,wgs84
方特梦幻王国,4A,山东,青岛市,城阳区,山东青岛方特梦幻王国,景点景区,国家4A旅游景区。所属地：山东·青岛市·城阳区。地址：山东青岛方特梦幻王国。,36.2088523,120.2761868,wgs84
金沙滩景区,4A,山东,青岛市,黄岛区,山东青岛金沙滩景区,景点景区,国家4A旅游景区。所属地：山东·青岛市·黄岛区。地址：山东青岛金沙滩景区。,35.9550461,120.2376312,wgs84
大珠山风景名胜区,4A,山东,青岛市,黄岛区,山东青岛大珠山风景名胜区,景点景区,国家4A旅游景区。所属地：山东·青岛市·黄岛区。地址：山东青岛大珠山风景名胜区。,35.7822792,119.9797204,wgs84
琅琊台风景区,4A,山东,青岛市,黄岛区,山东青岛琅琊台风景区,景点景区,国家4A旅游景区。所属地：山东·青岛市·黄岛区。地址：山东青岛琅琊台风景区。,35.6553179,119.9041647,wgs84
珠山国家森林公园,4A,山东,青岛市,黄岛区,山东青岛珠山国家森林公园,景点景区,国家4A旅游景区。所属地：山东·青岛市·黄岛区。地址：山东青岛珠山国家森林公园。,35.9834544,120.0582842,wgs84
灵山湾城市休闲旅游区,4A,山东,青岛市,黄岛区,山东青岛灵山湾城市休闲旅游区,景点景区,国家4A旅游景区。所属地：山东·青岛市·黄岛区。地址：山东青岛灵山湾城市休闲旅游区。,35.9092666,119.8402901,wgs84
青岛森林野生动物世界,4A,山东,青岛市,黄岛区,山东青岛青岛森林野生动物世界,景点景区,国家4A旅游景区。所属地：山东·青岛市·黄岛区。地址：山东青岛青岛森林野生动物世界。,35.9816616,120.0530014,wgs84
青岛滨海学院世界动物自然生态博物馆,4A,山东,青岛市,黄岛区,山东青岛青岛滨海学院世界动物自然生态博物馆,景点景区,国家4A旅游景区。所属地：山东·青岛市·黄岛区。地址：山东青岛青岛滨海学院世界动物自然生态博物馆。,35.9826538,120.1635823,wgs84
藏马山景区,4A,山东,青岛市,黄岛区,山东青岛藏马山景区,景点景区,国家4A旅游景区。所属地：山东·青岛市·黄岛区。地址：山东青岛藏马山景区。,35.8027602,119.7633307,wgs84
天泰温泉度假区,4A,山东,青岛市,即墨区,山东青岛天泰温泉度假区,景点景区,国家4A旅游景区。所属地：山东·青岛市·即墨区。地址：山东青岛天泰温泉度假区。,36.4295678,120.6473332,wgs84
玫瑰小镇,4A,山东,青岛市,即墨区,山东青岛玫瑰小镇,景点景区,国家4A旅游景区。所属地：山东·青岛市·即墨区。地址：山东青岛玫瑰小镇。,36.3973249,120.4434572,wgs84
少海风景区,4A,山东,青岛市,胶州市,山东青岛少海风景区,景点景区,国家4A旅游景区。所属地：山东·青岛市·胶州市。地址：山东青岛少海风景区。,36.2499739,120.0777197,wgs84
茶山风景区,4A,山东,青岛市,平度市,山东青岛茶山风景区,景点景区,国家4A旅游景区。所属地：山东·青岛市·平度市。地址：山东青岛茶山风景区。,36.9283271,119.9811547,wgs84
蓝树谷青少年世博园景区,4A,山东,青岛市,黄岛区,山东青岛蓝树谷青少年世博园景区,景点景区,国家4A旅游景区。所属地：山东·青岛市·黄岛区。地址：山东青岛蓝树谷青少年世博园景区。,35.9574709,120.2384851,wgs84
中国陶瓷琉璃馆,4A,山东,淄博市,张店区,山东淄博中国陶瓷琉璃馆,景点景区,国家4A旅游景区。所属地：山东·淄博市·张店区。地址：山东淄博中国陶瓷琉璃馆。,36.7904076,117.9901809,wgs84
聊斋城景区,4A,山东,淄博市,淄川区,山东淄博聊斋城景区,景点景区,国家4A旅游景区。所属地：山东·淄博市·淄川区。地址：山东淄博聊斋城景区。,36.6289540,118.0071853,wgs84
潭溪山旅游区,4A,山东,淄博市,淄川区,山东淄博潭溪山旅游区,景点景区,国家4A旅游景区。所属地：山东·淄博市·淄川区。地址：山东淄博潭溪山旅游区。,36.4925533,118.1938318,wgs84
齐山风景区,4A,山东,淄博市,淄川区,山东淄博齐山风景区,景点景区,国家4A旅游景区。所属地：山东·淄博市·淄川区。地址：山东淄博齐山风景区。,36.5147956,118.1808852,wgs84
原山国家森林公园,4A,山东,淄博市,博山区,山东淄博原山国家森林公园,景点景区,国家4A旅游景区。所属地：山东·淄博市·博山区。地址：山东淄博原山国家森林公园。,36.4854401,117.8491411,wgs84
鲁山国家森林公园,4A,山东,淄博市,博山区,山东淄博鲁山国家森林公园,景点景区,国家4A旅游景区。所属地：山东·淄博市·博山区。地址：山东淄博鲁山国家森林公园。,36.4810035,117.8441897,wgs84
开元溶洞,4A,山东,淄博市,博山区,山东淄博开元溶洞,景点景区,国家4A旅游景区。所属地：山东·淄博市·博山区。地址：山东淄博开元溶洞。,36.4095372,118.0338545,wgs84
博山陶瓷琉璃艺术中心,4A,山东,淄博市,博山区,山东淄博博山陶瓷琉璃艺术中心,景点景区,国家4A旅游景区。所属地：山东·淄博市·博山区。地址：山东淄博博山陶瓷琉璃艺术中心。,36.4887539,117.8464688,wgs84
中国古车馆·太公生态文化旅游区,4A,山东,淄博市,临淄区,山东淄博中国古车馆·太公生态文化旅游区,景点景区,国家4A旅游景区。所属地：山东·淄博市·临淄区。地址：山东淄博中国古车馆·太公生态文化旅游区。,36.8350285,118.3748295,wgs84
周村古商城,4A,山东,淄博市,周村区,山东淄博周村古商城,景点景区,国家4A旅游景区。所属地：山东·淄博市·周村区。地址：山东淄博周村古商城。,36.7980446,117.8363401,wgs84
王渔洋故里景区,4A,山东,淄博市,桓台县,山东淄博王渔洋故里景区,景点景区,国家4A旅游景区。所属地：山东·淄博市·桓台县。地址：山东淄博王渔洋故里景区。,36.9498833,117.9349612,wgs84
国井酒文化博览园,4A,山东,淄博市,高青县,山东淄博国井酒文化博览园,景点景区,国家4A旅游景区。所属地：山东·淄博市·高青县。地址：山东淄博国井酒文化博览园。,37.1616625,117.8328190,wgs84
沂源鲁山溶洞群风景区,4A,山东,淄博市,沂源县,山东淄博沂源鲁山溶洞群风景区,景点景区,国家4A旅游景区。所属地：山东·淄博市·沂源县。地址：山东淄博沂源鲁山溶洞群风景区。,36.2674263,118.0662341,wgs84
天鹅湖国际慢城景区,4A,山东,淄博市,高青县,山东淄博天鹅湖国际慢城景区,景点景区,国家4A旅游景区。所属地：山东·淄博市·高青县。地址：山东淄博天鹅湖国际慢城景区。,37.2461550,117.8791014,wgs84
枣庄抱犊崮国家森林公园,4A,山东,枣庄市,山亭区,山东枣庄枣庄抱犊崮国家森林公园,景点景区,国家4A旅游景区。所属地：山东·枣庄市·山亭区。地址：山东枣庄枣庄抱犊崮国家森林公园。,34.9823940,117.7156563,wgs84
枣庄冠世榴园风景区,4A,山东,枣庄市,峄城区,山东枣庄枣庄冠世榴园风景区,景点景区,国家4A旅游景区。所属地：山东·枣庄市·峄城区。地址：山东枣庄枣庄冠世榴园风景区。,34.7801534,117.5383101,wgs84
滕州微山湖湿地红荷景区,4A,山东,枣庄市,滕州市,山东枣庄滕州微山湖湿地红荷景区,景点景区,国家4A旅游景区。所属地：山东·枣庄市·滕州市。地址：山东枣庄滕州微山湖湿地红荷景区。,35.1194393,116.8398242,wgs84
山东盈泰生态温泉度假村,4A,山东,枣庄市,滕州市,山东枣庄山东盈泰生态温泉度假村,景点景区,国家4A旅游景区。所属地：山东·枣庄市·滕州市。地址：山东枣庄山东盈泰生态温泉度假村。,35.0402422,117.1467316,wgs84
台儿庄大战纪念馆景区,4A,山东,枣庄市,台儿庄区,山东枣庄台儿庄大战纪念馆景区,景点景区,国家4A旅游景区。所属地：山东·枣庄市·台儿庄区。地址：山东枣庄台儿庄大战纪念馆景区。,34.5589569,117.7247826,wgs84
枣庄市山亭汉诺庄园景区,4A,山东,枣庄市,山亭区,山东枣庄枣庄市山亭汉诺庄园景区,景点景区,国家4A旅游景区。所属地：山东·枣庄市·山亭区。地址：山东枣庄枣庄市山亭汉诺庄园景区。,35.0955299,117.4692643,wgs84
枣庄市熊耳山景区,4A,山东,枣庄市,台儿庄区,山东枣庄枣庄市熊耳山景区,景点景区,国家4A旅游景区。所属地：山东·枣庄市·台儿庄区。地址：山东枣庄枣庄市熊耳山景区。,34.5638375,117.7301102,wgs84
枣庄市月亮湾旅游区,4A,山东,枣庄市,山亭区,山东枣庄枣庄市月亮湾旅游区,景点景区,国家4A旅游景区。所属地：山东·枣庄市·山亭区。地址：山东枣庄枣庄市月亮湾旅游区。,35.1000863,117.4554386,wgs84
枣庄仙坛山旅游区,4A,山东,枣庄市,市中区,山东枣庄枣庄仙坛山旅游区,景点景区,国家4A旅游景区。所属地：山东·枣庄市·市中区。地址：山东枣庄枣庄仙坛山旅游区。,34.7766849,117.6042641,wgs84
翼云石头部落旅游区,4A,山东,枣庄市,山亭区,山东枣庄翼云石头部落旅游区,景点景区,国家4A旅游景区。所属地：山东·枣庄市·山亭区。地址：山东枣庄翼云石头部落旅游区。,35.1109639,117.4965633,wgs84
铁道游击队景区,4A,山东,枣庄市,薛城区,山东枣庄铁道游击队景区,景点景区,国家4A旅游景区。所属地：山东·枣庄市·薛城区。地址：山东枣庄铁道游击队景区。,34.7904533,117.2795098,wgs84
孙子文化旅游度假区,4A,山东,东营市,东营区,山东东营孙子文化旅游度假区,景点景区,国家4A旅游景区。所属地：山东·东营市·东营区。地址：山东东营孙子文化旅游度假区。,37.4054314,118.5798670,wgs84
红色刘集旅游景区,4A,山东,东营市,东营区,山东东营红色刘集旅游景区,景点景区,国家4A旅游景区。所属地：山东·东营市·东营区。地址：山东东营红色刘集旅游景区。,37.3862396,118.3526235,wgs84
天宁寺文化旅游区,4A,山东,东营市,垦利区,山东东营天宁寺文化旅游区,景点景区,国家4A旅游景区。所属地：山东·东营市·垦利区。地址：山东东营天宁寺文化旅游区。,37.5708215,118.4172469,wgs84
揽翠湖旅游度假区,4A,山东,东营市,东营区,山东东营揽翠湖旅游度假区,景点景区,国家4A旅游景区。所属地：山东·东营市·东营区。地址：山东东营揽翠湖旅游度假区。,37.4130437,118.5859669,wgs84
黄河三角洲动物园,4A,山东,东营市,东营区,山东东营黄河三角洲动物园,景点景区,国家4A旅游景区。所属地：山东·东营市·东营区。地址：山东东营黄河三角洲动物园。,37.4194486,118.5912234,wgs84
孤岛槐树林温泉旅游区,4A,山东,东营市,河口区,山东东营孤岛槐树林温泉旅游区,景点景区,国家4A旅游景区。所属地：山东·东营市·河口区。地址：山东东营孤岛槐树林温泉旅游区。,37.9044947,118.8188953,wgs84
东营红滩湿地旅游区,4A,山东,东营市,东营区,山东东营东营红滩湿地旅游区,景点景区,国家4A旅游景区。所属地：山东·东营市·东营区。地址：山东东营东营红滩湿地旅游区。,37.4483687,118.5766183,wgs84
河口区鸣翠湖湿地风景区,4A,山东,东营市,河口区,山东东营河口区鸣翠湖湿地风景区,景点景区,国家4A旅游景区。所属地：山东·东营市·河口区。地址：山东东营河口区鸣翠湖湿地风景区。,37.8824451,118.5048497,wgs84
张裕酒文化博物馆,4A,山东,烟台市,芝罘区,山东烟台张裕酒文化博物馆,景点景区,国家4A旅游景区。所属地：山东·烟台市·芝罘区。地址：山东烟台张裕酒文化博物馆。,37.5406216,121.4003448,wgs84
烟台金沙滩海滨公园,4A,山东,烟台市,福山区,山东烟台烟台金沙滩海滨公园,景点景区,国家4A旅游景区。所属地：山东·烟台市·福山区。地址：山东烟台烟台金沙滩海滨公园。,37.5151798,121.2784942,wgs84
蓬莱海洋极地世界,4A,山东,烟台市,蓬莱区,山东烟台蓬莱海洋极地世界,景点景区,国家4A旅游景区。所属地：山东·烟台市·蓬莱区。地址：山东烟台蓬莱海洋极地世界。,37.8251121,120.7416761,wgs84
牟氏庄园,4A,山东,烟台市,栖霞市,山东烟台牟氏庄园,景点景区,国家4A旅游景区。所属地：山东·烟台市·栖霞市。地址：山东烟台牟氏庄园。,37.3184818,120.8292562,wgs84
养马岛旅游度假区,4A,山东,烟台市,牟平区,山东烟台养马岛旅游度假区,景点景区,国家4A旅游景区。所属地：山东·烟台市·牟平区。地址：山东烟台养马岛旅游度假区。,37.4543375,121.6065535,wgs84
烟台山景区,4A,山东,烟台市,芝罘区,山东烟台烟台山景区,景点景区,国家4A旅游景区。所属地：山东·烟台市·芝罘区。地址：山东烟台烟台山景区。,37.5473112,121.3965588,wgs84
烟台张裕国际葡萄酒城,4A,山东,烟台市,福山区,山东烟台烟台张裕国际葡萄酒城,景点景区,国家4A旅游景区。所属地：山东·烟台市·福山区。地址：山东烟台烟台张裕国际葡萄酒城。,37.5747808,121.1733853,wgs84
艾山温泉度假村,4A,山东,烟台市,栖霞市,山东烟台艾山温泉度假村,景点景区,国家4A旅游景区。所属地：山东·烟台市·栖霞市。地址：山东烟台艾山温泉度假村。,37.4112904,120.8176479,wgs84
君顶酒庄,4A,山东,烟台市,蓬莱区,山东烟台君顶酒庄,景点景区,国家4A旅游景区。所属地：山东·烟台市·蓬莱区。地址：山东烟台君顶酒庄。,37.7465526,120.8328746,wgs84
海阳旅游度假区,4A,山东,烟台市,海阳市,山东烟台海阳旅游度假区,景点景区,国家4A旅游景区。所属地：山东·烟台市·海阳市。地址：山东烟台海阳旅游度假区。,36.6906168,121.2029503,wgs84
招远罗山黄金文化旅游区,4A,山东,烟台市,招远市,山东烟台招远罗山黄金文化旅游区,景点景区,国家4A旅游景区。所属地：山东·烟台市·招远市。地址：山东烟台招远罗山黄金文化旅游区。,37.4347045,120.4774022,wgs84
昆嵛山国家森林公园,4A,山东,烟台市,牟平区,山东烟台昆嵛山国家森林公园,景点景区,国家4A旅游景区。所属地：山东·烟台市·牟平区。地址：山东烟台昆嵛山国家森林公园。,37.9444075,120.7376081,wgs84
烟台市长岛旅游景区,4A,山东,烟台市,蓬莱区,山东烟台烟台市长岛旅游景区,景点景区,国家4A旅游景区。所属地：山东·烟台市·蓬莱区。地址：山东烟台烟台市长岛旅游景区。,37.9205554,120.7315908,wgs84
烟台市大基山旅游景区,4A,山东,烟台市,莱州市,山东烟台烟台市大基山旅游景区,景点景区,国家4A旅游景区。所属地：山东·烟台市·莱州市。地址：山东烟台烟台市大基山旅游景区。,37.1548728,120.0352019,wgs84
烟台磁山温泉小镇,4A,山东,烟台市,福山区,山东烟台烟台磁山温泉小镇,景点景区,国家4A旅游景区。所属地：山东·烟台市·福山区。地址：山东烟台烟台磁山温泉小镇。,37.5529378,121.0724694,wgs84
烟台海昌渔人码头旅游景区,4A,山东,烟台市,莱山区,山东烟台烟台海昌渔人码头旅游景区,景点景区,国家4A旅游景区。所属地：山东·烟台市·莱山区。地址：山东烟台烟台海昌渔人码头旅游景区。,37.5193013,121.4448918,wgs84
栖霞太虚宫景区,4A,山东,烟台市,栖霞市,山东烟台栖霞太虚宫景区,景点景区,国家4A旅游景区。所属地：山东·烟台市·栖霞市。地址：山东烟台栖霞太虚宫景区。,37.3419556,120.8316272,wgs84
烟台蓬莱欧乐堡梦幻世界,4A,山东,烟台市,蓬莱区,山东烟台烟台蓬莱欧乐堡梦幻世界,景点景区,国家4A旅游景区。所属地：山东·烟台市·蓬莱区。地址：山东烟台烟台蓬莱欧乐堡梦幻世界。,37.8160540,120.7850538,wgs84
烟台市崑龙温泉景区,4A,山东,烟台市,招远市,山东烟台烟台市崑龙温泉景区,景点景区,国家4A旅游景区。所属地：山东·烟台市·招远市。地址：山东烟台烟台市崑龙温泉景区。,37.3619697,120.4297027,wgs84
长岛大黑山岛景区,4A,山东,烟台市,蓬莱区,山东烟台长岛大黑山岛景区,景点景区,国家4A旅游景区。所属地：山东·烟台市·蓬莱区。地址：山东烟台长岛大黑山岛景区。,37.9658975,120.6132822,wgs84
青州泰和山风景区,4A,山东,潍坊市,青州市,山东潍坊青州泰和山风景区,景点景区,国家4A旅游景区。所属地：山东·潍坊市·青州市。地址：山东潍坊青州泰和山风景区。,36.5346083,118.2530208,wgs84
青州九龙峪景区,4A,山东,潍坊市,青州市,山东潍坊青州九龙峪景区,景点景区,国家4A旅游景区。所属地：山东·潍坊市·青州市。地址：山东潍坊青州九龙峪景区。,36.5669008,118.4919697,wgs84
潍坊杨家埠民间艺术大观园景区,4A,山东,潍坊市,寒亭区,山东潍坊潍坊杨家埠民间艺术大观园景区,景点景区,国家4A旅游景区。所属地：山东·潍坊市·寒亭区。地址：山东潍坊潍坊杨家埠民间艺术大观园景区。,36.7666553,119.2154766,wgs84
安丘青云山民俗游乐园,4A,山东,潍坊市,安丘市,山东潍坊安丘青云山民俗游乐园,景点景区,国家4A旅游景区。所属地：山东·潍坊市·安丘市。地址：山东潍坊安丘青云山民俗游乐园。,36.4371669,119.2387305,wgs84
安丘景芝酒之城景区,4A,山东,潍坊市,安丘市,山东潍坊安丘景芝酒之城景区,景点景区,国家4A旅游景区。所属地：山东·潍坊市·安丘市。地址：山东潍坊安丘景芝酒之城景区。,36.3110326,119.3957905,wgs84
安丘齐鲁酒地,4A,山东,潍坊市,安丘市,山东潍坊安丘齐鲁酒地,景点景区,国家4A旅游景区。所属地：山东·潍坊市·安丘市。地址：山东潍坊安丘齐鲁酒地。,36.5273850,119.1865053,wgs84
昌乐中国宝石城,4A,山东,潍坊市,昌乐县,山东潍坊昌乐中国宝石城,景点景区,国家4A旅游景区。所属地：山东·潍坊市·昌乐县。地址：山东潍坊昌乐中国宝石城。,36.7211472,118.8454822,wgs84
潍坊市白浪绿洲湿地公园,4A,山东,潍坊市,潍城区,山东潍坊潍坊市白浪绿洲湿地公园,景点景区,国家4A旅游景区。所属地：山东·潍坊市·潍城区。地址：山东潍坊潍坊市白浪绿洲湿地公园。,36.6674141,119.1007807,wgs84
潍坊金宝乐园,4A,山东,潍坊市,奎文区,山东潍坊潍坊金宝乐园,景点景区,国家4A旅游景区。所属地：山东·潍坊市·奎文区。地址：山东潍坊潍坊金宝乐园。,36.6562180,119.1193844,wgs84
潍坊欢乐海沙滩景区,4A,山东,潍坊市,寒亭区,山东潍坊潍坊欢乐海沙滩景区,景点景区,国家4A旅游景区。所属地：山东·潍坊市·寒亭区。地址：山东潍坊潍坊欢乐海沙滩景区。,37.2205330,119.2118548,wgs84
诸城恐龙博物馆,4A,山东,潍坊市,诸城市,山东潍坊诸城恐龙博物馆,景点景区,国家4A旅游景区。所属地：山东·潍坊市·诸城市。地址：山东潍坊诸城恐龙博物馆。,36.0107396,119.3886711,wgs84
诸城常山文化博物苑,4A,山东,潍坊市,诸城市,山东潍坊诸城常山文化博物苑,景点景区,国家4A旅游景区。所属地：山东·潍坊市·诸城市。地址：山东潍坊诸城常山文化博物苑。,35.9022611,119.3988556,wgs84
诸城恐龙文化旅游区,4A,山东,潍坊市,诸城市,山东潍坊诸城恐龙文化旅游区,景点景区,国家4A旅游景区。所属地：山东·潍坊市·诸城市。地址：山东潍坊诸城恐龙文化旅游区。,35.9243426,119.3252516,wgs84
寿光市蔬菜高科技示范园,4A,山东,潍坊市,寿光市,山东潍坊寿光市蔬菜高科技示范园,景点景区,国家4A旅游景区。所属地：山东·潍坊市·寿光市。地址：山东潍坊寿光市蔬菜高科技示范园。,36.8595823,118.8098415,wgs84
寿光市林海生态博览园,4A,山东,潍坊市,寿光市,山东潍坊寿光市林海生态博览园,景点景区,国家4A旅游景区。所属地：山东·潍坊市·寿光市。地址：山东潍坊寿光市林海生态博览园。,37.1439459,118.7345258,wgs84
寿光市水上王城·巨淀湖风景区,4A,山东,潍坊市,寿光市,山东潍坊寿光市水上王城·巨淀湖风景区,景点景区,国家4A旅游景区。所属地：山东·潍坊市·寿光市。地址：山东潍坊寿光市水上王城·巨淀湖风景区。,37.0604637,118.6921070,wgs84
寿光三元朱村,4A,山东,潍坊市,寿光市,山东潍坊寿光三元朱村,景点景区,国家4A旅游景区。所属地：山东·潍坊市·寿光市。地址：山东潍坊寿光三元朱村。,36.7824740,118.6682990,wgs84
临朐县揽翠湖〔天沐〕温泉度假村,4A,山东,潍坊市,临朐县,山东潍坊临朐县揽翠湖〔天沐〕温泉度假村,景点景区,国家4A旅游景区。所属地：山东·潍坊市·临朐县。地址：山东潍坊临朐县揽翠湖〔天沐〕温泉度假村。,36.5134557,118.5804605,wgs84
潍坊十笏园文化街区,4A,山东,潍坊市,潍城区,山东潍坊潍坊十笏园文化街区,景点景区,国家4A旅游景区。所属地：山东·潍坊市·潍城区。地址：山东潍坊潍坊十笏园文化街区。,36.7130391,119.0986024,wgs84
昌邑青山秀水景区,4A,山东,潍坊市,昌邑市,山东潍坊昌邑青山秀水景区,景点景区,国家4A旅游景区。所属地：山东·潍坊市·昌邑市。地址：山东潍坊昌邑青山秀水景区。,36.7539284,119.4546189,wgs84
高密红高粱小镇,4A,山东,潍坊市,高密市,山东潍坊高密红高粱小镇,景点景区,国家4A旅游景区。所属地：山东·潍坊市·高密市。地址：山东潍坊高密红高粱小镇。,36.3824201,119.7501136,wgs84
诸城市动物园,4A,山东,潍坊市,诸城市,山东潍坊诸城市动物园,景点景区,国家4A旅游景区。所属地：山东·潍坊市·诸城市。地址：山东潍坊诸城市动物园。,35.9364280,119.4451739,wgs84
临朐石门坊风景区,4A,山东,潍坊市,青州市,山东潍坊临朐石门坊风景区,景点景区,国家4A旅游景区。所属地：山东·潍坊市·青州市。地址：山东潍坊临朐石门坊风景区。,36.5205081,118.4335014,wgs84
南池景区,4A,山东,济宁市,任城区,山东济宁南池景区,景点景区,国家4A旅游景区。所属地：山东·济宁市·任城区。地址：山东济宁南池景区。,35.3940339,116.5764901,wgs84
孔子六艺城景区,4A,山东,济宁市,曲阜市,山东济宁孔子六艺城景区,景点景区,国家4A旅游景区。所属地：山东·济宁市·曲阜市。地址：山东济宁孔子六艺城景区。,35.5814189,116.9909985,wgs84
尼山孔庙及书院景区,4A,山东,济宁市,曲阜市,山东济宁尼山孔庙及书院景区,景点景区,国家4A旅游景区。所属地：山东·济宁市·曲阜市。地址：山东济宁尼山孔庙及书院景区。,35.5033169,117.2172707,wgs84
石门山绿色休闲风景区,4A,山东,济宁市,曲阜市,山东济宁石门山绿色休闲风景区,景点景区,国家4A旅游景区。所属地：山东·济宁市·曲阜市。地址：山东济宁石门山绿色休闲风景区。,35.7761245,117.1172347,wgs84
仙河花海生态乐园景区,4A,山东,济宁市,任城区,山东济宁仙河花海生态乐园景区,景点景区,国家4A旅游景区。所属地：山东·济宁市·任城区。地址：山东济宁仙河花海生态乐园景区。,35.4098918,116.5800556,wgs84
万紫千红生态养生旅游区,4A,山东,济宁市,任城区,山东济宁万紫千红生态养生旅游区,景点景区,国家4A旅游景区。所属地：山东·济宁市·任城区。地址：山东济宁万紫千红生态养生旅游区。,35.4304243,116.6028391,wgs84
泗水滨景区,4A,山东,济宁市,泗水县,山东济宁泗水滨景区,景点景区,国家4A旅游景区。所属地：山东·济宁市·泗水县。地址：山东济宁泗水滨景区。,35.6840060,117.2503179,wgs84
峄山风景旅游区,4A,山东,济宁市,微山县,山东济宁峄山风景旅游区,景点景区,国家4A旅游景区。所属地：山东·济宁市·微山县。地址：山东济宁峄山风景旅游区。,34.6524337,117.2574086,wgs84
孟庙孟府旅游区,4A,山东,济宁市,邹城市,山东济宁孟庙孟府旅游区,景点景区,国家4A旅游景区。所属地：山东·济宁市·邹城市。地址：山东济宁孟庙孟府旅游区。,35.3894347,116.9684790,wgs84
明鲁王陵旅游区,4A,山东,济宁市,邹城市,山东济宁明鲁王陵旅游区,景点景区,国家4A旅游景区。所属地：山东·济宁市·邹城市。地址：山东济宁明鲁王陵旅游区。,35.4736667,117.0056941,wgs84
上九山村景区,4A,山东,济宁市,邹城市,山东济宁上九山村景区,景点景区,国家4A旅游景区。所属地：山东·济宁市·邹城市。地址：山东济宁上九山村景区。,35.2003684,116.8718929,wgs84
羊山古镇军事旅游区,4A,山东,济宁市,金乡县,山东济宁羊山古镇军事旅游区,景点景区,国家4A旅游景区。所属地：山东·济宁市·金乡县。地址：山东济宁羊山古镇军事旅游区。,35.1768397,116.2325786,wgs84
青山景区,4A,山东,济宁市,嘉祥县,山东济宁青山景区,景点景区,国家4A旅游景区。所属地：山东·济宁市·嘉祥县。地址：山东济宁青山景区。,35.3307122,116.3038153,wgs84
宝相寺景区,4A,山东,济宁市,汶上县,山东济宁宝相寺景区,景点景区,国家4A旅游景区。所属地：山东·济宁市·汶上县。地址：山东济宁宝相寺景区。,35.7213850,116.4830156,wgs84
莲花湖湿地,4A,山东,济宁市,汶上县,山东济宁莲花湖湿地,景点景区,国家4A旅游景区。所属地：山东·济宁市·汶上县。地址：山东济宁莲花湖湿地。,35.7612426,116.5102166,wgs84
梁山旅游风景区,4A,山东,济宁市,梁山县,山东济宁梁山旅游风景区,景点景区,国家4A旅游景区。所属地：山东·济宁市·梁山县。地址：山东济宁梁山旅游风景区。,35.8021761,116.0902004,wgs84
太白湖景区,4A,山东,济宁市,任城区,山东济宁太白湖景区,景点景区,国家4A旅游景区。所属地：山东·济宁市·任城区。地址：山东济宁太白湖景区。,35.3414138,116.5905232,wgs84
贾堌堆农家寨景区,4A,山东,济宁市,梁山县,山东济宁贾堌堆农家寨景区,景点景区,国家4A旅游景区。所属地：山东·济宁市·梁山县。地址：山东济宁贾堌堆农家寨景区。,35.8916872,116.0385965,wgs84
南阳古镇旅游区,4A,山东,济宁市,任城区,山东济宁南阳古镇旅游区,景点景区,国家4A旅游景区。所属地：山东·济宁市·任城区。地址：山东济宁南阳古镇旅游区。,35.4191892,116.6232571,wgs84
新泰市新甫山风景区,4A,山东,泰安市,新泰市,山东泰安新泰市新甫山风景区,景点景区,国家4A旅游景区。所属地：山东·泰安市·新泰市。地址：山东泰安新泰市新甫山风景区。,35.9090240,117.7620268,wgs84
东平县东平湖景区,4A,山东,泰安市,东平县,山东泰安东平县东平湖景区,景点景区,国家4A旅游景区。所属地：山东·泰安市·东平县。地址：山东泰安东平县东平湖景区。,35.9761409,116.2048701,wgs84
泰山区泰山方特欢乐世界,4A,山东,泰安市,泰山区,山东泰安泰山区泰山方特欢乐世界,景点景区,国家4A旅游景区。所属地：山东·泰安市·泰山区。地址：山东泰安泰山区泰山方特欢乐世界。,36.2384028,117.1874295,wgs84
泰山森林温泉旅游区,4A,山东,泰安市,泰山区,山东泰安泰山森林温泉旅游区,景点景区,国家4A旅游景区。所属地：山东·泰安市·泰山区。地址：山东泰安泰山森林温泉旅游区。,36.1918532,117.1292854,wgs84
东平县白佛山景区,4A,山东,泰安市,东平县,山东泰安东平县白佛山景区,景点景区,国家4A旅游景区。所属地：山东·泰安市·东平县。地址：山东泰安东平县白佛山景区。,35.9462258,116.4277044,wgs84
岱岳区太阳部落景区,4A,山东,泰安市,岱岳区,山东泰安岱岳区太阳部落景区,景点景区,国家4A旅游景区。所属地：山东·泰安市·岱岳区。地址：山东泰安岱岳区太阳部落景区。,36.0379810,117.1158970,wgs84
泰安市徂徕山汶河景区,4A,山东,泰安市,岱岳区,山东泰安泰安市徂徕山汶河景区,景点景区,国家4A旅游景区。所属地：山东·泰安市·岱岳区。地址：山东泰安泰安市徂徕山汶河景区。,36.0402237,117.2310463,wgs84
岱岳区天颐湖旅游度假区,4A,山东,泰安市,岱岳区,山东泰安岱岳区天颐湖旅游度假区,景点景区,国家4A旅游景区。所属地：山东·泰安市·岱岳区。地址：山东泰安岱岳区天颐湖旅游度假区。,36.0686936,117.1051426,wgs84
肥城市春秋古镇景区,4A,山东,泰安市,肥城市,山东泰安肥城市春秋古镇景区,景点景区,国家4A旅游景区。所属地：山东·泰安市·肥城市。地址：山东泰安肥城市春秋古镇景区。,36.1782441,116.7209469,wgs84
宁阳县复圣文化旅游区,4A,山东,泰安市,宁阳县,山东泰安宁阳县复圣文化旅游区,景点景区,国家4A旅游景区。所属地：山东·泰安市·宁阳县。地址：山东泰安宁阳县复圣文化旅游区。,35.7628896,116.8250397,wgs84
五埠岭“伙大门”景区,4A,山东,泰安市,泰山区,山东泰安五埠岭“伙大门”景区,景点景区,国家4A旅游景区。所属地：山东·泰安市·泰山区。地址：山东泰安五埠岭“伙大门”景区。,36.2092818,117.1228573,wgs84
东平县昆仑山景区,4A,山东,泰安市,东平县,山东泰安东平县昆仑山景区,景点景区,国家4A旅游景区。所属地：山东·泰安市·东平县。地址：山东泰安东平县昆仑山景区。,36.0165793,116.1607544,wgs84
荣成市成山头风景名胜区,4A,山东,威海市,荣成市,山东威海荣成市成山头风景名胜区,景点景区,国家4A旅游景区。所属地：山东·威海市·荣成市。地址：山东威海荣成市成山头风景名胜区。,37.3936007,122.6992961,wgs84
威海荣成赤山风景名胜区,4A,山东,威海市,荣成市,山东威海威海荣成赤山风景名胜区,景点景区,国家4A旅游景区。所属地：山东·威海市·荣成市。地址：山东威海威海荣成赤山风景名胜区。,36.9016382,122.3957165,wgs84
天沐温泉度假区,4A,山东,威海市,文登区,山东威海天沐温泉度假区,景点景区,国家4A旅游景区。所属地：山东·威海市·文登区。地址：山东威海天沐温泉度假区。,37.0797614,122.0660988,wgs84
汤泊温泉度假村,4A,山东,威海市,文登区,山东威海汤泊温泉度假村,景点景区,国家4A旅游景区。所属地：山东·威海市·文登区。地址：山东威海汤泊温泉度假村。,37.2585628,122.0975941,wgs84
乳山银滩旅游度假区,4A,山东,威海市,乳山市,山东威海乳山银滩旅游度假区,景点景区,国家4A旅游景区。所属地：山东·威海市·乳山市。地址：山东威海乳山银滩旅游度假区。,36.8292459,121.6565099,wgs84
仙姑顶景区,4A,山东,威海市,环翠区,山东威海仙姑顶景区,景点景区,国家4A旅游景区。所属地：山东·威海市·环翠区。地址：山东威海仙姑顶景区。,37.4563962,122.1095520,wgs84
林海湾旅游区,4A,山东,威海市,环翠区,山东威海林海湾旅游区,景点景区,国家4A旅游景区。所属地：山东·威海市·环翠区。地址：山东威海林海湾旅游区。,37.5307673,122.0459315,wgs84
环翠楼公园,4A,山东,威海市,环翠区,山东威海环翠楼公园,景点景区,国家4A旅游景区。所属地：山东·威海市·环翠区。地址：山东威海环翠楼公园。,37.5063215,122.1035298,wgs84
威海海滨生态公园风景带•侨乡号游轮,4A,山东,威海市,环翠区,山东威海威海海滨生态公园风景带•侨乡号游轮,景点景区,国家4A旅游景区。所属地：山东·威海市·环翠区。地址：山东威海威海海滨生态公园风景带•侨乡号游轮。,37.4183306,122.2109350,wgs84
威海乳山福如东海文化园,4A,山东,威海市,乳山市,山东威海威海乳山福如东海文化园,景点景区,国家4A旅游景区。所属地：山东·威海市·乳山市。地址：山东威海威海乳山福如东海文化园。,36.8351064,121.7179765,wgs84
威海荣成市那香海景区,4A,山东,威海市,荣成市,山东威海威海荣成市那香海景区,景点景区,国家4A旅游景区。所属地：山东·威海市·荣成市。地址：山东威海威海荣成市那香海景区。,37.4000616,122.4091802,wgs84
威海里口山风景名胜区,4A,山东,威海市,环翠区,山东威海威海里口山风景名胜区,景点景区,国家4A旅游景区。所属地：山东·威海市·环翠区。地址：山东威海威海里口山风景名胜区。,37.4719355,122.0803875,wgs84
万平口海滨风景区,4A,山东,日照市,东港区,山东日照万平口海滨风景区,景点景区,国家4A旅游景区。所属地：山东·日照市·东港区。地址：山东日照万平口海滨风景区。,35.4067269,119.5587803,wgs84
刘家湾赶海园,4A,山东,日照市,东港区,山东日照刘家湾赶海园,景点景区,国家4A旅游景区。所属地：山东·日照市·东港区。地址：山东日照刘家湾赶海园。,35.2824847,119.4219023,wgs84
龙门崮旅游度假区,4A,山东,日照市,东港区,山东日照龙门崮旅游度假区,景点景区,国家4A旅游景区。所属地：山东·日照市·东港区。地址：山东日照龙门崮旅游度假区。,35.5481809,119.1213211,wgs84
浮来山风景区,4A,山东,日照市,莒县,山东日照浮来山风景区,景点景区,国家4A旅游景区。所属地：山东·日照市·莒县。地址：山东日照浮来山风景区。,35.5963237,118.7314266,wgs84
浮来青旅游度假区,4A,山东,日照市,莒县,山东日照浮来青旅游度假区,景点景区,国家4A旅游景区。所属地：山东·日照市·莒县。地址：山东日照浮来青旅游度假区。,35.3922638,118.6581639,wgs84
五莲山旅游风景区,4A,山东,日照市,五莲县,山东日照五莲山旅游风景区,景点景区,国家4A旅游景区。所属地：山东·日照市·五莲县。地址：山东日照五莲山旅游风景区。,35.6811321,119.3897824,wgs84
大青山风景区,4A,山东,日照市,五莲县,山东日照大青山风景区,景点景区,国家4A旅游景区。所属地：山东·日照市·五莲县。地址：山东日照大青山风景区。,35.6672293,119.1919726,wgs84
黑虎山狩猎旅游区,4A,山东,日照市,五莲县,山东日照黑虎山狩猎旅游区,景点景区,国家4A旅游景区。所属地：山东·日照市·五莲县。地址：山东日照黑虎山狩猎旅游区。,35.6373915,119.1472143,wgs84
日照海滨国家森林公园,4A,山东,日照市,东港区,山东日照日照海滨国家森林公园,景点景区,国家4A旅游景区。所属地：山东·日照市·东港区。地址：山东日照日照海滨国家森林公园。,35.5417172,119.6210955,wgs84
嗡嗡乐园景区,4A,山东,日照市,东港区,山东日照嗡嗡乐园景区,景点景区,国家4A旅游景区。所属地：山东·日照市·东港区。地址：山东日照嗡嗡乐园景区。,35.4466234,119.4523880,wgs84
日照海洋公园,4A,山东,日照市,东港区,山东日照日照海洋公园,景点景区,国家4A旅游景区。所属地：山东·日照市·东港区。地址：山东日照日照海洋公园。,35.4321401,119.5665587,wgs84
平邑天宇自然博物馆旅游区,4A,山东,临沂市,平邑县,山东临沂平邑天宇自然博物馆旅游区,景点景区,国家4A旅游景区。所属地：山东·临沂市·平邑县。地址：山东临沂平邑天宇自然博物馆旅游区。,35.5184590,117.6142044,wgs84
沂水雪山彩虹谷旅游区,4A,山东,临沂市,沂水县,山东临沂沂水雪山彩虹谷旅游区,景点景区,国家4A旅游景区。所属地：山东·临沂市·沂水县。地址：山东临沂沂水雪山彩虹谷旅游区。,35.7912895,118.6913195,wgs84
莒南山东省政府和八路军115师司令部旧址旅游区,4A,山东,临沂市,莒南县,山东临沂莒南山东省政府和八路军115师司令部旧址旅游区,景点景区,国家4A旅游景区。所属地：山东·临沂市·莒南县。地址：山东临沂莒南山东省政府和八路军115师司令部旧址旅游区。,35.3387096,118.7654635,wgs84
沂水天谷旅游区,4A,山东,临沂市,沂水县,山东临沂沂水天谷旅游区,景点景区,国家4A旅游景区。所属地：山东·临沂市·沂水县。地址：山东临沂沂水天谷旅游区。,35.6936330,118.4205854,wgs84
蒙阴孟良崮旅游区,4A,山东,临沂市,蒙阴县,山东临沂蒙阴孟良崮旅游区,景点景区,国家4A旅游景区。所属地：山东·临沂市·蒙阴县。地址：山东临沂蒙阴孟良崮旅游区。,35.5709288,118.1887340,wgs84
费县沂蒙云瀑洞天旅游区,4A,山东,临沂市,费县,山东临沂费县沂蒙云瀑洞天旅游区,景点景区,国家4A旅游景区。所属地：山东·临沂市·费县。地址：山东临沂费县沂蒙云瀑洞天旅游区。,35.4132235,118.0409316,wgs84
山东沂水天上王城景区,4A,山东,临沂市,沂水县,山东临沂山东沂水天上王城景区,景点景区,国家4A旅游景区。所属地：山东·临沂市·沂水县。地址：山东临沂山东沂水天上王城景区。,35.9491456,118.3551300,wgs84
沂南智圣汤泉旅游度假村旅游区,4A,山东,临沂市,沂南县,山东临沂沂南智圣汤泉旅游度假村旅游区,景点景区,国家4A旅游景区。所属地：山东·临沂市·沂南县。地址：山东临沂沂南智圣汤泉旅游度假村旅游区。,35.5655895,118.4776197,wgs84
沂南竹泉村旅游区,4A,山东,临沂市,沂南县,山东临沂沂南竹泉村旅游区,景点景区,国家4A旅游景区。所属地：山东·临沂市·沂南县。地址：山东临沂沂南竹泉村旅游区。,35.6475487,118.4312373,wgs84
沂水东方瑞海国际温泉度假村旅游区,4A,山东,临沂市,沂水县,山东临沂沂水东方瑞海国际温泉度假村旅游区,景点景区,国家4A旅游景区。所属地：山东·临沂市·沂水县。地址：山东临沂沂水东方瑞海国际温泉度假村旅游区。,35.7490702,118.6214031,wgs84
临沂观唐温泉度假村旅游区,4A,山东,临沂市,河东区,山东临沂临沂观唐温泉度假村旅游区,景点景区,国家4A旅游景区。所属地：山东·临沂市·河东区。地址：山东临沂临沂观唐温泉度假村旅游区。,35.2648162,118.4827628,wgs84
沂南沂蒙红色沂蒙影视基地旅游区,4A,山东,临沂市,沂南县,山东临沂沂南沂蒙红色沂蒙影视基地旅游区,景点景区,国家4A旅游景区。所属地：山东·临沂市·沂南县。地址：山东临沂沂南沂蒙红色沂蒙影视基地旅游区。,35.6718991,118.3072266,wgs84
临沂市皇山东夷文化休闲旅游区,4A,山东,临沂市,河东区,山东临沂临沂市皇山东夷文化休闲旅游区,景点景区,国家4A旅游景区。所属地：山东·临沂市·河东区。地址：山东临沂临沂市皇山东夷文化休闲旅游区。,35.0442136,118.4015810,wgs84
临沂市动植物园旅游区,4A,山东,临沂市,河东区,山东临沂临沂市动植物园旅游区,景点景区,国家4A旅游景区。所属地：山东·临沂市·河东区。地址：山东临沂临沂市动植物园旅游区。,34.9867689,118.5384330,wgs84
兰陵国家农业公园旅游区,4A,山东,临沂市,兰陵县,山东临沂兰陵国家农业公园旅游区,景点景区,国家4A旅游景区。所属地：山东·临沂市·兰陵县。地址：山东临沂兰陵国家农业公园旅游区。,34.8454544,118.0294233,wgs84
临沂市科技馆旅游区,4A,山东,临沂市,兰山区,山东临沂临沂市科技馆旅游区,景点景区,国家4A旅游景区。所属地：山东·临沂市·兰山区。地址：山东临沂临沂市科技馆旅游区。,35.0876695,118.3507889,wgs84
沂南县红石寨旅游区,4A,山东,临沂市,沂南县,山东临沂沂南县红石寨旅游区,景点景区,国家4A旅游景区。所属地：山东·临沂市·沂南县。地址：山东临沂沂南县红石寨旅游区。,35.6551482,118.4116462,wgs84
郯城县银杏生态旅游区,4A,山东,临沂市,郯城县,山东临沂郯城县银杏生态旅游区,景点景区,国家4A旅游景区。所属地：山东·临沂市·郯城县。地址：山东临沂郯城县银杏生态旅游区。,34.5680064,118.1415858,wgs84
蒙阴县岱崮地貌旅游区,4A,山东,临沂市,蒙阴县,山东临沂蒙阴县岱崮地貌旅游区,景点景区,国家4A旅游景区。所属地：山东·临沂市·蒙阴县。地址：山东临沂蒙阴县岱崮地貌旅游区。,35.9393082,118.1390841,wgs84
沂南沂蒙马泉休闲园旅游区,4A,山东,临沂市,沂南县,山东临沂沂南沂蒙马泉休闲园旅游区,景点景区,国家4A旅游景区。所属地：山东·临沂市·沂南县。地址：山东临沂沂南沂蒙马泉休闲园旅游区。,35.6578996,118.4542087,wgs84
河东区龙园旅游区,4A,山东,临沂市,河东区,山东临沂河东区龙园旅游区,景点景区,国家4A旅游景区。所属地：山东·临沂市·河东区。地址：山东临沂河东区龙园旅游区。,35.3177377,118.4573247,wgs84
临沭县苍马山·冠山旅游区,4A,山东,临沂市,临沭县,山东临沂临沭县苍马山·冠山旅游区,景点景区,国家4A旅游景区。所属地：山东·临沂市·临沭县。地址：山东临沂临沭县苍马山·冠山旅游区。,34.9246668,118.6618088,wgs84
临沂市压油沟旅游区,4A,山东,临沂市,兰陵县,山东临沂临沂市压油沟旅游区,景点景区,国家4A旅游景区。所属地：山东·临沂市·兰陵县。地址：山东临沂临沂市压油沟旅游区。,34.9203432,117.9625267,wgs84
费县奇石城旅游区,4A,山东,临沂市,费县,山东临沂费县奇石城旅游区,景点景区,国家4A旅游景区。所属地：山东·临沂市·费县。地址：山东临沂费县奇石城旅游区。,35.2950616,117.9366618,wgs84
平邑县九间棚景区,4A,山东,临沂市,平邑县,山东临沂平邑县九间棚景区,景点景区,国家4A旅游景区。所属地：山东·临沂市·平邑县。地址：山东临沂平邑县九间棚景区。,35.2929932,117.7369143,wgs84
无极鬼谷旅游区,4A,山东,临沂市,莒南县,山东临沂/日照无极鬼谷旅游区,景点景区,国家4A旅游景区。所属地：山东·临沂市·莒南县。地址：山东临沂/日照无极鬼谷旅游区。,35.3255653,119.1023204,wgs84
沂南县朱家林旅游区,4A,山东,临沂市,沂南县,山东临沂沂南县朱家林旅游区,景点景区,国家4A旅游景区。所属地：山东·临沂市·沂南县。地址：山东临沂沂南县朱家林旅游区。,35.7049448,118.2052808,wgs84
沂水县沂蒙花开旅游区,4A,山东,临沂市,沂水县,山东临沂沂水县沂蒙花开旅游区,景点景区,国家4A旅游景区。所属地：山东·临沂市·沂水县。地址：山东临沂沂水县沂蒙花开旅游区。,35.7906323,118.6225324,wgs84
德州市泉城海洋极地世界景区,4A,山东,德州市,齐河县,山东德州德州市泉城海洋极地世界景区,景点景区,国家4A旅游景区。所属地：山东·德州市·齐河县。地址：山东德州德州市泉城海洋极地世界景区。,36.7432104,116.8345385,wgs84
德州市泉城欧乐堡梦幻世界景区,4A,山东,德州市,齐河县,山东德州德州市泉城欧乐堡梦幻世界景区,景点景区,国家4A旅游景区。所属地：山东·德州市·齐河县。地址：山东德州德州市泉城欧乐堡梦幻世界景区。,36.7501100,116.8367848,wgs84
德州市庆云海岛金山寺景区,4A,山东,德州市,庆云县,山东德州德州市庆云海岛金山寺景区,景点景区,国家4A旅游景区。所属地：山东·德州市·庆云县。地址：山东德州德州市庆云海岛金山寺景区。,37.8136060,117.3744335,wgs84
夏津县德百温泉度假村,4A,山东,德州市,夏津县,山东德州夏津县德百温泉度假村,景点景区,国家4A旅游景区。所属地：山东·德州市·夏津县。地址：山东德州夏津县德百温泉度假村。,37.0357053,116.1081238,wgs84
乐陵千年枣林景区,4A,山东,德州市,乐陵市,山东德州乐陵千年枣林景区,景点景区,国家4A旅游景区。所属地：山东·德州市·乐陵市。地址：山东德州乐陵千年枣林景区。,37.7291241,117.2258303,wgs84
德州董子园,4A,山东,德州市,,山东德州德州董子园,景点景区,国家4A旅游景区。所属地：山东·德州市。地址：山东德州德州董子园。,37.4332361,116.3515748,wgs84
德州市太阳谷景区,4A,山东,德州市,德城区,山东德州德州市太阳谷景区,景点景区,国家4A旅游景区。所属地：山东·德州市·德城区。地址：山东德州德州市太阳谷景区。,37.4250096,116.3889600,wgs84
乐陵冀鲁边区革命纪念园,4A,山东,德州市,乐陵市,山东德州乐陵冀鲁边区革命纪念园,景点景区,国家4A旅游景区。所属地：山东·德州市·乐陵市。地址：山东德州乐陵冀鲁边区革命纪念园。,37.7566050,117.2582510,wgs84
东昌湖旅游区,4A,山东,聊城市,东昌府区,山东聊城东昌湖旅游区,景点景区,国家4A旅游景区。所属地：山东·聊城市·东昌府区。地址：山东聊城东昌湖旅游区。,36.4504460,115.9521065,wgs84
天沐·江北水城温泉度假村,4A,山东,聊城市,冠县,山东聊城天沐·江北水城温泉度假村,景点景区,国家4A旅游景区。所属地：山东·聊城市·冠县。地址：山东聊城天沐·江北水城温泉度假村。,36.4973458,115.7211744,wgs84
景阳冈·狮子楼旅游区,4A,山东,聊城市,阳谷县,山东聊城景阳冈·狮子楼旅游区,景点景区,国家4A旅游景区。所属地：山东·聊城市·阳谷县。地址：山东聊城景阳冈·狮子楼旅游区。,36.1302938,115.7900879,wgs84
东阿阿胶城,4A,山东,聊城市,东阿县,山东聊城东阿阿胶城,景点景区,国家4A旅游景区。所属地：山东·聊城市·东阿县。地址：山东聊城东阿阿胶城。,36.3462619,116.2341313,wgs84
聊城市孔繁森纪念馆,4A,山东,聊城市,东昌府区,山东聊城聊城市孔繁森纪念馆,景点景区,国家4A旅游景区。所属地：山东·聊城市·东昌府区。地址：山东聊城聊城市孔繁森纪念馆。,36.4549649,115.9521679,wgs84
临清宛园,4A,山东,聊城市,临清市,山东聊城临清宛园,景点景区,国家4A旅游景区。所属地：山东·聊城市·临清市。地址：山东聊城临清宛园。,36.8608931,115.7004733,wgs84
滨州市杜受田故居,4A,山东,滨州市,滨城区,山东滨州滨州市杜受田故居,景点景区,国家4A旅游景区。所属地：山东·滨州市·滨城区。地址：山东滨州滨州市杜受田故居。,37.4788605,117.9619791,wgs84
滨州孙武古城旅游区,4A,山东,滨州市,惠民县,山东滨州滨州孙武古城旅游区,景点景区,国家4A旅游景区。所属地：山东·滨州市·惠民县。地址：山东滨州滨州孙武古城旅游区。,37.4705949,117.5247438,wgs84
滨州市黄河三角洲生态文化旅游岛,4A,山东,滨州市,滨城区,山东滨州滨州市黄河三角洲生态文化旅游岛,景点景区,国家4A旅游景区。所属地：山东·滨州市·滨城区。地址：山东滨州滨州市黄河三角洲生态文化旅游岛。,37.2739923,117.9241819,wgs84
滨州市沾化冬枣生态旅游区,4A,山东,滨州市,沾化区,山东滨州滨州市沾化冬枣生态旅游区,景点景区,国家4A旅游景区。所属地：山东·滨州市·沾化区。地址：山东滨州滨州市沾化冬枣生态旅游区。,37.6939268,118.0740597,wgs84
滨州市无棣古城旅游景区,4A,山东,滨州市,无棣县,山东滨州滨州市无棣古城旅游景区,景点景区,国家4A旅游景区。所属地：山东·滨州市·无棣县。地址：山东滨州滨州市无棣古城旅游景区。,37.7696581,117.6197409,wgs84
滨州市博兴县打渔张森林公园,4A,山东,滨州市,博兴县,山东滨州滨州市博兴县打渔张森林公园,景点景区,国家4A旅游景区。所属地：山东·滨州市·博兴县。地址：山东滨州滨州市博兴县打渔张森林公园。,37.3607004,118.1581251,wgs84
麻大湖旅游区,4A,山东,滨州市,,山东滨州麻大湖旅游区,景点景区,国家4A旅游景区。所属地：山东·滨州市。地址：山东滨州麻大湖旅游区。,37.3813564,117.9648160,wgs84
魏集古镇旅游区,4A,山东,滨州市,惠民县,山东滨州魏集古镇旅游区,景点景区,国家4A旅游景区。所属地：山东·滨州市·惠民县。地址：山东滨州魏集古镇旅游区。,37.2933671,117.7502677,wgs84
鑫诚田园生态旅游区,4A,山东,滨州市,惠民县,山东滨州鑫诚田园生态旅游区,景点景区,国家4A旅游景区。所属地：山东·滨州市·惠民县。地址：山东滨州鑫诚田园生态旅游区。,37.4400549,117.6438761,wgs84
水浒好汉城,4A,山东,菏泽市,郓城县,山东菏泽水浒好汉城,景点景区,国家4A旅游景区。所属地：山东·菏泽市·郓城县。地址：山东菏泽水浒好汉城。,35.5854051,115.9264760,wgs84
孙膑旅游城·亿城寺景区,4A,山东,菏泽市,鄄城县,山东菏泽孙膑旅游城·亿城寺景区,景点景区,国家4A旅游景区。所属地：山东·菏泽市·鄄城县。地址：山东菏泽孙膑旅游城·亿城寺景区。,35.6390779,115.7140360,wgs84
单县浮龙湖生态旅游景区,4A,山东,菏泽市,单县,山东菏泽单县浮龙湖生态旅游景区,景点景区,国家4A旅游景区。所属地：山东·菏泽市·单县。地址：山东菏泽单县浮龙湖生态旅游景区。,34.7795582,116.1016957,wgs84
曹州牡丹园景区,4A,山东,菏泽市,牡丹区,山东菏泽曹州牡丹园景区,景点景区,国家4A旅游景区。所属地：山东·菏泽市·牡丹区。地址：山东菏泽曹州牡丹园景区。,35.2803065,115.4915711,wgs84
单县幵山景区,4A,山东,菏泽市,单县,山东菏泽单县幵山景区,景点景区,国家4A旅游景区。所属地：山东·菏泽市·单县。地址：山东菏泽单县幵山景区。,34.7788571,116.1157852,wgs84
单县科技馆景区,4A,山东,菏泽市,单县,山东菏泽单县科技馆景区,景点景区,国家4A旅游景区。所属地：山东·菏泽市·单县。地址：山东菏泽单县科技馆景区。,34.8028089,116.0980704,wgs84
少林景区,5A,河南,郑州市,登封市,河南郑州市少林景区,景点景区,国家5A旅游景区。所属地：河南·郑州市·登封市。地址：河南郑州市少林景区。,34.5156762,112.9466336,wgs84
清明上河园,5A,河南,开封市,龙亭区,河南开封市清明上河园,景点景区,国家5A旅游景区。所属地：河南·开封市·龙亭区。地址：河南开封市清明上河园。,34.8089869,114.3352009,wgs84
龙门石窟,5A,河南,洛阳市,洛龙区,河南洛阳市龙门石窟,景点景区,国家5A旅游景区。所属地：河南·洛阳市·洛龙区。地址：河南洛阳市龙门石窟。,34.5502790,112.4692419,wgs84
龙潭大峡谷,5A,河南,洛阳市,新安县,河南洛阳市龙潭大峡谷,景点景区,国家5A旅游景区。所属地：河南·洛阳市·新安县。地址：河南洛阳市龙潭大峡谷。,34.9666532,111.9971679,wgs84
洛阳白云山景区,5A,河南,洛阳市,嵩县,河南洛阳市洛阳白云山景区,景点景区,国家5A旅游景区。所属地：河南·洛阳市·嵩县。地址：河南洛阳市洛阳白云山景区。,33.7400467,111.8681669,wgs84
老君山风景区,5A,河南,洛阳市,栾川县,河南洛阳市老君山风景区,景点景区,国家5A旅游景区。所属地：河南·洛阳市·栾川县。地址：河南洛阳市老君山风景区。,33.7725191,111.6454828,wgs84
鸡冠洞景区,5A,河南,洛阳市,栾川县,河南洛阳市鸡冠洞景区,景点景区,国家5A旅游景区。所属地：河南·洛阳市·栾川县。地址：河南洛阳市鸡冠洞景区。,33.7853497,111.5654089,wgs84
尧山景区,5A,河南,平顶山市,鲁山县,河南平顶山市尧山景区,景点景区,国家5A旅游景区。所属地：河南·平顶山市·鲁山县。地址：河南平顶山市尧山景区。,33.7097224,112.3017170,wgs84
新乡八里沟景区,5A,河南,新乡市,新乡县,河南新乡市新乡八里沟景区,景点景区,国家5A旅游景区。所属地：河南·新乡市·新乡县。地址：河南新乡市新乡八里沟景区。,35.1914062,113.7990588,wgs84
云台山5A拓展景区—青天河、神农山景区,5A,河南,焦作市,沁阳市,河南焦作市云台山5A拓展景区—青天河、神农山景区,景点景区,国家5A旅游景区。所属地：河南·焦作市·沁阳市。地址：河南焦作市云台山5A拓展景区—青天河、神农山景区。,35.1950498,112.7996184,wgs84
安阳殷墟景区,5A,河南,安阳市,安阳县,河南安阳市安阳殷墟景区,景点景区,国家5A旅游景区。所属地：河南·安阳市·安阳县。地址：河南安阳市安阳殷墟景区。,36.1304210,114.1239503,wgs84
林州市红旗渠·太行大峡谷景区,5A,河南,安阳市,林州市,河南安阳市林州市红旗渠·太行大峡谷景区,景点景区,国家5A旅游景区。所属地：河南·安阳市·林州市。地址：河南安阳市林州市红旗渠·太行大峡谷景区。,36.1762018,113.7425707,wgs84
老界岭—恐龙遗迹园景区,5A,河南,南阳市,西峡县,河南南阳市老界岭—恐龙遗迹园景区,景点景区,国家5A旅游景区。所属地：河南·南阳市·西峡县。地址：河南南阳市老界岭—恐龙遗迹园景区。,33.6420199,111.7803274,wgs84
嵖岈山风景区,5A,河南,驻马店市,遂平县,河南驻马店市嵖岈山风景区,景点景区,国家5A旅游景区。所属地：河南·驻马店市·遂平县。地址：河南驻马店市嵖岈山风景区。,33.1315417,113.7241476,wgs84
永城市芒砀山旅游景区,5A,河南,商丘市,永城市,河南永城市永城市芒砀山旅游景区,景点景区,国家5A旅游景区。所属地：河南·商丘市·永城市。地址：河南永城市永城市芒砀山旅游景区。,34.1907743,116.4960564,wgs84
古柏渡飞黄旅游区,4A,河南,郑州市,荥阳市,河南郑州市古柏渡飞黄旅游区,景点景区,国家4A旅游景区。所属地：河南·郑州市·荥阳市。地址：河南郑州市古柏渡飞黄旅游区。,34.8895708,113.2601045,wgs84
古柏渡丰乐樱花园,4A,河南,郑州市,荥阳市,河南郑州市古柏渡丰乐樱花园,景点景区,国家4A旅游景区。所属地：河南·郑州市·荥阳市。地址：河南郑州市古柏渡丰乐樱花园。,34.8721372,113.2375490,wgs84
中原福塔旅游景区,4A,河南,郑州市,荥阳市,河南郑州市中原福塔旅游景区,景点景区,国家4A旅游景区。所属地：河南·郑州市·荥阳市。地址：河南郑州市中原福塔旅游景区。,34.7882194,113.3750242,wgs84
黄帝故里景区,4A,河南,郑州市,新郑市,河南郑州市黄帝故里景区,景点景区,国家4A旅游景区。所属地：河南·郑州市·新郑市。地址：河南郑州市黄帝故里景区。,34.4030969,113.7208653,wgs84
银基国际旅游区,4A,河南,郑州市,新密市,河南郑州市银基国际旅游区,景点景区,国家4A旅游景区。所属地：河南·郑州市·新密市。地址：河南郑州市银基国际旅游区。,34.4778270,113.5466142,wgs84
新密伏羲大峡谷,4A,河南,郑州市,巩义市,河南郑州市新密伏羲大峡谷,景点景区,国家4A旅游景区。所属地：河南·郑州市·巩义市。地址：河南郑州市新密伏羲大峡谷。,34.6112800,113.1865305,wgs84
新密市三泉湖景区,4A,河南,郑州市,新密市,河南郑州市新密市三泉湖景区,景点景区,国家4A旅游景区。所属地：河南·郑州市·新密市。地址：河南郑州市新密市三泉湖景区。,34.5948388,113.2185592,wgs84
新密市红石林景区,4A,河南,郑州市,新密市,河南郑州市新密市红石林景区,景点景区,国家4A旅游景区。所属地：河南·郑州市·新密市。地址：河南郑州市新密市红石林景区。,34.5791388,113.2582647,wgs84
樱桃沟景区,4A,河南,郑州市,二七区,河南郑州市樱桃沟景区,景点景区,国家4A旅游景区。所属地：河南·郑州市·二七区。地址：河南郑州市樱桃沟景区。,34.6185927,113.5833263,wgs84
方特欢乐世界,4A,河南,郑州市,中牟县,河南郑州市方特欢乐世界,景点景区,国家4A旅游景区。所属地：河南·郑州市·中牟县。地址：河南郑州市方特欢乐世界。,34.7670492,113.9241654,wgs84
郑州·中国绿化博览园,4A,河南,郑州市,中牟县,河南郑州市郑州·中国绿化博览园,景点景区,国家4A旅游景区。所属地：河南·郑州市·中牟县。地址：河南郑州市郑州·中国绿化博览园。,34.7614021,113.9240220,wgs84
建业·华谊兄弟电影小镇,4A,河南,郑州市,中牟县,河南郑州市建业·华谊兄弟电影小镇,景点景区,国家4A旅游景区。所属地：河南·郑州市·中牟县。地址：河南郑州市建业·华谊兄弟电影小镇。,34.7782918,113.9981796,wgs84
黄河富景生态世界,4A,河南,郑州市,金水区,河南郑州市黄河富景生态世界,景点景区,国家4A旅游景区。所属地：河南·郑州市·金水区。地址：河南郑州市黄河富景生态世界。,34.7675353,113.6993884,wgs84
郑州市丰乐农庄.黄河谷马拉湾海浪浴场景区,4A,河南,郑州市,惠济区,河南郑州市郑州市丰乐农庄.黄河谷马拉湾海浪浴场景区,景点景区,国家4A旅游景区。所属地：河南·郑州市·惠济区。地址：河南郑州市郑州市丰乐农庄.黄河谷马拉湾海浪浴场景区。,34.9193123,113.5552861,wgs84
嵩阳书院景区,4A,河南,郑州市,登封市,河南郑州市嵩阳书院景区,景点景区,国家4A旅游景区。所属地：河南·郑州市·登封市。地址：河南郑州市嵩阳书院景区。,34.4620635,113.0182046,wgs84
中岳庙 景区,4A,河南,郑州市,登封市,河南郑州市中岳庙 景区,景点景区,国家4A旅游景区。所属地：河南·郑州市·登封市。地址：河南郑州市中岳庙 景区。,34.4588993,113.0676477,wgs84
观星台,4A,河南,郑州市,登封市,河南郑州市观星台,景点景区,国家4A旅游景区。所属地：河南·郑州市·登封市。地址：河南郑州市观星台。,34.4040905,113.1406953,wgs84
大熊山仙人谷景区,4A,河南,郑州市,登封市,河南郑州市大熊山仙人谷景区,景点景区,国家4A旅游景区。所属地：河南·郑州市·登封市。地址：河南郑州市大熊山仙人谷景区。,34.2916239,113.1371309,wgs84
郑州园博园,4A,河南,郑州市,新郑市,河南郑州市郑州园博园,景点景区,国家4A旅游景区。所属地：河南·郑州市·新郑市。地址：河南郑州市郑州园博园。,34.4434504,113.8596029,wgs84
郑州黄河文化公园,4A,河南,郑州市,金水区,河南郑州市郑州黄河文化公园,景点景区,国家4A旅游景区。所属地：河南·郑州市·金水区。地址：河南郑州市郑州黄河文化公园。,34.8052812,113.6620884,wgs84
开封府,4A,河南,开封市,鼓楼区,河南开封市开封府,景点景区,国家4A旅游景区。所属地：河南·开封市·鼓楼区。地址：河南开封市开封府。,34.7904741,114.3410759,wgs84
开封包公祠旅游开发有限公司,4A,河南,开封市,鼓楼区,河南开封市开封包公祠旅游开发有限公司,景点景区,国家4A旅游景区。所属地：河南·开封市·鼓楼区。地址：河南开封市开封包公祠旅游开发有限公司。,34.7934987,114.3327197,wgs84
开封龙亭公园,4A,河南,开封市,龙亭区,河南开封市开封龙亭公园,景点景区,国家4A旅游景区。所属地：河南·开封市·龙亭区。地址：河南开封市开封龙亭公园。,34.8080293,114.3446682,wgs84
大相国寺,4A,河南,开封市,鼓楼区,河南开封市大相国寺,景点景区,国家4A旅游景区。所属地：河南·开封市·鼓楼区。地址：河南开封市大相国寺。,34.7926140,114.3487753,wgs84
开封市铁塔公园,4A,河南,开封市,顺河回族区,河南开封市开封市铁塔公园,景点景区,国家4A旅游景区。所属地：河南·开封市·顺河回族区。地址：河南开封市开封市铁塔公园。,34.8171226,114.3643635,wgs84
开封市万岁山游览区有限公司,4A,河南,开封市,龙亭区,河南开封市开封市万岁山游览区有限公司,景点景区,国家4A旅游景区。所属地：河南·开封市·龙亭区。地址：河南开封市开封市万岁山游览区有限公司。,34.8208571,114.3439670,wgs84
中国翰园碑林,4A,河南,开封市,龙亭区,河南开封市中国翰园碑林,景点景区,国家4A旅游景区。所属地：河南·开封市·龙亭区。地址：河南开封市中国翰园碑林。,34.8110464,114.3385380,wgs84
天波杨府公园,4A,河南,开封市,龙亭区,河南开封市天波杨府公园,景点景区,国家4A旅游景区。所属地：河南·开封市·龙亭区。地址：河南开封市天波杨府公园。,34.8115203,114.3415300,wgs84
朱仙镇启封故园,4A,河南,开封市,祥符区,河南开封市朱仙镇启封故园,景点景区,国家4A旅游景区。所属地：河南·开封市·祥符区。地址：河南开封市朱仙镇启封故园。,34.6276517,114.2714523,wgs84
重渡沟,4A,河南,洛阳市,栾川县,河南洛阳市重渡沟,景点景区,国家4A旅游景区。所属地：河南·洛阳市·栾川县。地址：河南洛阳市重渡沟。,33.9501102,111.7076301,wgs84
龙峪湾,4A,河南,洛阳市,老城区,河南洛阳市龙峪湾,景点景区,国家4A旅游景区。所属地：河南·洛阳市·老城区。地址：河南洛阳市龙峪湾。,34.6747828,112.4608827,wgs84
抱犊寨,4A,河南,洛阳市,栾川县,河南洛阳市抱犊寨,景点景区,国家4A旅游景区。所属地：河南·洛阳市·栾川县。地址：河南洛阳市抱犊寨。,33.9708340,111.3355123,wgs84
养子沟,4A,河南,洛阳市,栾川县,河南洛阳市养子沟,景点景区,国家4A旅游景区。所属地：河南·洛阳市·栾川县。地址：河南洛阳市养子沟。,33.7564429,111.6895074,wgs84
伏牛山滑雪度假乐园,4A,河南,洛阳市,栾川县,河南洛阳市伏牛山滑雪度假乐园,景点景区,国家4A旅游景区。所属地：河南·洛阳市·栾川县。地址：河南洛阳市伏牛山滑雪度假乐园。,33.7536439,111.4776377,wgs84
天河大峡谷,4A,河南,洛阳市,栾川县,河南洛阳市天河大峡谷,景点景区,国家4A旅游景区。所属地：河南·洛阳市·栾川县。地址：河南洛阳市天河大峡谷。,33.8145249,111.3256610,wgs84
栾川县竹海野生动物园,4A,河南,洛阳市,栾川县,河南洛阳市栾川县竹海野生动物园,景点景区,国家4A旅游景区。所属地：河南·洛阳市·栾川县。地址：河南洛阳市栾川县竹海野生动物园。,33.9161722,111.7092256,wgs84
王府竹海景区,4A,河南,洛阳市,栾川县,河南洛阳市王府竹海景区,景点景区,国家4A旅游景区。所属地：河南·洛阳市·栾川县。地址：河南洛阳市王府竹海景区。,33.9872951,111.5438581,wgs84
神灵寨风景区,4A,河南,洛阳市,洛宁县,河南洛阳市神灵寨风景区,景点景区,国家4A旅游景区。所属地：河南·洛阳市·洛宁县。地址：河南洛阳市神灵寨风景区。,34.2920251,111.7081946,wgs84
西泰山,4A,河南,洛阳市,汝阳县,河南洛阳市西泰山,景点景区,国家4A旅游景区。所属地：河南·洛阳市·汝阳县。地址：河南洛阳市西泰山。,33.8609425,112.2453799,wgs84
恐龙谷漂流,4A,河南,洛阳市,汝阳县,河南洛阳市恐龙谷漂流,景点景区,国家4A旅游景区。所属地：河南·洛阳市·汝阳县。地址：河南洛阳市恐龙谷漂流。,33.8960081,112.2314530,wgs84
凤翔温泉,4A,河南,洛阳市,洛龙区,河南洛阳市凤翔温泉,景点景区,国家4A旅游景区。所属地：河南·洛阳市·洛龙区。地址：河南洛阳市凤翔温泉。,34.5542133,112.4511812,wgs84
木札岭,4A,河南,洛阳市,嵩县,河南洛阳市木札岭,景点景区,国家4A旅游景区。所属地：河南·洛阳市·嵩县。地址：河南洛阳市木札岭。,33.7608495,112.2416822,wgs84
天池山国家森林公园,4A,河南,洛阳市,嵩县,河南洛阳市天池山国家森林公园,景点景区,国家4A旅游景区。所属地：河南·洛阳市·嵩县。地址：河南洛阳市天池山国家森林公园。,34.2346997,111.8470120,wgs84
青要山景区,4A,河南,洛阳市,新安县,河南洛阳市青要山景区,景点景区,国家4A旅游景区。所属地：河南·洛阳市·新安县。地址：河南洛阳市青要山景区。,34.9133295,111.9337159,wgs84
黛眉山景区,4A,河南,洛阳市,新安县,河南洛阳市黛眉山景区,景点景区,国家4A旅游景区。所属地：河南·洛阳市·新安县。地址：河南洛阳市黛眉山景区。,35.0395578,111.9646227,wgs84
千唐志斋博物馆,4A,河南,洛阳市,新安县,河南洛阳市千唐志斋博物馆,景点景区,国家4A旅游景区。所属地：河南·洛阳市·新安县。地址：河南洛阳市千唐志斋博物馆。,34.7392034,112.0147600,wgs84
小浪底,4A,河南,洛阳市,孟津区,河南洛阳市小浪底,景点景区,国家4A旅游景区。所属地：河南·洛阳市·孟津区。地址：河南洛阳市小浪底。,34.8688962,112.3507326,wgs84
花果山景区,4A,河南,洛阳市,宜阳县,河南洛阳市花果山景区,景点景区,国家4A旅游景区。所属地：河南·洛阳市·宜阳县。地址：河南洛阳市花果山景区。,34.3497172,111.8451123,wgs84
二程文化园,4A,河南,洛阳市,伊川县,河南洛阳市二程文化园,景点景区,国家4A旅游景区。所属地：河南·洛阳市·伊川县。地址：河南洛阳市二程文化园。,34.4224134,112.4031392,wgs84
隋唐洛阳城国家遗址公园,4A,河南,洛阳市,老城区,河南洛阳市隋唐洛阳城国家遗址公园,景点景区,国家4A旅游景区。所属地：河南·洛阳市·老城区。地址：河南洛阳市隋唐洛阳城国家遗址公园。,34.6815999,112.4535760,wgs84
白马寺,4A,河南,洛阳市,洛龙区,河南洛阳市白马寺,景点景区,国家4A旅游景区。所属地：河南·洛阳市·洛龙区。地址：河南洛阳市白马寺。,34.7230677,112.5994107,wgs84
关林景区,4A,河南,洛阳市,洛龙区,河南洛阳市关林景区,景点景区,国家4A旅游景区。所属地：河南·洛阳市·洛龙区。地址：河南洛阳市关林景区。,34.6088031,112.4774535,wgs84
洛阳市隋唐城遗址植物园,4A,河南,洛阳市,洛龙区,河南洛阳市洛阳市隋唐城遗址植物园,景点景区,国家4A旅游景区。所属地：河南·洛阳市·洛龙区。地址：河南洛阳市洛阳市隋唐城遗址植物园。,34.6359269,112.4410816,wgs84
中国国花园,4A,河南,洛阳市,洛龙区,河南洛阳市中国国花园,景点景区,国家4A旅游景区。所属地：河南·洛阳市·洛龙区。地址：河南洛阳市中国国花园。,34.6563182,112.4517981,wgs84
中国薰衣草庄园,4A,河南,洛阳市,洛龙区,河南洛阳市中国薰衣草庄园,景点景区,国家4A旅游景区。所属地：河南·洛阳市·洛龙区。地址：河南洛阳市中国薰衣草庄园。,34.6020510,112.5090433,wgs84
伊滨区豪泽国际郁金香花海欢乐城,4A,河南,洛阳市,洛龙区,河南洛阳市伊滨区豪泽国际郁金香花海欢乐城,景点景区,国家4A旅游景区。所属地：河南·洛阳市·洛龙区。地址：河南洛阳市伊滨区豪泽国际郁金香花海欢乐城。,34.5585629,112.5934509,wgs84
河南尧山大峡谷漂流集团有限公司,4A,河南,平顶山市,鲁山县,河南平顶山市河南尧山大峡谷漂流集团有限公司,景点景区,国家4A旅游景区。所属地：河南·平顶山市·鲁山县。地址：河南平顶山市河南尧山大峡谷漂流集团有限公司。,33.7075036,112.3303128,wgs84
画眉谷,4A,河南,平顶山市,鲁山县,河南平顶山市画眉谷,景点景区,国家4A旅游景区。所属地：河南·平顶山市·鲁山县。地址：河南平顶山市画眉谷。,33.7985753,112.3038601,wgs84
中国墨子文化旅游区,4A,河南,平顶山市,鲁山县,河南平顶山市中国墨子文化旅游区,景点景区,国家4A旅游景区。所属地：河南·平顶山市·鲁山县。地址：河南平顶山市中国墨子文化旅游区。,33.7670436,112.3574271,wgs84
白龟湖国家城市湿地公园,4A,河南,平顶山市,新华区,河南平顶山市白龟湖国家城市湿地公园,景点景区,国家4A旅游景区。所属地：河南·平顶山市·新华区。地址：河南平顶山市白龟湖国家城市湿地公园。,33.7573717,113.1893970,wgs84
平顶山博物馆,4A,河南,平顶山市,新华区,河南平顶山市平顶山博物馆,景点景区,国家4A旅游景区。所属地：河南·平顶山市·新华区。地址：河南平顶山市平顶山博物馆。,33.7654464,113.1836929,wgs84
二郎山景区,4A,河南,平顶山市,舞钢市,河南平顶山市二郎山景区,景点景区,国家4A旅游景区。所属地：河南·平顶山市·舞钢市。地址：河南平顶山市二郎山景区。,33.2625386,113.5608085,wgs84
灯台架景区,4A,河南,平顶山市,舞钢市,河南平顶山市灯台架景区,景点景区,国家4A旅游景区。所属地：河南·平顶山市·舞钢市。地址：河南平顶山市灯台架景区。,33.1858464,113.5482576,wgs84
祥龙谷景区,4A,河南,平顶山市,舞钢市,河南平顶山市祥龙谷景区,景点景区,国家4A旅游景区。所属地：河南·平顶山市·舞钢市。地址：河南平顶山市祥龙谷景区。,33.1909571,113.5037073,wgs84
三苏园景区,4A,河南,平顶山市,郏县,河南平顶山市三苏园景区,景点景区,国家4A旅游景区。所属地：河南·平顶山市·郏县。地址：河南平顶山市三苏园景区。,34.0769275,113.0928689,wgs84
平顶山市香山普门禅寺,4A,河南,平顶山市,新华区,河南平顶山市平顶山市香山普门禅寺,景点景区,国家4A旅游景区。所属地：河南·平顶山市·新华区。地址：河南平顶山市平顶山市香山普门禅寺。,33.8154429,113.1857819,wgs84
姚庄旅游区,4A,河南,平顶山市,鲁山县,河南平顶山市姚庄旅游区,景点景区,国家4A旅游景区。所属地：河南·平顶山市·鲁山县。地址：河南平顶山市姚庄旅游区。,33.7567046,112.3714856,wgs84
新乡辉县万仙山风景区,4A,河南,新乡市,辉县市,河南新乡市新乡辉县万仙山风景区,景点景区,国家4A旅游景区。所属地：河南·新乡市·辉县市。地址：河南新乡市新乡辉县万仙山风景区。,35.7369965,113.6393636,wgs84
新乡京华园景区,4A,河南,新乡市,新乡县,河南新乡市新乡京华园景区,景点景区,国家4A旅游景区。所属地：河南·新乡市·新乡县。地址：河南新乡市新乡京华园景区。,35.1879250,113.7784309,wgs84
新乡市比干庙景区,4A,河南,新乡市,卫辉市,河南新乡市新乡市比干庙景区,景点景区,国家4A旅游景区。所属地：河南·新乡市·卫辉市。地址：河南新乡市新乡市比干庙景区。,35.4661875,114.0812514,wgs84
新乡市潞王陵景区,4A,河南,新乡市,凤泉区,河南新乡市新乡市潞王陵景区,景点景区,国家4A旅游景区。所属地：河南·新乡市·凤泉区。地址：河南新乡市新乡市潞王陵景区。,35.4170640,113.9194235,wgs84
新乡市宝泉旅游度假区,4A,河南,新乡市,辉县市,河南新乡市新乡市宝泉旅游度假区,景点景区,国家4A旅游景区。所属地：河南·新乡市·辉县市。地址：河南新乡市新乡市宝泉旅游度假区。,35.4502530,113.4784602,wgs84
辉县市轿顶山景区,4A,河南,新乡市,辉县市,河南新乡市辉县市轿顶山景区,景点景区,国家4A旅游景区。所属地：河南·新乡市·辉县市。地址：河南新乡市辉县市轿顶山景区。,35.6828467,113.6410632,wgs84
辉县关山景区,4A,河南,新乡市,辉县市,河南新乡市辉县关山景区,景点景区,国家4A旅游景区。所属地：河南·新乡市·辉县市。地址：河南新乡市辉县关山景区。,35.5477768,113.5622441,wgs84
河南省跑马岭地质公园景区,4A,河南,新乡市,卫辉市,河南新乡市河南省跑马岭地质公园景区,景点景区,国家4A旅游景区。所属地：河南·新乡市·卫辉市。地址：河南新乡市河南省跑马岭地质公园景区。,35.6460206,114.0021621,wgs84
卫辉市龙卧岩景区,4A,河南,新乡市,卫辉市,河南新乡市卫辉市龙卧岩景区,景点景区,国家4A旅游景区。所属地：河南·新乡市·卫辉市。地址：河南新乡市卫辉市龙卧岩景区。,35.6871546,113.9458402,wgs84
新乡市凤湖景区,4A,河南,新乡市,原阳县,河南新乡市新乡市凤湖景区,景点景区,国家4A旅游景区。所属地：河南·新乡市·原阳县。地址：河南新乡市新乡市凤湖景区。,35.0070614,113.7432843,wgs84
南水北调天河公园,4A,河南,焦作市,解放区,河南焦作市南水北调天河公园,景点景区,国家4A旅游景区。所属地：河南·焦作市·解放区。地址：河南焦作市南水北调天河公园。,35.2203523,113.2316931,wgs84
老家莫沟景区,4A,河南,焦作市,孟州市,河南焦作市老家莫沟景区,景点景区,国家4A旅游景区。所属地：河南·焦作市·孟州市。地址：河南焦作市老家莫沟景区。,34.9175771,112.6484527,wgs84
陈家沟景区,4A,河南,焦作市,温县,河南焦作市陈家沟景区,景点景区,国家4A旅游景区。所属地：河南·焦作市·温县。地址：河南焦作市陈家沟景区。,34.9425414,113.1453987,wgs84
武陟县嘉应观景区管理局,4A,河南,焦作市,武陟县,河南焦作市武陟县嘉应观景区管理局,景点景区,国家4A旅游景区。所属地：河南·焦作市·武陟县。地址：河南焦作市武陟县嘉应观景区管理局。,35.0382132,113.5033325,wgs84
焦作影视城,4A,河南,焦作市,解放区,河南焦作市焦作影视城,景点景区,国家4A旅游景区。所属地：河南·焦作市·解放区。地址：河南焦作市焦作影视城。,35.2676472,113.2013381,wgs84
圆融寺景区,4A,河南,焦作市,修武县,河南焦作市圆融寺景区,景点景区,国家4A旅游景区。所属地：河南·焦作市·修武县。地址：河南焦作市圆融寺景区。,35.2750656,113.2332421,wgs84
汤阴羑里城景区,4A,河南,安阳市,汤阴县,河南安阳市汤阴羑里城景区,景点景区,国家4A旅游景区。所属地：河南·安阳市·汤阴县。地址：河南安阳市汤阴羑里城景区。,35.9548386,114.3493303,wgs84
汤阴县岳飞庙景区,4A,河南,安阳市,汤阴县,河南安阳市汤阴县岳飞庙景区,景点景区,国家4A旅游景区。所属地：河南·安阳市·汤阴县。地址：河南安阳市汤阴县岳飞庙景区。,35.9200186,114.3486291,wgs84
安阳马氏庄园景区,4A,河南,安阳市,安阳县,河南安阳市安阳马氏庄园景区,景点景区,国家4A旅游景区。所属地：河南·安阳市·安阳县。地址：河南安阳市安阳马氏庄园景区。,36.1514824,114.1458005,wgs84
林州市万泉湖风景区,4A,河南,安阳市,林州市,河南安阳市林州市万泉湖风景区,景点景区,国家4A旅游景区。所属地：河南·安阳市·林州市。地址：河南安阳市林州市万泉湖风景区。,35.8470561,113.9213906,wgs84
林州中华古板栗公园,4A,河南,安阳市,林州市,河南安阳市林州中华古板栗公园,景点景区,国家4A旅游景区。所属地：河南·安阳市·林州市。地址：河南安阳市林州中华古板栗公园。,36.0645484,113.7420851,wgs84
阿斗寨景区,4A,河南,鹤壁市,鹤山区,河南鹤壁市阿斗寨景区,景点景区,国家4A旅游景区。所属地：河南·鹤壁市·鹤山区。地址：河南鹤壁市阿斗寨景区。,36.0434398,114.1618998,wgs84
五岩山旅游区,4A,河南,鹤壁市,鹤山区,河南鹤壁市五岩山旅游区,景点景区,国家4A旅游景区。所属地：河南·鹤壁市·鹤山区。地址：河南鹤壁市五岩山旅游区。,35.9383507,114.0984705,wgs84
大伾山景区,4A,河南,鹤壁市,浚县,河南鹤壁市大伾山景区,景点景区,国家4A旅游景区。所属地：河南·鹤壁市·浚县。地址：河南鹤壁市大伾山景区。,35.6623111,114.5542048,wgs84
古城景区,4A,河南,鹤壁市,浚县,河南鹤壁市古城景区,景点景区,国家4A旅游景区。所属地：河南·鹤壁市·浚县。地址：河南鹤壁市古城景区。,35.6757222,114.5399492,wgs84
云梦山风景区,4A,河南,鹤壁市,淇县,河南鹤壁市云梦山风景区,景点景区,国家4A旅游景区。所属地：河南·鹤壁市·淇县。地址：河南鹤壁市云梦山风景区。,35.6156170,114.0666965,wgs84
古灵山景区,4A,河南,鹤壁市,淇县,河南鹤壁市古灵山景区,景点景区,国家4A旅游景区。所属地：河南·鹤壁市·淇县。地址：河南鹤壁市古灵山景区。,35.6835649,114.1167021,wgs84
朝阳山景区,4A,河南,鹤壁市,淇县,河南鹤壁市朝阳山景区,景点景区,国家4A旅游景区。所属地：河南·鹤壁市·淇县。地址：河南鹤壁市朝阳山景区。,35.6526858,114.1233860,wgs84
朝歌文化园,4A,河南,鹤壁市,淇滨区,河南鹤壁市朝歌文化园,景点景区,国家4A旅游景区。所属地：河南·鹤壁市·淇滨区。地址：河南鹤壁市朝歌文化园。,35.6780715,114.2701898,wgs84
桑园小镇∙太极图景区,4A,河南,鹤壁市,淇滨区,河南鹤壁市桑园小镇∙太极图景区,景点景区,国家4A旅游景区。所属地：河南·鹤壁市·淇滨区。地址：河南鹤壁市桑园小镇∙太极图景区。,35.8270000,114.1311267,wgs84
濮上园,4A,河南,濮阳市,华龙区,河南濮阳市濮上园,景点景区,国家4A旅游景区。所属地：河南·濮阳市·华龙区。地址：河南濮阳市濮上园。,35.7810722,114.9491303,wgs84
濮阳市东北庄杂技文化园区,4A,河南,濮阳市,华龙区,河南濮阳市濮阳市东北庄杂技文化园区,景点景区,国家4A旅游景区。所属地：河南·濮阳市·华龙区。地址：河南濮阳市濮阳市东北庄杂技文化园区。,35.7963734,115.1784124,wgs84
戚城文物景区,4A,河南,濮阳市,华龙区,河南濮阳市戚城文物景区,景点景区,国家4A旅游景区。所属地：河南·濮阳市·华龙区。地址：河南濮阳市戚城文物景区。,35.7522187,115.0262792,wgs84
单拐纪念馆,4A,河南,濮阳市,华龙区,河南濮阳市单拐纪念馆,景点景区,国家4A旅游景区。所属地：河南·濮阳市·华龙区。地址：河南濮阳市单拐纪念馆。,35.7762440,115.1234810,wgs84
三门峡市虢国博物馆,4A,河南,三门峡市,湖滨区,河南三门峡市三门峡市虢国博物馆,景点景区,国家4A旅游景区。所属地：河南·三门峡市·湖滨区。地址：河南三门峡市三门峡市虢国博物馆。,34.7870599,111.2048514,wgs84
天鹅湖国家城市湿地公园,4A,河南,三门峡市,陕州区,河南三门峡市天鹅湖国家城市湿地公园,景点景区,国家4A旅游景区。所属地：河南·三门峡市·陕州区。地址：河南三门峡市天鹅湖国家城市湿地公园。,34.7792980,111.1330815,wgs84
三门峡市黄河公园,4A,河南,三门峡市,湖滨区,河南三门峡市三门峡市黄河公园,景点景区,国家4A旅游景区。所属地：河南·三门峡市·湖滨区。地址：河南三门峡市三门峡市黄河公园。,34.7858005,111.2100041,wgs84
黄河丹峡景区,4A,河南,三门峡市,渑池县,河南三门峡市黄河丹峡景区,景点景区,国家4A旅游景区。所属地：河南·三门峡市·渑池县。地址：河南三门峡市黄河丹峡景区。,34.9314512,111.6727855,wgs84
仰韶博物馆,4A,河南,三门峡市,渑池县,河南三门峡市仰韶博物馆,景点景区,国家4A旅游景区。所属地：河南·三门峡市·渑池县。地址：河南三门峡市仰韶博物馆。,34.8161461,111.7781966,wgs84
三门峡甘山国家森林公园,4A,河南,三门峡市,陕州区,河南三门峡市三门峡甘山国家森林公园,景点景区,国家4A旅游景区。所属地：河南·三门峡市·陕州区。地址：河南三门峡市三门峡甘山国家森林公园。,34.5560576,111.2149197,wgs84
陕州地坑院景区,4A,河南,三门峡市,陕州区,河南三门峡市陕州地坑院景区,景点景区,国家4A旅游景区。所属地：河南·三门峡市·陕州区。地址：河南三门峡市陕州地坑院景区。,34.6921563,111.1330123,wgs84
灵宝市娘娘山景区,4A,河南,三门峡市,灵宝市,河南三门峡市灵宝市娘娘山景区,景点景区,国家4A旅游景区。所属地：河南·三门峡市·灵宝市。地址：河南三门峡市灵宝市娘娘山景区。,34.4831491,110.7603474,wgs84
灵宝市函谷关历史文化旅游区,4A,河南,三门峡市,灵宝市,河南三门峡市灵宝市函谷关历史文化旅游区,景点景区,国家4A旅游景区。所属地：河南·三门峡市·灵宝市。地址：河南三门峡市灵宝市函谷关历史文化旅游区。,34.6335390,110.9216870,wgs84
灵宝汉山风景区,4A,河南,三门峡市,灵宝市,河南三门峡市灵宝汉山风景区,景点景区,国家4A旅游景区。所属地：河南·三门峡市·灵宝市。地址：河南三门峡市灵宝汉山风景区。,34.4736665,110.5350621,wgs84
灵宝市燕子山国家森林公园,4A,河南,三门峡市,灵宝市,河南三门峡市灵宝市燕子山国家森林公园,景点景区,国家4A旅游景区。所属地：河南·三门峡市·灵宝市。地址：河南三门峡市灵宝市燕子山国家森林公园。,34.5166955,111.0553218,wgs84
卢氏县双龙湾风景区旅游开发有限公司,4A,河南,三门峡市,卢氏县,河南三门峡市卢氏县双龙湾风景区旅游开发有限公司,景点景区,国家4A旅游景区。所属地：河南·三门峡市·卢氏县。地址：河南三门峡市卢氏县双龙湾风景区旅游开发有限公司。,33.9961405,110.8311938,wgs84
卢氏县豫西大峡谷风景区,4A,河南,三门峡市,卢氏县,河南三门峡市卢氏县豫西大峡谷风景区,景点景区,国家4A旅游景区。所属地：河南·三门峡市·卢氏县。地址：河南三门峡市卢氏县豫西大峡谷风景区。,34.2407827,111.1448790,wgs84
豫西百草园景区,4A,河南,三门峡市,卢氏县,河南三门峡市豫西百草园景区,景点景区,国家4A旅游景区。所属地：河南·三门峡市·卢氏县。地址：河南三门峡市豫西百草园景区。,34.2409492,111.1358668,wgs84
鄢陵县建业绿色基地,4A,河南,许昌市,鄢陵县,河南许昌市鄢陵县建业绿色基地,景点景区,国家4A旅游景区。所属地：河南·许昌市·鄢陵县。地址：河南许昌市鄢陵县建业绿色基地。,34.1424659,114.1622018,wgs84
灞陵桥景区,4A,河南,许昌市,建安区,河南许昌市灞陵桥景区,景点景区,国家4A旅游景区。所属地：河南·许昌市·建安区。地址：河南许昌市灞陵桥景区。,34.0222686,113.7789111,wgs84
鄢陵县金雨香草庄园旅游区,4A,河南,许昌市,鄢陵县,河南许昌市鄢陵县金雨香草庄园旅游区,景点景区,国家4A旅游景区。所属地：河南·许昌市·鄢陵县。地址：河南许昌市鄢陵县金雨香草庄园旅游区。,34.1036342,114.1714877,wgs84
鄢陵县唐韵生态旅游区,4A,河南,许昌市,鄢陵县,河南许昌市鄢陵县唐韵生态旅游区,景点景区,国家4A旅游景区。所属地：河南·许昌市·鄢陵县。地址：河南许昌市鄢陵县唐韵生态旅游区。,34.1345386,114.0920416,wgs84
鄢陵县陈化店镇花都温泉小镇,4A,河南,许昌市,鄢陵县,河南许昌市鄢陵县陈化店镇花都温泉小镇,景点景区,国家4A旅游景区。所属地：河南·许昌市·鄢陵县。地址：河南许昌市鄢陵县陈化店镇花都温泉小镇。,34.0815988,114.0588490,wgs84
鄢陵县五彩大地观光休闲旅游区,4A,河南,许昌市,鄢陵县,河南许昌市鄢陵县五彩大地观光休闲旅游区,景点景区,国家4A旅游景区。所属地：河南·许昌市·鄢陵县。地址：河南许昌市鄢陵县五彩大地观光休闲旅游区。,34.1499463,114.0886328,wgs84
中国钧瓷文化园,4A,河南,许昌市,禹州市,河南许昌市中国钧瓷文化园,景点景区,国家4A旅游景区。所属地：河南·许昌市·禹州市。地址：河南许昌市中国钧瓷文化园。,34.1472647,113.5100854,wgs84
禹州市神垕古镇景区,4A,河南,许昌市,禹州市,河南许昌市禹州市神垕古镇景区,景点景区,国家4A旅游景区。所属地：河南·许昌市·禹州市。地址：河南许昌市禹州市神垕古镇景区。,34.1194376,113.2206196,wgs84
鄢陵县中原花木博览园景区,4A,河南,许昌市,鄢陵县,河南许昌市鄢陵县中原花木博览园景区,景点景区,国家4A旅游景区。所属地：河南·许昌市·鄢陵县。地址：河南许昌市鄢陵县中原花木博览园景区。,34.0995864,114.1458793,wgs84
禹州钧官窑址博物馆,4A,河南,许昌市,禹州市,河南许昌市禹州钧官窑址博物馆,景点景区,国家4A旅游景区。所属地：河南·许昌市·禹州市。地址：河南许昌市禹州钧官窑址博物馆。,34.1689260,113.4720542,wgs84
禹州市大鸿寨景区,4A,河南,许昌市,禹州市,河南许昌市禹州市大鸿寨景区,景点景区,国家4A旅游景区。所属地：河南·许昌市·禹州市。地址：河南许昌市禹州市大鸿寨景区。,34.2363463,113.0899598,wgs84
许慎文化园,4A,河南,漯河市,召陵区,河南漯河市许慎文化园,景点景区,国家4A旅游景区。所属地：河南·漯河市·召陵区。地址：河南漯河市许慎文化园。,33.6105178,114.0935979,wgs84
沙澧河景区,4A,河南,漯河市,郾城区,河南漯河市沙澧河景区,景点景区,国家4A旅游景区。所属地：河南·漯河市·郾城区。地址：河南漯河市沙澧河景区。,33.5809181,114.0150241,wgs84
南街村景区,4A,河南,漯河市,临颍县,河南漯河市南街村景区,景点景区,国家4A旅游景区。所属地：河南·漯河市·临颍县。地址：河南漯河市南街村景区。,33.8041652,113.9517533,wgs84
神州鸟园景区,4A,河南,漯河市,源汇区,河南漯河市神州鸟园景区,景点景区,国家4A旅游景区。所属地：河南·漯河市·源汇区。地址：河南漯河市神州鸟园景区。,33.5490197,114.0140938,wgs84
小商桥景区,4A,河南,漯河市,郾城区,河南漯河市小商桥景区,景点景区,国家4A旅游景区。所属地：河南·漯河市·郾城区。地址：河南漯河市小商桥景区。,33.7181953,113.9667143,wgs84
南阳卧龙岗武侯祠,4A,河南,南阳市,卧龙区,河南南阳市南阳卧龙岗武侯祠,景点景区,国家4A旅游景区。所属地：河南·南阳市·卧龙区。地址：河南南阳市南阳卧龙岗武侯祠。,32.9807439,112.5012079,wgs84
宝天曼景区,4A,河南,南阳市,内乡县,河南南阳市宝天曼景区,景点景区,国家4A旅游景区。所属地：河南·南阳市·内乡县。地址：河南南阳市宝天曼景区。,33.5135133,111.9300382,wgs84
内乡县衙博物馆,4A,河南,南阳市,内乡县,河南南阳市内乡县衙博物馆,景点景区,国家4A旅游景区。所属地：河南·南阳市·内乡县。地址：河南南阳市内乡县衙博物馆。,33.0503730,111.8431579,wgs84
宝天曼峡谷漂流景区,4A,河南,南阳市,内乡县,河南南阳市宝天曼峡谷漂流景区,景点景区,国家4A旅游景区。所属地：河南·南阳市·内乡县。地址：河南南阳市宝天曼峡谷漂流景区。,33.3842159,111.9145592,wgs84
云露山景区,4A,河南,南阳市,内乡县,河南南阳市云露山景区,景点景区,国家4A旅游景区。所属地：河南·南阳市·内乡县。地址：河南南阳市云露山景区。,33.3129142,112.0633798,wgs84
中原二龙山风景区,4A,河南,南阳市,内乡县,河南南阳市中原二龙山风景区,景点景区,国家4A旅游景区。所属地：河南·南阳市·内乡县。地址：河南南阳市中原二龙山风景区。,33.4821465,111.7355487,wgs84
七峰山生态旅游区,4A,河南,南阳市,方城县,河南南阳市七峰山生态旅游区,景点景区,国家4A旅游景区。所属地：河南·南阳市·方城县。地址：河南南阳市七峰山生态旅游区。,33.4075069,112.9395053,wgs84
七十二潭景区,4A,河南,南阳市,方城县,河南南阳市七十二潭景区,景点景区,国家4A旅游景区。所属地：河南·南阳市·方城县。地址：河南南阳市七十二潭景区。,33.4135437,112.9466939,wgs84
方城德云山风情植物园,4A,河南,南阳市,方城县,河南南阳市方城德云山风情植物园,景点景区,国家4A旅游景区。所属地：河南·南阳市·方城县。地址：河南南阳市方城德云山风情植物园。,33.1816260,113.0981829,wgs84
社旗县山陕会馆,4A,河南,南阳市,社旗县,河南南阳市社旗县山陕会馆,景点景区,国家4A旅游景区。所属地：河南·南阳市·社旗县。地址：河南南阳市社旗县山陕会馆。,33.0576994,112.9399293,wgs84
香严寺景区,4A,河南,南阳市,淅川县,河南南阳市香严寺景区,景点景区,国家4A旅游景区。所属地：河南·南阳市·淅川县。地址：河南南阳市香严寺景区。,32.7812163,111.4347168,wgs84
淅川河南丹江大观苑景区,4A,河南,南阳市,淅川县,河南南阳市淅川河南丹江大观苑景区,景点景区,国家4A旅游景区。所属地：河南·南阳市·淅川县。地址：河南南阳市淅川河南丹江大观苑景区。,32.8382008,111.5507845,wgs84
南召宝天曼,4A,河南,南阳市,内乡县,河南南阳市南召宝天曼,景点景区,国家4A旅游景区。所属地：河南·南阳市·内乡县。地址：河南南阳市南召宝天曼。,33.5172400,111.9368575,wgs84
南阳五朵山景区,4A,河南,南阳市,南召县,河南南阳市南阳五朵山景区,景点景区,国家4A旅游景区。所属地：河南·南阳市·南召县。地址：河南南阳市南阳五朵山景区。,33.3267711,112.2714394,wgs84
淮源风景名胜区,4A,河南,南阳市,桐柏县,河南南阳市淮源风景名胜区,景点景区,国家4A旅游景区。所属地：河南·南阳市·桐柏县。地址：河南南阳市淮源风景名胜区。,32.4169377,113.2780527,wgs84
鹳河漂流风景区,4A,河南,南阳市,西峡县,河南南阳市鹳河漂流风景区,景点景区,国家4A旅游景区。所属地：河南·南阳市·西峡县。地址：河南南阳市鹳河漂流风景区。,33.5120469,111.4717169,wgs84
老君洞景区,4A,河南,南阳市,西峡县,河南南阳市老君洞景区,景点景区,国家4A旅游景区。所属地：河南·南阳市·西峡县。地址：河南南阳市老君洞景区。,33.5684079,111.6538950,wgs84
寺山国家森林公园,4A,河南,南阳市,西峡县,河南南阳市寺山国家森林公园,景点景区,国家4A旅游景区。所属地：河南·南阳市·西峡县。地址：河南南阳市寺山国家森林公园。,33.2936308,111.4650157,wgs84
龙潭沟景区,4A,河南,南阳市,西峡县,河南南阳市龙潭沟景区,景点景区,国家4A旅游景区。所属地：河南·南阳市·西峡县。地址：河南南阳市龙潭沟景区。,33.5203102,111.5940640,wgs84
国际玉城,4A,河南,南阳市,镇平县,河南南阳市国际玉城,景点景区,国家4A旅游景区。所属地：河南·南阳市·镇平县。地址：河南南阳市国际玉城。,33.0695438,112.1500875,wgs84
商丘古文化旅游区,4A,河南,商丘市,睢阳区,河南商丘市商丘古文化旅游区,景点景区,国家4A旅游景区。所属地：河南·商丘市·睢阳区。地址：河南商丘市商丘古文化旅游区。,34.3700299,115.6080084,wgs84
商丘市日月湖景区,4A,河南,商丘市,睢阳区,河南商丘市商丘市日月湖景区,景点景区,国家4A旅游景区。所属地：河南·商丘市·睢阳区。地址：河南商丘市商丘市日月湖景区。,34.3739214,115.6690277,wgs84
睢县北湖景区,4A,河南,商丘市,睢县,河南商丘市睢县北湖景区,景点景区,国家4A旅游景区。所属地：河南·商丘市·睢县。地址：河南商丘市睢县北湖景区。,34.4384609,115.0626461,wgs84
鸡公山风景区,4A,河南,信阳市,浉河区,河南信阳市鸡公山风景区,景点景区,国家4A旅游景区。所属地：河南·信阳市·浉河区。地址：河南信阳市鸡公山风景区。,31.8111994,114.0715049,wgs84
鸡公山桃花寨景区,4A,河南,信阳市,浉河区,河南信阳市鸡公山桃花寨景区,景点景区,国家4A旅游景区。所属地：河南·信阳市·浉河区。地址：河南信阳市鸡公山桃花寨景区。,31.8454853,113.9854366,wgs84
信阳市南湾湖风景区,4A,河南,信阳市,浉河区,河南信阳市信阳市南湾湖风景区,景点景区,国家4A旅游景区。所属地：河南·信阳市·浉河区。地址：河南信阳市信阳市南湾湖风景区。,32.1350836,114.0026616,wgs84
灵龙湖生态文化旅游区,4A,河南,信阳市,浉河区,河南信阳市灵龙湖生态文化旅游区,景点景区,国家4A旅游景区。所属地：河南·信阳市·浉河区。地址：河南信阳市灵龙湖生态文化旅游区。,31.9932185,114.1505036,wgs84
信阳灵山风景名胜区,4A,河南,信阳市,浉河区,河南信阳市信阳灵山风景名胜区,景点景区,国家4A旅游景区。所属地：河南·信阳市·浉河区。地址：河南信阳市信阳灵山风景名胜区。,31.7992519,114.0764796,wgs84
大苏山国家森林公园,4A,河南,信阳市,光山县,河南信阳市大苏山国家森林公园,景点景区,国家4A旅游景区。所属地：河南·信阳市·光山县。地址：河南信阳市大苏山国家森林公园。,31.8669709,114.7873465,wgs84
新县许世友将军故里景区,4A,河南,信阳市,新县,河南信阳市新县许世友将军故里景区,景点景区,国家4A旅游景区。所属地：河南·信阳市·新县。地址：河南信阳市新县许世友将军故里景区。,31.4854793,114.9891082,wgs84
金兰山国家森林公园,4A,河南,信阳市,新县,河南信阳市金兰山国家森林公园,景点景区,国家4A旅游景区。所属地：河南·信阳市·新县。地址：河南信阳市金兰山国家森林公园。,31.6916012,114.7969904,wgs84
鄂豫皖苏区首府景区,4A,河南,信阳市,新县,河南信阳市鄂豫皖苏区首府景区,景点景区,国家4A旅游景区。所属地：河南·信阳市·新县。地址：河南信阳市鄂豫皖苏区首府景区。,31.6192266,114.8724630,wgs84
大别山露营公园,4A,河南,信阳市,新县,河南信阳市大别山露营公园,景点景区,国家4A旅游景区。所属地：河南·信阳市·新县。地址：河南信阳市大别山露营公园。,31.6114548,114.8981505,wgs84
信阳市黄柏山国家森林公园,4A,河南,信阳市,商城县,河南信阳市信阳市黄柏山国家森林公园,景点景区,国家4A旅游景区。所属地：河南·信阳市·商城县。地址：河南信阳市信阳市黄柏山国家森林公园。,31.4380485,115.3042321,wgs84
商城县金刚台（西河）生态旅游区,4A,河南,信阳市,商城县,河南信阳市商城县金刚台（西河）生态旅游区,景点景区,国家4A旅游景区。所属地：河南·信阳市·商城县。地址：河南信阳市商城县金刚台（西河）生态旅游区。,31.7573681,115.5355239,wgs84
金刚台猫耳峰景区,4A,河南,信阳市,商城县,河南信阳市金刚台猫耳峰景区,景点景区,国家4A旅游景区。所属地：河南·信阳市·商城县。地址：河南信阳市金刚台猫耳峰景区。,31.7572739,115.5362291,wgs84
竹沟革命纪念馆,4A,河南,驻马店市,确山县,河南驻马店市竹沟革命纪念馆,景点景区,国家4A旅游景区。所属地：河南·驻马店市·确山县。地址：河南驻马店市竹沟革命纪念馆。,32.7870783,113.7251799,wgs84
铜山风景区,4A,河南,驻马店市,泌阳县,河南驻马店市铜山风景区,景点景区,国家4A旅游景区。所属地：河南·驻马店市·泌阳县。地址：河南驻马店市铜山风景区。,32.7297894,113.5859434,wgs84
南海禅寺景区,4A,河南,驻马店市,汝南县,河南驻马店市南海禅寺景区,景点景区,国家4A旅游景区。所属地：河南·驻马店市·汝南县。地址：河南驻马店市南海禅寺景区。,32.9991813,114.3619601,wgs84
金顶山景区,4A,河南,驻马店市,驿城区,河南驻马店市金顶山景区,景点景区,国家4A旅游景区。所属地：河南·驻马店市·驿城区。地址：河南驻马店市金顶山景区。,32.8719311,113.8293787,wgs84
老乐山景区,4A,河南,驻马店市,确山县,河南驻马店市老乐山景区,景点景区,国家4A旅游景区。所属地：河南·驻马店市·确山县。地址：河南驻马店市老乐山景区。,32.8362423,113.9045918,wgs84
关帝庙,4A,河南,周口市,沈丘县,河南周口市关帝庙,景点景区,国家4A旅游景区。所属地：河南·周口市·沈丘县。地址：河南周口市关帝庙。,33.1484283,115.0139271,wgs84
太昊陵,4A,河南,周口市,淮阳区,河南周口市太昊陵,景点景区,国家4A旅游景区。所属地：河南·周口市·淮阳区。地址：河南周口市太昊陵。,33.7496656,114.8827979,wgs84
济源市王屋山风景名胜区,4A,河南,,济源市,河南济源市济源市王屋山风景名胜区,景点景区,国家4A旅游景区。所属地：河南·济源市。地址：河南济源市济源市王屋山风景名胜区。,35.1882595,112.2765035,wgs84
济源市五龙口风景名胜区,4A,河南,,济源市,河南济源市济源市五龙口风景名胜区,景点景区,国家4A旅游景区。所属地：河南·济源市。地址：河南济源市济源市五龙口风景名胜区。,35.1883891,112.7025805,wgs84
济源市黄河三峡景区,4A,河南,,济源市,河南济源市济源市黄河三峡景区,景点景区,国家4A旅游景区。所属地：河南·济源市。地址：河南济源市济源市黄河三峡景区。,35.0451713,112.1353279,wgs84
济源市小沟背·银河峡景区,4A,河南,,济源市,河南济源市济源市小沟背·银河峡景区,景点景区,国家4A旅游景区。所属地：河南·济源市。地址：河南济源市济源市小沟背·银河峡景区。,35.2535119,112.1688165,wgs84
康百万庄园,4A,河南,郑州市,巩义市,河南巩义市康百万庄园,景点景区,国家4A旅游景区。所属地：河南·郑州市·巩义市。地址：河南巩义市康百万庄园。,34.7640830,112.9449903,wgs84
竹林长寿山景区,4A,河南,郑州市,巩义市,河南巩义市竹林长寿山景区,景点景区,国家4A旅游景区。所属地：河南·郑州市·巩义市。地址：河南巩义市竹林长寿山景区。,34.6990179,113.1361386,wgs84
杜甫故里,4A,河南,郑州市,巩义市,河南巩义市杜甫故里,景点景区,国家4A旅游景区。所属地：河南·郑州市·巩义市。地址：河南巩义市杜甫故里。,34.7956290,113.0568623,wgs84
兰考焦裕禄纪念园管理处,4A,河南,开封市,兰考县,河南兰考县兰考焦裕禄纪念园管理处,景点景区,国家4A旅游景区。所属地：河南·开封市·兰考县。地址：河南兰考县兰考焦裕禄纪念园管理处。,34.8321970,114.8161888,wgs84
风穴寺景区,4A,河南,平顶山市,汝州市,河南汝州市风穴寺景区,景点景区,国家4A旅游景区。所属地：河南·平顶山市·汝州市。地址：河南汝州市风穴寺景区。,34.2210775,112.8856263,wgs84
河南九峰山景区,4A,河南,平顶山市,汝州市,河南汝州市河南九峰山景区,景点景区,国家4A旅游景区。所属地：河南·平顶山市·汝州市。地址：河南汝州市河南九峰山景区。,33.9898364,112.6422228,wgs84
道口古镇,4A,河南,安阳市,滑县,河南滑县道口古镇,景点景区,国家4A旅游景区。所属地：河南·安阳市·滑县。地址：河南滑县道口古镇。,35.5817954,114.5063219,wgs84
花洲书院,4A,河南,南阳市,邓州市,河南邓州市花洲书院,景点景区,国家4A旅游景区。所属地：河南·南阳市·邓州市。地址：河南邓州市花洲书院。,32.6750229,112.0927866,wgs84
淮海战役陈官庄纪念馆景区,4A,河南,商丘市,永城市,河南永城市淮海战役陈官庄纪念馆景区,景点景区,国家4A旅游景区。所属地：河南·商丘市·永城市。地址：河南永城市淮海战役陈官庄纪念馆景区。,34.0200627,116.5788440,wgs84
河南西九华山景区,4A,河南,信阳市,固始县,河南固始县河南西九华山景区,景点景区,国家4A旅游景区。所属地：河南·信阳市·固始县。地址：河南固始县河南西九华山景区。,31.8080028,115.7762741,wgs84
老子故里旅游区,4A,河南,周口市,鹿邑县,河南周口市鹿邑县老子故里旅游区,景点景区,国家4A旅游景区。所属地：河南·周口市·鹿邑县。地址：河南周口市鹿邑县老子故里旅游区。,33.8624245,115.5479344,wgs84
武汉东湖景区,5A,湖北,武汉市,武昌区,湖北武汉武昌东湖翠柳村18号武汉东湖景区,景点景区,国家5A旅游景区。所属地：湖北·武汉市·武昌区。地址：湖北武汉武昌东湖翠柳村18号武汉东湖景区。,30.5757947,114.3689739,wgs84
武汉市黄鹤楼公园,5A,湖北,武汉市,武昌区,湖北武汉武昌蛇山西山坡1号武汉市黄鹤楼公园,景点景区,国家5A旅游景区。所属地：湖北·武汉市·武昌区。地址：湖北武汉武昌蛇山西山坡1号武汉市黄鹤楼公园。,30.5466095,114.2993632,wgs84
湖北省武汉市黄陂木兰文化生态旅游区,5A,湖北,武汉市,黄陂区,湖北武汉武汉市黄陂区胜景大道77号湖北省武汉市黄陂木兰文化生态旅游区,景点景区,国家5A旅游景区。所属地：湖北·武汉市·黄陂区。地址：湖北武汉武汉市黄陂区胜景大道77号湖北省武汉市黄陂木兰文化生态旅游区。,31.0952908,114.3911263,wgs84
黄陂木兰文化生态旅游区（木兰山）,5A,湖北,武汉市,黄陂区,湖北武汉武汉市黄陂区胜景大道木兰山风景区服务中心黄陂木兰文化生态旅游区（木兰山）,景点景区,国家5A旅游景区。所属地：湖北·武汉市·黄陂区。地址：湖北武汉武汉市黄陂区胜景大道木兰山风景区服务中心黄陂木兰文化生态旅游区（木兰山）。,31.0952908,114.3911263,wgs84
黄陂木兰文化生态旅游区（木兰天池）,5A,湖北,武汉市,黄陂区,湖北武汉武汉市黄陂区长轩岭街官田村龙池堰黄陂木兰文化生态旅游区（木兰天池）,景点景区,国家5A旅游景区。所属地：湖北·武汉市·黄陂区。地址：湖北武汉武汉市黄陂区长轩岭街官田村龙池堰黄陂木兰文化生态旅游区（木兰天池）。,31.1725627,114.3246978,wgs84
黄陂木兰文化生态旅游区（木兰草原）,5A,湖北,武汉市,黄陂区,湖北武汉武汉市黄陂区王家河街聂家岗黄陂木兰文化生态旅游区（木兰草原）,景点景区,国家5A旅游景区。所属地：湖北·武汉市·黄陂区。地址：湖北武汉武汉市黄陂区王家河街聂家岗黄陂木兰文化生态旅游区（木兰草原）。,30.9565482,114.4543809,wgs84
黄陂木兰文化生态旅游区（木兰云雾山）,5A,湖北,武汉市,黄陂区,湖北武汉武汉市黄陂区李家集街泡桐云雾山景区黄陂木兰文化生态旅游区（木兰云雾山）,景点景区,国家5A旅游景区。所属地：湖北·武汉市·黄陂区。地址：湖北武汉武汉市黄陂区李家集街泡桐云雾山景区黄陂木兰文化生态旅游区（木兰云雾山）。,31.1017526,114.4551745,wgs84
武昌首义文化旅游区,4A,湖北,武汉市,武昌区,湖北武汉武珞路一号武昌首义文化旅游区,景点景区,国家4A旅游景区。所属地：湖北·武汉市·武昌区。地址：湖北武汉武珞路一号武昌首义文化旅游区。,30.5396492,114.3184434,wgs84
武汉中国科学院武汉植物园,4A,湖北,武汉市,洪山区,湖北武汉鲁磨路北端特1号中科院武汉植物园武汉中国科学院武汉植物园,景点景区,国家4A旅游景区。所属地：湖北·武汉市·洪山区。地址：湖北武汉鲁磨路北端特1号中科院武汉植物园武汉中国科学院武汉植物园。,30.5450385,114.4165702,wgs84
武汉市博物馆,4A,湖北,武汉市,江汉区,湖北武汉汉口青年路373号武汉市博物馆,景点景区,国家4A旅游景区。所属地：湖北·武汉市·江汉区。地址：湖北武汉汉口青年路373号武汉市博物馆。,30.6138766,114.2511698,wgs84
中国地质大学逸夫博物馆,4A,湖北,武汉市,洪山区,湖北武汉湖北省武汉市洪山区鲁磨路388号中国地质大学逸夫博物馆,景点景区,国家4A旅游景区。所属地：湖北·武汉市·洪山区。地址：湖北武汉湖北省武汉市洪山区鲁磨路388号中国地质大学逸夫博物馆。,30.5198945,114.3949393,wgs84
武汉市革命博物馆,4A,湖北,武汉市,武昌区,湖北武汉武昌区红巷13号武汉市革命博物馆,景点景区,国家4A旅游景区。所属地：湖北·武汉市·武昌区。地址：湖北武汉武昌区红巷13号武汉市革命博物馆。,30.5558693,114.2948137,wgs84
武汉市黄陂区木兰清凉寨景区,4A,湖北,武汉市,黄陂区,湖北武汉武汉市黄陂区蔡店街清凉寨景区武汉市黄陂区木兰清凉寨景区,景点景区,国家4A旅游景区。所属地：湖北·武汉市·黄陂区。地址：湖北武汉武汉市黄陂区蔡店街清凉寨景区武汉市黄陂区木兰清凉寨景区。,31.2948037,114.2126081,wgs84
黄陂锦里土家风情谷旅游区,4A,湖北,武汉市,黄陂区,湖北武汉武汉市黄陂区蔡店街道黄陂锦里土家风情谷旅游区,景点景区,国家4A旅游景区。所属地：湖北·武汉市·黄陂区。地址：湖北武汉武汉市黄陂区蔡店街道黄陂锦里土家风情谷旅游区。,31.2754926,114.2293894,wgs84
武汉市海昌极地海洋世界景区,4A,湖北,武汉市,东西湖区,湖北武汉东西湖区金银潭大道96号武汉市海昌极地海洋世界景区,景点景区,国家4A旅游景区。所属地：湖北·武汉市·东西湖区。地址：湖北武汉东西湖区金银潭大道96号武汉市海昌极地海洋世界景区。,30.6652820,114.2745662,wgs84
武汉市华侨城欢乐谷,4A,湖北,武汉市,洪山区,湖北武汉武汉市武昌区欢乐大道196号武汉市华侨城欢乐谷,景点景区,国家4A旅游景区。所属地：湖北·武汉市·洪山区。地址：湖北武汉武汉市武昌区欢乐大道196号武汉市华侨城欢乐谷。,30.5949414,114.3895587,wgs84
武汉市规划展示馆,4A,湖北,武汉市,江岸区,湖北武汉武汉市江岸区金桥大道117号武汉市民之家东翼武汉规划展示馆武汉市规划展示馆,景点景区,国家4A旅游景区。所属地：湖北·武汉市·江岸区。地址：湖北武汉武汉市江岸区金桥大道117号武汉市民之家东翼武汉规划展示馆武汉市规划展示馆。,30.6619828,114.2906729,wgs84
黄陂区大余湾旅游区,4A,湖北,武汉市,黄陂区,湖北武汉武汉市黄陂区木兰乡双泉村60号黄陂区大余湾旅游区,景点景区,国家4A旅游景区。所属地：湖北·武汉市·黄陂区。地址：湖北武汉武汉市黄陂区木兰乡双泉村60号黄陂区大余湾旅游区。,31.0288529,114.3662497,wgs84
蔡甸区九真山景区,4A,湖北,武汉市,蔡甸区,湖北武汉武汉市蔡甸区永安街炉房村蔡甸区九真山景区,景点景区,国家4A旅游景区。所属地：湖北·武汉市·蔡甸区。地址：湖北武汉武汉市蔡甸区永安街炉房村蔡甸区九真山景区。,30.4767719,113.9505359,wgs84
黄陂姚家山景区,4A,湖北,武汉市,黄陂区,湖北武汉湖北省武汉市黄陂区蔡店街道姚家山村黄陂姚家山景区,景点景区,国家4A旅游景区。所属地：湖北·武汉市·黄陂区。地址：湖北武汉湖北省武汉市黄陂区蔡店街道姚家山村黄陂姚家山景区。,31.2538874,114.1881508,wgs84
蔡甸区金龙水寨景区,4A,湖北,武汉市,蔡甸区,湖北武汉蔡甸区索河镇龚家渡金龙湖畔蔡甸区金龙水寨景区,景点景区,国家4A旅游景区。所属地：湖北·武汉市·蔡甸区。地址：湖北武汉蔡甸区索河镇龚家渡金龙湖畔蔡甸区金龙水寨景区。,30.5605776,113.9280941,wgs84
武汉紫薇都市田园景区,4A,湖北,武汉市,新洲区,湖北武汉武汉市新洲区仓埠街丰乐村特一号武汉紫薇都市田园景区,景点景区,国家4A旅游景区。所属地：湖北·武汉市·新洲区。地址：湖北武汉武汉市新洲区仓埠街丰乐村特一号武汉紫薇都市田园景区。,30.8163439,114.6077661,wgs84
黄陂木兰胜天景区,4A,湖北,武汉市,黄陂区,湖北武汉武汉市黄陂区王家河街胜天村黄陂木兰胜天景区,景点景区,国家4A旅游景区。所属地：湖北·武汉市·黄陂区。地址：湖北武汉武汉市黄陂区王家河街胜天村黄陂木兰胜天景区。,31.0259802,114.4376993,wgs84
江夏中山舰旅游区,4A,湖北,武汉市,江夏区,湖北武汉武汉市江夏区金口街中山舰路特一号江夏中山舰旅游区,景点景区,国家4A旅游景区。所属地：湖北·武汉市·江夏区。地址：湖北武汉武汉市江夏区金口街中山舰路特一号江夏中山舰旅游区。,30.3499905,114.1403618,wgs84
黄陂区木兰花乡景区,4A,湖北,武汉市,黄陂区,湖北武汉姚家集街杜堂村葛家湾58号黄陂区木兰花乡景区,景点景区,国家4A旅游景区。所属地：湖北·武汉市·黄陂区。地址：湖北武汉姚家集街杜堂村葛家湾58号黄陂区木兰花乡景区。,31.2397208,114.3821567,wgs84
蔡甸区花博汇景区,4A,湖北,武汉市,蔡甸区,湖北武汉武汉市蔡甸区大集街天星村1号蔡甸区花博汇景区,景点景区,国家4A旅游景区。所属地：湖北·武汉市·蔡甸区。地址：湖北武汉武汉市蔡甸区大集街天星村1号蔡甸区花博汇景区。,30.4913018,114.0686833,wgs84
新洲区凤娃古寨景区,4A,湖北,武汉市,新洲区,湖北武汉武汉市新洲区凤凰镇凤娃古寨新洲区凤娃古寨景区,景点景区,国家4A旅游景区。所属地：湖北·武汉市·新洲区。地址：湖北武汉武汉市新洲区凤凰镇凤娃古寨新洲区凤娃古寨景区。,30.9132693,114.7495009,wgs84
武汉市黄陂区木兰水镇景区,4A,湖北,武汉市,黄陂区,湖北武汉黄陂区王家河街武汉市黄陂区木兰水镇景区,景点景区,国家4A旅游景区。所属地：湖北·武汉市·黄陂区。地址：湖北武汉黄陂区王家河街武汉市黄陂区木兰水镇景区。,30.9636578,114.4159315,wgs84
黄陂区花乡茶谷景区,4A,湖北,武汉市,黄陂区,湖北武汉武汉市黄陂区蔡家榨街黄陂区花乡茶谷景区,景点景区,国家4A旅游景区。所属地：湖北·武汉市·黄陂区。地址：湖北武汉武汉市黄陂区蔡家榨街黄陂区花乡茶谷景区。,30.9287897,114.5343381,wgs84
襄阳市古隆中景区,5A,湖北,襄阳市,襄城区,湖北襄阳襄阳市襄城区隆中路6号襄阳市古隆中景区,景点景区,国家5A旅游景区。所属地：湖北·襄阳市·襄城区。地址：湖北襄阳襄阳市襄城区隆中路6号襄阳市古隆中景区。,31.9930584,112.0248051,wgs84
襄阳唐城景区,4A,湖北,襄阳市,襄城区,湖北襄阳襄城区十家庙襄阳唐城景区,景点景区,国家4A旅游景区。所属地：湖北·襄阳市·襄城区。地址：湖北襄阳襄城区十家庙襄阳唐城景区。,31.9886150,112.1731024,wgs84
南漳春秋寨旅游区,4A,湖北,襄阳市,南漳县,湖北襄阳南漳县东巩镇陆坪村南漳春秋寨旅游区,景点景区,国家4A旅游景区。所属地：湖北·襄阳市·南漳县。地址：湖北襄阳南漳县东巩镇陆坪村南漳春秋寨旅游区。,31.3766748,111.8799034,wgs84
保康尧治河旅游区,4A,湖北,襄阳市,保康县,湖北襄阳保康县马桥镇尧治河村保康尧治河旅游区,景点景区,国家4A旅游景区。所属地：湖北·襄阳市·保康县。地址：湖北襄阳保康县马桥镇尧治河村保康尧治河旅游区。,31.8460704,110.8015283,wgs84
保康县五道峡景区,4A,湖北,襄阳市,保康县,湖北襄阳保康县五道峡风景区保康县五道峡景区,景点景区,国家4A旅游景区。所属地：湖北·襄阳市·保康县。地址：湖北襄阳保康县五道峡风景区保康县五道峡景区。,31.7261390,111.2230472,wgs84
保康九路寨生态旅游区,4A,湖北,襄阳市,保康县,湖北襄阳保康县歇马镇白竹村保康九路寨生态旅游区,景点景区,国家4A旅游景区。所属地：湖北·襄阳市·保康县。地址：湖北襄阳保康县歇马镇白竹村保康九路寨生态旅游区。,31.5270445,111.1430344,wgs84
南漳香水河景区,4A,湖北,襄阳市,南漳县,湖北襄阳南漳县薛坪镇普陀庵村三组南漳香水河景区,景点景区,国家4A旅游景区。所属地：湖北·襄阳市·南漳县。地址：湖北襄阳南漳县薛坪镇普陀庵村三组南漳香水河景区。,31.6129572,111.7008641,wgs84
枣阳汉城景区,4A,湖北,襄阳市,枣阳市,湖北襄阳枣阳市南城东环路枣阳汉城景区,景点景区,国家4A旅游景区。所属地：湖北·襄阳市·枣阳市。地址：湖北襄阳枣阳市南城东环路枣阳汉城景区。,32.1181880,112.7769042,wgs84
枣阳市白水寺景区,4A,湖北,襄阳市,枣阳市,湖北襄阳枣阳市吴店镇白水寺枣阳市白水寺景区,景点景区,国家4A旅游景区。所属地：湖北·襄阳市·枣阳市。地址：湖北襄阳枣阳市吴店镇白水寺枣阳市白水寺景区。,31.9777816,112.7613412,wgs84
襄阳古城景区,4A,湖北,襄阳市,襄城区,湖北襄阳襄城区北街128号襄阳古城景区,景点景区,国家4A旅游景区。所属地：湖北·襄阳市·襄城区。地址：湖北襄阳襄城区北街128号襄阳古城景区。,32.0251610,112.1416533,wgs84
谷城县堰河乡村旅游区,4A,湖北,襄阳市,谷城县,湖北襄阳谷城五山堰河村谷城县堰河乡村旅游区,景点景区,国家4A旅游景区。所属地：湖北·襄阳市·谷城县。地址：湖北襄阳谷城五山堰河村谷城县堰河乡村旅游区。,32.3003234,111.3253928,wgs84
襄阳保康横冲景区,4A,湖北,襄阳市,保康县,湖北襄阳保康县后坪镇横冲景区襄阳保康横冲景区,景点景区,国家4A旅游景区。所属地：湖北·襄阳市·保康县。地址：湖北襄阳保康县后坪镇横冲景区襄阳保康横冲景区。,31.6484314,110.9859530,wgs84
三峡大坝,5A,湖北,宜昌市,西陵区,湖北宜昌宜昌三峡坝区江峡大道13小区三峡大坝,景点景区,国家5A旅游景区。所属地：湖北·宜昌市·西陵区。地址：湖北宜昌宜昌三峡坝区江峡大道13小区三峡大坝。,30.6937906,111.3076081,wgs84
屈原故里文化旅游区,5A,湖北,宜昌市,秭归县,湖北宜昌秭归县茅坪镇滨湖大道屈原故里文化旅游区,景点景区,国家5A旅游景区。所属地：湖北·宜昌市·秭归县。地址：湖北宜昌秭归县茅坪镇滨湖大道屈原故里文化旅游区。,30.8284974,110.9830971,wgs84
三峡人家景区,5A,湖北,宜昌市,夷陵区,湖北宜昌夷陵区三斗坪镇石牌村三峡人家景区,景点景区,国家5A旅游景区。所属地：湖北·宜昌市·夷陵区。地址：湖北宜昌夷陵区三斗坪镇石牌村三峡人家景区。,30.7976736,111.1583295,wgs84
宜昌市长阳清江画廊景区,5A,湖北,宜昌市,长阳土家族自治县,湖北宜昌长阳土家族自治县龙舟坪镇宜昌市长阳清江画廊景区,景点景区,国家5A旅游景区。所属地：湖北·宜昌市·长阳土家族自治县。地址：湖北宜昌长阳土家族自治县龙舟坪镇宜昌市长阳清江画廊景区。,30.4699432,111.1330453,wgs84
宜昌市三峡大瀑布旅游区,5A,湖北,宜昌市,夷陵区,湖北宜昌湖北省宜昌市夷陵区黄花乡宜昌市三峡大瀑布旅游区,景点景区,国家5A旅游景区。所属地：湖北·宜昌市·夷陵区。地址：湖北宜昌湖北省宜昌市夷陵区黄花乡宜昌市三峡大瀑布旅游区。,30.9273366,111.3167983,wgs84
西陵峡口景区,4A,湖北,宜昌市,秭归县,湖北宜昌宜昌市南津关西陵峡口景区,景点景区,国家4A旅游景区。所属地：湖北·宜昌市·秭归县。地址：湖北宜昌宜昌市南津关西陵峡口景区。,30.9392395,110.7894773,wgs84
三游洞景区,4A,湖北,宜昌市,夷陵区,湖北宜昌宜昌市南津关三游洞景区,景点景区,国家4A旅游景区。所属地：湖北·宜昌市·夷陵区。地址：湖北宜昌宜昌市南津关三游洞景区。,30.7681302,111.2585000,wgs84
车溪民俗旅游区,4A,湖北,宜昌市,点军区,湖北宜昌宜昌市点军区土城乡车溪村车溪民俗旅游区,景点景区,国家4A旅游景区。所属地：湖北·宜昌市·点军区。地址：湖北宜昌宜昌市点军区土城乡车溪村车溪民俗旅游区。,30.6482544,111.0851451,wgs84
宜昌市柴埠溪大峡谷景区,4A,湖北,宜昌市,五峰土家族自治县,湖北宜昌五峰县长乐坪镇宜昌市柴埠溪大峡谷景区,景点景区,国家4A旅游景区。所属地：湖北·宜昌市·五峰土家族自治县。地址：湖北宜昌五峰县长乐坪镇宜昌市柴埠溪大峡谷景区。,30.2319085,110.9286895,wgs84
宜昌九畹溪景区,4A,湖北,宜昌市,秭归县,湖北宜昌秭归县九畹溪镇宜昌九畹溪景区,景点景区,国家4A旅游景区。所属地：湖北·宜昌市·秭归县。地址：湖北宜昌秭归县九畹溪镇宜昌九畹溪景区。,30.8431482,110.7825878,wgs84
宜昌石牌要塞旅游区,4A,湖北,宜昌市,夷陵区,湖北宜昌宜昌市夷陵区三斗坪镇石牌村宜昌石牌要塞旅游区,景点景区,国家4A旅游景区。所属地：湖北·宜昌市·夷陵区。地址：湖北宜昌宜昌市夷陵区三斗坪镇石牌村宜昌石牌要塞旅游区。,30.7807981,111.1470648,wgs84
三峡竹海生态景区,4A,湖北,宜昌市,秭归县,湖北宜昌秭归县茅坪镇泗溪村三峡竹海生态景区,景点景区,国家4A旅游景区。所属地：湖北·宜昌市·秭归县。地址：湖北宜昌秭归县茅坪镇泗溪村三峡竹海生态景区。,30.7567646,110.9318154,wgs84
宜昌市高岚朝天吼漂流景区,4A,湖北,宜昌市,兴山县,湖北宜昌兴山县水月寺镇宜昌市高岚朝天吼漂流景区,景点景区,国家4A旅游景区。所属地：湖北·宜昌市·兴山县。地址：湖北宜昌兴山县水月寺镇宜昌市高岚朝天吼漂流景区。,31.2006724,110.9212837,wgs84
玉泉山风景名胜区,4A,湖北,宜昌市,当阳市,湖北宜昌当阳玉泉寺玉泉山风景名胜区,景点景区,国家4A旅游景区。所属地：湖北·宜昌市·当阳市。地址：湖北宜昌当阳玉泉寺玉泉山风景名胜区。,30.7876760,111.6778901,wgs84
远安鸣凤山景区,4A,湖北,宜昌市,远安县,湖北宜昌远安县鸣凤镇凤山村三组远安鸣凤山景区,景点景区,国家4A旅游景区。所属地：湖北·宜昌市·远安县。地址：湖北宜昌远安县鸣凤镇凤山村三组远安鸣凤山景区。,31.0619361,111.6211246,wgs84
五峰后河天门峡景区,4A,湖北,宜昌市,五峰土家族自治县,湖北宜昌五峰土家族自治县五峰镇茅坪村2组五峰后河天门峡景区,景点景区,国家4A旅游景区。所属地：湖北·宜昌市·五峰土家族自治县。地址：湖北宜昌五峰土家族自治县五峰镇茅坪村2组五峰后河天门峡景区。,30.1388639,110.6736867,wgs84
金狮洞景区,4A,湖北,宜昌市,夷陵区,湖北宜昌夷陵区小溪塔街道办事处廖家林村金狮洞景区,景点景区,国家4A旅游景区。所属地：湖北·宜昌市·夷陵区。地址：湖北宜昌夷陵区小溪塔街道办事处廖家林村金狮洞景区。,30.8175130,111.3069631,wgs84
三峡湿地.杨守敬书院,4A,湖北,宜昌市,宜都市,湖北宜昌宜都市五眼泉石门村二组三峡湿地.杨守敬书院,景点景区,国家4A旅游景区。所属地：湖北·宜昌市·宜都市。地址：湖北宜昌宜都市五眼泉石门村二组三峡湿地.杨守敬书院。,30.3817901,111.3243959,wgs84
宜昌百里荒高山草原旅游区,4A,湖北,宜昌市,夷陵区,湖北宜昌宜昌市夷陵区夷兴大道253号宜昌百里荒高山草原旅游区,景点景区,国家4A旅游景区。所属地：湖北·宜昌市·夷陵区。地址：湖北宜昌宜昌市夷陵区夷兴大道253号宜昌百里荒高山草原旅游区。,30.7908617,111.3427086,wgs84
宜昌清江方山景区,4A,湖北,宜昌市,宜都市,湖北宜昌宜昌长阳县龙舟坪郑家榜村一组宜昌清江方山景区,景点景区,国家4A旅游景区。所属地：湖北·宜昌市·宜都市。地址：湖北宜昌宜昌长阳县龙舟坪郑家榜村一组宜昌清江方山景区。,30.3776336,111.4407865,wgs84
宜昌三峡九凤谷景区,4A,湖北,宜昌市,宜都市,湖北宜昌宜昌宜都市五眼泉镇宜昌三峡九凤谷景区,景点景区,国家4A旅游景区。所属地：湖北·宜昌市·宜都市。地址：湖北宜昌宜昌宜都市五眼泉镇宜昌三峡九凤谷景区。,30.3164587,111.2694486,wgs84
宜昌市远安县武陵峡口生态旅游区,4A,湖北,宜昌市,远安县,湖北宜昌远安县洋坪镇陈家湾4组宜昌市远安县武陵峡口生态旅游区,景点景区,国家4A旅游景区。所属地：湖北·宜昌市·远安县。地址：湖北宜昌远安县洋坪镇陈家湾4组宜昌市远安县武陵峡口生态旅游区。,31.2568891,111.5800355,wgs84
昭君村古汉文化游览区,4A,湖北,宜昌市,兴山县,湖北宜昌宜昌市兴山县昭君镇昭君村古汉文化游览区,景点景区,国家4A旅游景区。所属地：湖北·宜昌市·兴山县。地址：湖北宜昌宜昌市兴山县昭君镇昭君村古汉文化游览区。,31.2678601,110.6941923,wgs84
宜都市清江天龙湾旅游度假区,4A,湖北,宜昌市,宜都市,湖北宜昌宜都市红花套镇鄢沱村宜都市清江天龙湾旅游度假区,景点景区,国家4A旅游景区。所属地：湖北·宜昌市·宜都市。地址：湖北宜昌宜都市红花套镇鄢沱村宜都市清江天龙湾旅游度假区。,30.5013564,111.3129689,wgs84
长阳县卓尔木桥溪生态旅游度假区,4A,湖北,宜昌市,长阳土家族自治县,湖北宜昌宜昌市长阳土家族自治县高家堰镇木桥溪村3组1号长阳县卓尔木桥溪生态旅游度假区,景点景区,国家4A旅游景区。所属地：湖北·宜昌市·长阳土家族自治县。地址：湖北宜昌宜昌市长阳土家族自治县高家堰镇木桥溪村3组1号长阳县卓尔木桥溪生态旅游度假区。,30.6382385,110.9795000,wgs84
远安县三峡龙隐谷生态旅游区,4A,湖北,宜昌市,远安县,湖北宜昌远安县花林寺镇木瓜铺村一组远安县三峡龙隐谷生态旅游区,景点景区,国家4A旅游景区。所属地：湖北·宜昌市·远安县。地址：湖北宜昌远安县花林寺镇木瓜铺村一组远安县三峡龙隐谷生态旅游区。,30.9686136,111.6234636,wgs84
宜昌博物馆,4A,湖北,宜昌市,西陵区,湖北宜昌伍家岗区求索路1号宜昌博物馆,景点景区,国家4A旅游景区。所属地：湖北·宜昌市·西陵区。地址：湖北宜昌伍家岗区求索路1号宜昌博物馆。,30.6967763,111.2912263,wgs84
宜都市青林休闲旅游区,4A,湖北,宜昌市,宜都市,湖北宜昌宜都市高坝洲镇青林寺村宜都市青林休闲旅游区,景点景区,国家4A旅游景区。所属地：湖北·宜昌市·宜都市。地址：湖北宜昌宜都市高坝洲镇青林寺村宜都市青林休闲旅游区。,30.4813363,111.3442045,wgs84
黄石市黄石国家矿山公园,4A,湖北,黄石市,铁山区,湖北黄石铁山区大冶铁矿矿山公园管理处黄石市黄石国家矿山公园,景点景区,国家4A旅游景区。所属地：湖北·黄石市·铁山区。地址：湖北黄石铁山区大冶铁矿矿山公园管理处黄石市黄石国家矿山公园。,30.2142029,114.9069895,wgs84
大冶市雷山景区,4A,湖北,黄石市,大冶市,湖北黄石大冶市雷山风景区管理处大冶市雷山景区,景点景区,国家4A旅游景区。所属地：湖北·黄石市·大冶市。地址：湖北黄石大冶市雷山风景区管理处大冶市雷山景区。,30.0356108,114.7858698,wgs84
黄石市东方山景区,4A,湖北,黄石市,下陆区,湖北黄石下陆区东方山东路99号黄石市东方山景区,景点景区,国家4A旅游景区。所属地：湖北·黄石市·下陆区。地址：湖北黄石下陆区东方山东路99号黄石市东方山景区。,30.2080352,114.9406311,wgs84
阳新县仙岛湖生态旅游景区,4A,湖北,黄石市,阳新县,湖北黄石阳新县王英镇码头路特一号阳新县仙岛湖生态旅游景区,景点景区,国家4A旅游景区。所属地：湖北·黄石市·阳新县。地址：湖北黄石阳新县王英镇码头路特一号阳新县仙岛湖生态旅游景区。,29.8034637,114.8275339,wgs84
大冶市龙凤山景区,4A,湖北,黄石市,大冶市,湖北黄石大冶市刘仁八镇双港口14号大冶市龙凤山景区,景点景区,国家4A旅游景区。所属地：湖北·黄石市·大冶市。地址：湖北黄石大冶市刘仁八镇双港口14号大冶市龙凤山景区。,29.9031954,114.8298827,wgs84
武当山风景区,5A,湖北,十堰市,丹江口市,湖北十堰武当山旅游经济特区永乐路武当山风景区,景点景区,国家5A旅游景区。所属地：湖北·十堰市·丹江口市。地址：湖北十堰武当山旅游经济特区永乐路武当山风景区。,32.4815918,111.0697790,wgs84
房县野人洞（谷）旅游区,4A,湖北,十堰市,房县,湖北十堰房县桥上乡桥上村房县野人洞（谷）旅游区,景点景区,国家4A旅游景区。所属地：湖北·十堰市·房县。地址：湖北十堰房县桥上乡桥上村房县野人洞（谷）旅游区。,31.9182899,110.7322368,wgs84
十堰市五龙河旅游景区,4A,湖北,十堰市,郧西县,湖北十堰郧西县安家乡十堰市五龙河旅游景区,景点景区,国家4A旅游景区。所属地：湖北·十堰市·郧西县。地址：湖北十堰郧西县安家乡十堰市五龙河旅游景区。,33.0153604,110.5069888,wgs84
郧西龙潭河旅游区,4A,湖北,十堰市,郧西县,湖北十堰郧西县羊尾镇郧西龙潭河旅游区,景点景区,国家4A旅游景区。所属地：湖北·十堰市·郧西县。地址：湖北十堰郧西县羊尾镇郧西龙潭河旅游区。,32.8376132,110.1829338,wgs84
十堰市博物馆,4A,湖北,十堰市,茅箭区,湖北十堰十堰市北京北路91号十堰市博物馆,景点景区,国家4A旅游景区。所属地：湖北·十堰市·茅箭区。地址：湖北十堰十堰市北京北路91号十堰市博物馆。,32.6441170,110.7905962,wgs84
丹江口市太极峡景区,4A,湖北,十堰市,丹江口市,湖北十堰丹江口市石鼓镇丹江口市太极峡景区,景点景区,国家4A旅游景区。所属地：湖北·十堰市·丹江口市。地址：湖北十堰丹江口市石鼓镇丹江口市太极峡景区。,32.7469926,111.3802146,wgs84
丹江口市静乐宫,4A,湖北,十堰市,丹江口市,湖北十堰丹江口市单赵路丹江口市静乐宫,景点景区,国家4A旅游景区。所属地：湖北·十堰市·丹江口市。地址：湖北十堰丹江口市单赵路丹江口市静乐宫。,32.5600824,111.5393814,wgs84
郧西县天河旅游区,4A,湖北,十堰市,郧西县,湖北十堰郧西县城关镇郧西县天河旅游区,景点景区,国家4A旅游景区。所属地：湖北·十堰市·郧西县。地址：湖北十堰郧西县城关镇郧西县天河旅游区。,32.9778332,110.4145647,wgs84
郧县九龙瀑旅游区,4A,湖北,十堰市,郧阳区,湖北十堰郧县南化塘镇青岩村郧县九龙瀑旅游区,景点景区,国家4A旅游景区。所属地：湖北·十堰市·郧阳区。地址：湖北十堰郧县南化塘镇青岩村郧县九龙瀑旅游区。,33.0980312,110.8713148,wgs84
十堰市赛武当云龙谷旅游度假区,4A,湖北,十堰市,茅箭区,湖北十堰赛武当省级自然保护区十堰市赛武当云龙谷旅游度假区,景点景区,国家4A旅游景区。所属地：湖北·十堰市·茅箭区。地址：湖北十堰赛武当省级自然保护区十堰市赛武当云龙谷旅游度假区。,32.5642049,110.7348119,wgs84
房县观音洞旅游区,4A,湖北,十堰市,房县,湖北十堰房县观音洞风景区管理处房县观音洞旅游区,景点景区,国家4A旅游景区。所属地：湖北·十堰市·房县。地址：湖北十堰房县观音洞风景区管理处房县观音洞旅游区。,32.0364314,110.7192916,wgs84
十堰市人民公园,4A,湖北,十堰市,张湾区,湖北十堰十堰市公园路25号十堰市人民公园,景点景区,国家4A旅游景区。所属地：湖北·十堰市·张湾区。地址：湖北十堰十堰市公园路25号十堰市人民公园。,32.6526061,110.7717140,wgs84
武当山南神道旅游区,4A,湖北,十堰市,丹江口市,湖北十堰丹江口市官山镇吕家河村武当山南神道旅游区,景点景区,国家4A旅游景区。所属地：湖北·十堰市·丹江口市。地址：湖北十堰丹江口市官山镇吕家河村武当山南神道旅游区。,32.4007118,111.0047248,wgs84
郧西上津文化旅游区,4A,湖北,十堰市,郧西县,湖北十堰郧西县上津古镇郧西上津文化旅游区,景点景区,国家4A旅游景区。所属地：湖北·十堰市·郧西县。地址：湖北十堰郧西县上津古镇郧西上津文化旅游区。,33.1238957,110.0258251,wgs84
郧县虎啸滩旅游区,4A,湖北,十堰市,郧阳区,湖北十堰郧县大柳虎啸滩景区郧县虎啸滩旅游区,景点景区,国家4A旅游景区。所属地：湖北·十堰市·郧阳区。地址：湖北十堰郧县大柳虎啸滩景区郧县虎啸滩旅游区。,33.0063656,110.6897613,wgs84
竹山县女娲山旅游区,4A,湖北,十堰市,竹山县,湖北十堰竹山县宝丰镇新茶村竹山县女娲山旅游区,景点景区,国家4A旅游景区。所属地：湖北·十堰市·竹山县。地址：湖北十堰竹山县宝丰镇新茶村竹山县女娲山旅游区。,32.2689304,109.9731289,wgs84
丹江口沧浪海旅游区,4A,湖北,十堰市,丹江口市,湖北十堰十堰市丹江口市石岸新城区武当大道1号丹江口沧浪海旅游区,景点景区,国家4A旅游景区。所属地：湖北·十堰市·丹江口市。地址：湖北十堰十堰市丹江口市石岸新城区武当大道1号丹江口沧浪海旅游区。,32.5590654,111.4712458,wgs84
武当山快乐谷旅游区,4A,湖北,十堰市,丹江口市,湖北十堰武当山特区瓦房河村武当山快乐谷旅游区,景点景区,国家4A旅游景区。所属地：湖北·十堰市·丹江口市。地址：湖北十堰武当山特区瓦房河村武当山快乐谷旅游区。,32.4948217,111.1383874,wgs84
竹溪县龙王垭观光茶园旅游区,4A,湖北,十堰市,竹溪县,湖北十堰竹溪县龙王垭场竹溪县龙王垭观光茶园旅游区,景点景区,国家4A旅游景区。所属地：湖北·十堰市·竹溪县。地址：湖北十堰竹溪县龙王垭场竹溪县龙王垭观光茶园旅游区。,32.0207501,109.9658104,wgs84
房县神农大峡谷景区,4A,湖北,十堰市,房县,湖北十堰湖北省十堰市房县野人谷镇神农大峡谷景区房县神农大峡谷景区,景点景区,国家4A旅游景区。所属地：湖北·十堰市·房县。地址：湖北十堰湖北省十堰市房县野人谷镇神农大峡谷景区房县神农大峡谷景区。,31.8943936,110.7197795,wgs84
郧阳恐龙蛋化石群国家地质公园,4A,湖北,十堰市,郧阳区,湖北十堰郧县柳陂镇青龙山郧阳恐龙蛋化石群国家地质公园,景点景区,国家4A旅游景区。所属地：湖北·十堰市·郧阳区。地址：湖北十堰郧县柳陂镇青龙山郧阳恐龙蛋化石群国家地质公园。,32.8552576,110.7398657,wgs84
太和梅花谷旅游区,4A,湖北,十堰市,竹山县,湖北十堰竹山县文峰乡太和村太和梅花谷旅游区,景点景区,国家4A旅游景区。所属地：湖北·十堰市·竹山县。地址：湖北十堰竹山县文峰乡太和村太和梅花谷旅游区。,32.2570165,110.3596346,wgs84
荆州博物馆,4A,湖北,荆州市,荆州区,湖北荆州荆州市荆中路142号荆州博物馆,景点景区,国家4A旅游景区。所属地：湖北·荆州市·荆州区。地址：湖北荆州荆州市荆中路142号荆州博物馆。,30.3555694,112.1745597,wgs84
荆州古城历史文化旅游区,4A,湖北,荆州市,荆州区,湖北荆州荆州市张居正街2号荆州古城历史文化旅游区,景点景区,国家4A旅游景区。所属地：湖北·荆州市·荆州区。地址：湖北荆州荆州市张居正街2号荆州古城历史文化旅游区。,30.3526787,112.2114911,wgs84
洪湖悦兮半岛旅游区,4A,湖北,荆州市,洪湖市,湖北荆州荆州市洪湖市洪湖悦兮半岛旅游区,景点景区,国家4A旅游景区。所属地：湖北·荆州市·洪湖市。地址：湖北荆州荆州市洪湖市洪湖悦兮半岛旅游区。,29.9077485,113.5901536,wgs84
松滋洈水旅游区,4A,湖北,荆州市,松滋市,湖北荆州松滋市洈水镇松滋洈水旅游区,景点景区,国家4A旅游景区。所属地：湖北·荆州市·松滋市。地址：湖北荆州松滋市洈水镇松滋洈水旅游区。,29.9639333,111.5862534,wgs84
荆州楚王车马阵景区,4A,湖北,荆州市,荆州区,湖北荆州荆州市荆州区川店镇张场村荆州楚王车马阵景区,景点景区,国家4A旅游景区。所属地：湖北·荆州市·荆州区。地址：湖北荆州荆州市荆州区川店镇张场村荆州楚王车马阵景区。,30.6130255,112.0092338,wgs84
洪湖市红色湘鄂西旅游区,4A,湖北,荆州市,洪湖市,湖北荆州洪湖市沿江路8号洪湖市红色湘鄂西旅游区,景点景区,国家4A旅游景区。所属地：湖北·荆州市·洪湖市。地址：湖北荆州洪湖市沿江路8号洪湖市红色湘鄂西旅游区。,29.7992198,113.4497500,wgs84
荆州海洋世界,4A,湖北,荆州市,沙市区,湖北荆州沙市区园林北路与天谷大道交汇处荆州海洋世界,景点景区,国家4A旅游景区。所属地：湖北·荆州市·沙市区。地址：湖北荆州沙市区园林北路与天谷大道交汇处荆州海洋世界。,30.3583480,112.2624447,wgs84
荆州园博园景区,4A,湖北,荆州市,荆州区,湖北荆州中国湖北省荆州纪南生态文化旅游区园博路1号荆州园博园景区,景点景区,国家4A旅游景区。所属地：湖北·荆州市·荆州区。地址：湖北荆州中国湖北省荆州纪南生态文化旅游区园博路1号荆州园博园景区。,30.4226310,112.2210837,wgs84
钟祥市明显陵文化旅游景区,4A,湖北,荆门市,钟祥市,湖北荆门明显陵管理处钟祥市明显陵文化旅游景区,景点景区,国家4A旅游景区。所属地：湖北·荆门市·钟祥市。地址：湖北荆门明显陵管理处钟祥市明显陵文化旅游景区。,31.1701805,112.5825516,wgs84
钟祥市黄仙洞景区,4A,湖北,荆门市,钟祥市,湖北荆门客店镇钟祥市黄仙洞景区,景点景区,国家4A旅游景区。所属地：湖北·荆门市·钟祥市。地址：湖北荆门客店镇钟祥市黄仙洞景区。,31.4070051,112.9668703,wgs84
荆门市绿林山景区,4A,湖北,荆门市,京山市,湖北荆门京山县绿林镇荆门市绿林山景区,景点景区,国家4A旅游景区。所属地：湖北·荆门市·京山市。地址：湖北荆门京山县绿林镇荆门市绿林山景区。,31.3547853,113.0955435,wgs84
荆门市彭墩乡村旅游世界,4A,湖北,荆门市,钟祥市,湖北荆门钟祥市石牌镇彭墩村荆门市彭墩乡村旅游世界,景点景区,国家4A旅游景区。所属地：湖北·荆门市·钟祥市。地址：湖北荆门钟祥市石牌镇彭墩村荆门市彭墩乡村旅游世界。,30.9956455,112.3312376,wgs84
湖北省漳河景区,4A,湖北,荆门市,东宝区,湖北荆门荆门市漳河镇湖北省漳河景区,景点景区,国家4A旅游景区。所属地：湖北·荆门市·东宝区。地址：湖北荆门荆门市漳河镇湖北省漳河景区。,30.9567694,112.0693534,wgs84
钟祥市汇源农谷体验园,4A,湖北,荆门市,钟祥市,湖北荆门钟祥市大口林场长岭村钟祥市汇源农谷体验园,景点景区,国家4A旅游景区。所属地：湖北·荆门市·钟祥市。地址：湖北荆门钟祥市大口林场长岭村钟祥市汇源农谷体验园。,31.1109189,112.7925370,wgs84
荆门市京山市太子山生态旅游区,4A,湖北,荆门市,京山市,湖北荆门湖北京山县太子山林场管理局荆门市京山市太子山生态旅游区,景点景区,国家4A旅游景区。所属地：湖北·荆门市·京山市。地址：湖北荆门湖北京山县太子山林场管理局荆门市京山市太子山生态旅游区。,30.9283215,112.8676316,wgs84
荆门极客公园,4A,湖北,荆门市,东宝区,湖北荆门荆门市漳河新区爱飞客大道10号荆门极客公园,景点景区,国家4A旅游景区。所属地：湖北·荆门市·东宝区。地址：湖北荆门荆门市漳河新区爱飞客大道10号荆门极客公园。,30.9622276,112.1137904,wgs84
湖北莲花山旅游区,4A,湖北,鄂州市,鄂城区,湖北鄂州鄂州莲花山管委会湖北莲花山旅游区,景点景区,国家4A旅游景区。所属地：湖北·鄂州市·鄂城区。地址：湖北鄂州鄂州莲花山管委会湖北莲花山旅游区。,30.3827614,114.8946718,wgs84
鄂州西山风景区,4A,湖北,鄂州市,鄂城区,湖北鄂州武昌大道222号鄂州西山风景区,景点景区,国家4A旅游景区。所属地：湖北·鄂州市·鄂城区。地址：湖北鄂州武昌大道222号鄂州西山风景区。,30.4098185,114.8643134,wgs84
鄂州市梁子岛生态旅游区,4A,湖北,鄂州市,梁子湖区,湖北鄂州鄂州市梁子湖区梁子湖生态旅游区鄂州市梁子岛生态旅游区,景点景区,国家4A旅游景区。所属地：湖北·鄂州市·梁子湖区。地址：湖北鄂州鄂州市梁子湖区梁子湖生态旅游区鄂州市梁子岛生态旅游区。,30.2567456,114.5667116,wgs84
鄂州市杏福园旅游区,4A,湖北,鄂州市,华容区,湖北鄂州鄂州市华容区段店镇庄屋村二组鄂州市杏福园旅游区,景点景区,国家4A旅游景区。所属地：湖北·鄂州市·华容区。地址：湖北鄂州鄂州市华容区段店镇庄屋村二组鄂州市杏福园旅游区。,30.5636470,114.7750305,wgs84
湖北汤池温泉旅游景区,4A,湖北,孝感市,应城市,湖北孝感应城汤池镇湖北汤池温泉旅游景区,景点景区,国家4A旅游景区。所属地：湖北·孝感市·应城市。地址：湖北孝感应城汤池镇湖北汤池温泉旅游景区。,30.9108608,113.3416207,wgs84
孝感市双峰山旅游度假区,4A,湖北,孝感市,孝昌县,湖北孝感孝感市双峰山旅游度假区孝感市双峰山旅游度假区,景点景区,国家4A旅游景区。所属地：湖北·孝感市·孝昌县。地址：湖北孝感孝感市双峰山旅游度假区孝感市双峰山旅游度假区。,31.1617424,114.1683870,wgs84
孝感市孝昌县观音湖旅游度假区,4A,湖北,孝感市,孝昌县,湖北孝感观音湖旅游度假区管委会孝感市孝昌县观音湖旅游度假区,景点景区,国家4A旅游景区。所属地：湖北·孝感市·孝昌县。地址：湖北孝感观音湖旅游度假区管委会孝感市孝昌县观音湖旅游度假区。,31.3398961,114.1178333,wgs84
孝感市天紫湖生态度假区,4A,湖北,孝感市,孝南区,湖北孝感孝南区肖港镇天紫湖旁孝感市天紫湖生态度假区,景点景区,国家4A旅游景区。所属地：湖北·孝感市·孝南区。地址：湖北孝感孝南区肖港镇天紫湖旁孝感市天紫湖生态度假区。,31.1072082,113.9743935,wgs84
安陆白兆山李白文化旅游区,4A,湖北,孝感市,安陆市,湖北孝感安陆市烟店镇安陆白兆山李白文化旅游区,景点景区,国家4A旅游景区。所属地：湖北·孝感市·安陆市。地址：湖北孝感安陆市烟店镇安陆白兆山李白文化旅游区。,31.3277572,113.5597821,wgs84
孝感金卉庄园景区,4A,湖北,孝感市,孝南区,湖北孝感孝感区孝南区朋兴店孝感金卉庄园景区,景点景区,国家4A旅游景区。所属地：湖北·孝感市·孝南区。地址：湖北孝感孝感区孝南区朋兴店孝感金卉庄园景区。,31.0237280,113.9454521,wgs84
大悟县中原军区旧址景区,4A,湖北,孝感市,大悟县,湖北孝感大悟县宣化店镇大悟县中原军区旧址景区,景点景区,国家4A旅游景区。所属地：湖北·孝感市·大悟县。地址：湖北孝感大悟县宣化店镇大悟县中原军区旧址景区。,31.6914654,114.4921940,wgs84
孝感市大悟县湖北十八潭生态旅游区,4A,湖北,孝感市,大悟县,湖北孝感孝感市大悟县三里镇石铺村孝感市大悟县湖北十八潭生态旅游区,景点景区,国家4A旅游景区。所属地：湖北·孝感市·大悟县。地址：湖北孝感孝感市大悟县三里镇石铺村孝感市大悟县湖北十八潭生态旅游区。,31.7803491,114.1761827,wgs84
孝感汉川市天屿湖旅游区,4A,湖北,孝感市,汉川市,湖北孝感汉川市马口镇新蔡城路1号孝感汉川市天屿湖旅游区,景点景区,国家4A旅游景区。所属地：湖北·孝感市·汉川市。地址：湖北孝感汉川市马口镇新蔡城路1号孝感汉川市天屿湖旅游区。,30.5414197,113.8327653,wgs84
应城国家矿山公园·爱漫文旅小镇,4A,湖北,孝感市,应城市,湖北孝感应城市汤八线松林岗应城国家矿山公园·爱漫文旅小镇,景点景区,国家4A旅游景区。所属地：湖北·孝感市·应城市。地址：湖北孝感应城市汤八线松林岗应城国家矿山公园·爱漫文旅小镇。,30.9495933,113.5003140,wgs84
红安县黄麻起义和鄂豫皖苏区纪念园,4A,湖北,黄冈市,红安县,湖北黄冈红安县城关镇陵园大道红安县黄麻起义和鄂豫皖苏区纪念园,景点景区,国家4A旅游景区。所属地：湖北·黄冈市·红安县。地址：湖北黄冈红安县城关镇陵园大道红安县黄麻起义和鄂豫皖苏区纪念园。,31.2949158,114.6211732,wgs84
浠水县三角山景区,4A,湖北,黄冈市,浠水县,湖北黄冈浠水县三角山浠水县三角山景区,景点景区,国家4A旅游景区。所属地：湖北·黄冈市·浠水县。地址：湖北黄冈浠水县三角山浠水县三角山景区。,30.5128961,115.5317516,wgs84
麻城市龟峰山景区,4A,湖北,黄冈市,麻城市,湖北黄冈麻城市龟峰山风景区麻城市龟峰山景区,景点景区,国家4A旅游景区。所属地：湖北·黄冈市·麻城市。地址：湖北黄冈麻城市龟峰山风景区麻城市龟峰山景区。,31.0724715,115.2492591,wgs84
麻城市烈士陵园,4A,湖北,黄冈市,麻城市,湖北黄冈麻城市陵园大道75号麻城市烈士陵园,景点景区,国家4A旅游景区。所属地：湖北·黄冈市·麻城市。地址：湖北黄冈麻城市陵园大道75号麻城市烈士陵园。,31.1827120,115.0151031,wgs84
红安县李先念故居纪念园,4A,湖北,黄冈市,红安县,湖北黄冈红安县高桥镇长丰村红安县李先念故居纪念园,景点景区,国家4A旅游景区。所属地：湖北·黄冈市·红安县。地址：湖北黄冈红安县高桥镇长丰村红安县李先念故居纪念园。,31.1512625,114.5160644,wgs84
英山大别山南武当旅游区,4A,湖北,黄冈市,英山县,湖北黄冈英山县吴家山林场英山大别山南武当旅游区,景点景区,国家4A旅游景区。所属地：湖北·黄冈市·英山县。地址：湖北黄冈英山县吴家山林场英山大别山南武当旅游区。,31.1213948,115.8310916,wgs84
英山县桃花冲旅游度假区,4A,湖北,黄冈市,英山县,湖北黄冈英山县草盘地镇英山县桃花冲旅游度假区,景点景区,国家4A旅游景区。所属地：湖北·黄冈市·英山县。地址：湖北黄冈英山县草盘地镇英山县桃花冲旅游度假区。,30.9914694,116.0354957,wgs84
罗田县天堂寨景区,4A,湖北,黄冈市,罗田县,湖北黄冈罗田县九资河镇罗田县天堂寨景区,景点景区,国家4A旅游景区。所属地：湖北·黄冈市·罗田县。地址：湖北黄冈罗田县九资河镇罗田县天堂寨景区。,31.0807054,115.7433684,wgs84
红安县天台山景区,4A,湖北,黄冈市,红安县,湖北黄冈红安县天台山风景区天台山宾馆红安县天台山景区,景点景区,国家4A旅游景区。所属地：湖北·黄冈市·红安县。地址：湖北黄冈红安县天台山风景区天台山宾馆红安县天台山景区。,31.5730040,114.6128867,wgs84
黄冈市遗爱湖景区,4A,湖北,黄冈市,黄州区,湖北黄冈黄冈市黄州区东坡大道黄冈市遗爱湖景区,景点景区,国家4A旅游景区。所属地：湖北·黄冈市·黄州区。地址：湖北黄冈黄冈市黄州区东坡大道黄冈市遗爱湖景区。,30.4580827,114.8873627,wgs84
罗田县大别山薄刀峰景区,4A,湖北,黄冈市,罗田县,湖北黄冈罗田县胜利镇薄刀峰景区罗田县大别山薄刀峰景区,景点景区,国家4A旅游景区。所属地：湖北·黄冈市·罗田县。地址：湖北黄冈罗田县胜利镇薄刀峰景区罗田县大别山薄刀峰景区。,30.7714731,115.3767108,wgs84
黄梅县四祖风景区,4A,湖北,黄冈市,黄梅县,湖北黄冈黄梅县大河镇四祖寺黄梅县四祖风景区,景点景区,国家4A旅游景区。所属地：湖北·黄冈市·黄梅县。地址：湖北黄冈黄梅县大河镇四祖寺黄梅县四祖风景区。,30.1217176,115.7928326,wgs84
黄冈市东坡赤壁景区,4A,湖北,黄冈市,黄州区,湖北黄冈黄冈市黄州区东坡赤壁风景区管理处黄冈市东坡赤壁景区,景点景区,国家4A旅游景区。所属地：湖北·黄冈市·黄州区。地址：湖北黄冈黄冈市黄州区东坡赤壁风景区管理处黄冈市东坡赤壁景区。,30.4567434,114.8641012,wgs84
麻城市五脑山森林公园,4A,湖北,黄冈市,麻城市,湖北黄冈麻城市五脑山国家森林公园管理处麻城市五脑山森林公园,景点景区,国家4A旅游景区。所属地：湖北·黄冈市·麻城市。地址：湖北黄冈麻城市五脑山国家森林公园管理处麻城市五脑山森林公园。,31.2280409,114.9903552,wgs84
蕲春李时珍医道文化旅游区普阳观,4A,湖北,黄冈市,蕲春县,湖北黄冈蕲春漕河镇南阳四路11号蕲春李时珍医道文化旅游区普阳观,景点景区,国家4A旅游景区。所属地：湖北·黄冈市·蕲春县。地址：湖北黄冈蕲春漕河镇南阳四路11号蕲春李时珍医道文化旅游区普阳观。,30.2492091,115.4050900,wgs84
麻城市孝感乡文化园,4A,湖北,黄冈市,麻城市,湖北黄冈麻城市湖广大道麻城市孝感乡文化园,景点景区,国家4A旅游景区。所属地：湖北·黄冈市·麻城市。地址：湖北黄冈麻城市湖广大道麻城市孝感乡文化园。,31.1678004,115.0130837,wgs84
武穴市广济时光景区,4A,湖北,黄冈市,武穴市,湖北黄冈武穴市龙潭路1号武穴市广济时光景区,景点景区,国家4A旅游景区。所属地：湖北·黄冈市·武穴市。地址：湖北黄冈武穴市龙潭路1号武穴市广济时光景区。,29.8512916,115.5527594,wgs84
黄冈雾云山生态旅游景区,4A,湖北,黄冈市,蕲春县,湖北黄冈湖北蕲春县林镇雾云村3组黄冈雾云山生态旅游景区,景点景区,国家4A旅游景区。所属地：湖北·黄冈市·蕲春县。地址：湖北黄冈湖北蕲春县林镇雾云村3组黄冈雾云山生态旅游景区。,30.5092097,115.8388470,wgs84
黄梅五祖风景区,4A,湖北,黄冈市,黄梅县,湖北黄冈黄梅县吴祖镇禅定大道黄梅五祖风景区,景点景区,国家4A旅游景区。所属地：湖北·黄冈市·黄梅县。地址：湖北黄冈黄梅县吴祖镇禅定大道黄梅五祖风景区。,30.1740895,115.9363714,wgs84
英山县四季花海景区,4A,湖北,黄冈市,英山县,湖北黄冈英山县温泉镇金石路18号英山县四季花海景区,景点景区,国家4A旅游景区。所属地：湖北·黄冈市·英山县。地址：湖北黄冈英山县温泉镇金石路18号英山县四季花海景区。,30.6989181,115.6409023,wgs84
蕲春李山生态旅游区,4A,湖北,黄冈市,蕲春县,湖北黄冈蕲春县大同镇李山村蕲春李山生态旅游区,景点景区,国家4A旅游景区。所属地：湖北·黄冈市·蕲春县。地址：湖北黄冈蕲春县大同镇李山村蕲春李山生态旅游区。,30.4911014,115.7555508,wgs84
咸宁市赤壁古战场景区,5A,湖北,咸宁市,赤壁市,湖北咸宁赤壁市赤壁镇武侯巷6号咸宁市赤壁古战场景区,景点景区,国家5A旅游景区。所属地：湖北·咸宁市·赤壁市。地址：湖北咸宁赤壁市赤壁镇武侯巷6号咸宁市赤壁古战场景区。,29.8739456,113.6285824,wgs84
通山九宫山景区,4A,湖北,咸宁市,通山县,湖北咸宁九宫山镇船埠村通山九宫山景区,景点景区,国家4A旅游景区。所属地：湖北·咸宁市·通山县。地址：湖北咸宁九宫山镇船埠村通山九宫山景区。,29.4132267,114.6608504,wgs84
龙佑赤壁温泉旅游度假区,4A,湖北,咸宁市,赤壁市,湖北咸宁赤壁市赤壁市凤凰山龙佑赤壁温泉旅游度假区,景点景区,国家4A旅游景区。所属地：湖北·咸宁市·赤壁市。地址：湖北咸宁赤壁市赤壁市凤凰山龙佑赤壁温泉旅游度假区。,29.6990895,113.8480685,wgs84
咸宁市陆水湖景区,4A,湖北,咸宁市,赤壁市,湖北咸宁赤壁市陆水花园（6路终点站）陆管委咸宁市陆水湖景区,景点景区,国家4A旅游景区。所属地：湖北·咸宁市·赤壁市。地址：湖北咸宁赤壁市陆水花园（6路终点站）陆管委咸宁市陆水湖景区。,29.6944839,113.9467561,wgs84
通山县隐水洞景区,4A,湖北,咸宁市,通山县,湖北咸宁通山县大畈镇隐水村通山县隐水洞景区,景点景区,国家4A旅游景区。所属地：湖北·咸宁市·通山县。地址：湖北咸宁通山县大畈镇隐水村通山县隐水洞景区。,29.6607392,114.6341818,wgs84
咸宁市太乙温泉,4A,湖北,咸宁市,咸安区,湖北咸宁温泉旅游新城太乙村咸宁市太乙温泉,景点景区,国家4A旅游景区。所属地：湖北·咸宁市·咸安区。地址：湖北咸宁温泉旅游新城太乙村咸宁市太乙温泉。,29.7799986,114.2994402,wgs84
咸宁市楚天瑶池温泉度假村,4A,湖北,咸宁市,咸安区,湖北咸宁湖北咸宁温泉区温泉路3号咸宁市楚天瑶池温泉度假村,景点景区,国家4A旅游景区。所属地：湖北·咸宁市·咸安区。地址：湖北咸宁湖北咸宁温泉区温泉路3号咸宁市楚天瑶池温泉度假村。,29.8221911,114.3245428,wgs84
嘉鱼县山湖温泉景区,4A,湖北,咸宁市,嘉鱼县,湖北咸宁嘉鱼县三湖连江牛头山风景区嘉鱼县山湖温泉景区,景点景区,国家4A旅游景区。所属地：湖北·咸宁市·嘉鱼县。地址：湖北咸宁嘉鱼县三湖连江牛头山风景区嘉鱼县山湖温泉景区。,29.9682657,113.9213393,wgs84
咸宁市温泉谷度假区,4A,湖北,咸宁市,咸安区,湖北咸宁咸宁市月亮湾路特一号咸宁市温泉谷度假区,景点景区,国家4A旅游景区。所属地：湖北·咸宁市·咸安区。地址：湖北咸宁咸宁市月亮湾路特一号咸宁市温泉谷度假区。,29.8226929,114.3172444,wgs84
三江森林旅游区,4A,湖北,咸宁市,咸安区,湖北咸宁咸宁市月亮湾路2号三江森林旅游区,景点景区,国家4A旅游景区。所属地：湖北·咸宁市·咸安区。地址：湖北咸宁咸宁市月亮湾路2号三江森林旅游区。,29.8114269,114.3236312,wgs84
黄鹤楼森林美酒小镇,4A,湖北,咸宁市,咸安区,湖北咸宁咸宁市高新区金桂路259号黄鹤楼森林美酒小镇,景点景区,国家4A旅游景区。所属地：湖北·咸宁市·咸安区。地址：湖北咸宁咸宁市高新区金桂路259号黄鹤楼森林美酒小镇。,29.8770542,114.3383000,wgs84
嘉鱼官桥田野乡村公园,4A,湖北,咸宁市,嘉鱼县,湖北咸宁咸宁市嘉鱼县官桥八组嘉鱼官桥田野乡村公园,景点景区,国家4A旅游景区。所属地：湖北·咸宁市·嘉鱼县。地址：湖北咸宁咸宁市嘉鱼县官桥八组嘉鱼官桥田野乡村公园。,30.0217503,114.0167046,wgs84
崇阳县柃蜜小镇·白崖山景区,4A,湖北,咸宁市,崇阳县,湖北咸宁湖北省咸宁市崇阳县金塘镇畈上村4组崇阳县柃蜜小镇·白崖山景区,景点景区,国家4A旅游景区。所属地：湖北·咸宁市·崇阳县。地址：湖北咸宁湖北省咸宁市崇阳县金塘镇畈上村4组崇阳县柃蜜小镇·白崖山景区。,29.3544808,114.0956036,wgs84
通城县药姑山·古瑶村景区,4A,湖北,咸宁市,通城县,湖北咸宁通城县大坪乡内冲村通城县药姑山·古瑶村景区,景点景区,国家4A旅游景区。所属地：湖北·咸宁市·通城县。地址：湖北咸宁通城县大坪乡内冲村通城县药姑山·古瑶村景区。,29.3715662,113.7047661,wgs84
随州市西游记公园,4A,湖北,随州市,随县,湖北随州随州市随县洪山镇温泉村随州市西游记公园,景点景区,国家4A旅游景区。所属地：湖北·随州市·随县。地址：湖北随州随州市随县洪山镇温泉村随州市西游记公园。,31.6178233,112.8618027,wgs84
随州市炎帝故里景区,4A,湖北,随州市,随县,湖北随州随县神农大道83号随州市炎帝故里景区,景点景区,国家4A旅游景区。所属地：湖北·随州市·随县。地址：湖北随州随县神农大道83号随州市炎帝故里景区。,31.8583516,113.3039681,wgs84
随州市西游记漂流,4A,湖北,随州市,随县,湖北随州随州市随县淮河镇随州市西游记漂流,景点景区,国家4A旅游景区。所属地：湖北·随州市·随县。地址：湖北随州随州市随县淮河镇随州市西游记漂流。,32.3189156,113.5275855,wgs84
随州文化公园,4A,湖北,随州市,曾都区,湖北随州随州市城东新区迎宾大道随州文化公园,景点景区,国家4A旅游景区。所属地：湖北·随州市·曾都区。地址：湖北随州随州市城东新区迎宾大道随州文化公园。,31.7144190,113.3978395,wgs84
随州市大洪山景区,4A,湖北,随州市,随县,湖北随州随州市大洪山长岗镇随州市大洪山景区,景点景区,国家4A旅游景区。所属地：湖北·随州市·随县。地址：湖北随州随州市大洪山长岗镇随州市大洪山景区。,31.5275064,112.9726226,wgs84
随州千年银杏谷景区,4A,湖北,随州市,曾都区,湖北随州随州市曾都区洛阳镇随州千年银杏谷景区,景点景区,国家4A旅游景区。所属地：湖北·随州市·曾都区。地址：湖北随州随州市曾都区洛阳镇随州千年银杏谷景区。,31.4418626,113.2963831,wgs84
随县田王寨景区,4A,湖北,随州市,随县,湖北随州随县桐柏山太白顶风景名胜区王店村随县田王寨景区,景点景区,国家4A旅游景区。所属地：湖北·随州市·随县。地址：湖北随州随县桐柏山太白顶风景名胜区王店村随县田王寨景区。,32.2898527,113.2907581,wgs84
广水市高贵三潭景区,4A,湖北,随州市,广水市,湖北随州广水市三潭风景区管理处广水市高贵三潭景区,景点景区,国家4A旅游景区。所属地：湖北·随州市·广水市。地址：湖北随州广水市三潭风景区管理处广水市高贵三潭景区。,31.8587477,113.9309035,wgs84
恩施州神农溪纤夫文化旅游区,5A,湖北,恩施土家族苗族自治州,巴东县,湖北恩施巴东县官渡口镇恩施州神农溪纤夫文化旅游区,景点景区,国家5A旅游景区。所属地：湖北·恩施土家族苗族自治州·巴东县。地址：湖北恩施巴东县官渡口镇恩施州神农溪纤夫文化旅游区。,31.0416319,110.3269090,wgs84
恩施大峡谷景区,5A,湖北,恩施土家族苗族自治州,恩施市,湖北恩施恩施市沐抚办事处甘堰塘恩施大峡谷景区,景点景区,国家5A旅游景区。所属地：湖北·恩施土家族苗族自治州·恩施市。地址：湖北恩施恩施市沐抚办事处甘堰塘恩施大峡谷景区。,30.4076077,109.1885193,wgs84
恩施州利川腾龙洞景区,5A,湖北,恩施土家族苗族自治州,利川市,湖北恩施利川市腾龙大道1号恩施州利川腾龙洞景区,景点景区,国家5A旅游景区。所属地：湖北·恩施土家族苗族自治州·利川市。地址：湖北恩施利川市腾龙大道1号恩施州利川腾龙洞景区。,30.3065539,108.9557807,wgs84
恩施州恩施土司城景区,4A,湖北,恩施土家族苗族自治州,恩施市,湖北恩施恩施市土司路138号恩施州恩施土司城景区,景点景区,国家4A旅游景区。所属地：湖北·恩施土家族苗族自治州·恩施市。地址：湖北恩施恩施市土司路138号恩施州恩施土司城景区。,30.3043441,109.4689880,wgs84
恩施州咸丰县坪坝营景区,4A,湖北,恩施土家族苗族自治州,咸丰县,湖北恩施咸丰县高乐山镇荆南路28号恩施州咸丰县坪坝营景区,景点景区,国家4A旅游景区。所属地：湖北·恩施土家族苗族自治州·咸丰县。地址：湖北恩施咸丰县高乐山镇荆南路28号恩施州咸丰县坪坝营景区。,29.6825379,109.1467687,wgs84
恩施州咸丰县唐崖河景区,4A,湖北,恩施土家族苗族自治州,咸丰县,湖北恩施咸丰县黄金洞乡向家寨村恩施州咸丰县唐崖河景区,景点景区,国家4A旅游景区。所属地：湖北·恩施土家族苗族自治州·咸丰县。地址：湖北恩施咸丰县黄金洞乡向家寨村恩施州咸丰县唐崖河景区。,29.9512080,109.0827196,wgs84
恩施州建始野三峡景区,4A,湖北,恩施土家族苗族自治州,建始县,湖北恩施建始县花坪乡恩施州建始野三峡景区,景点景区,国家4A旅游景区。所属地：湖北·恩施土家族苗族自治州·建始县。地址：湖北恩施建始县花坪乡恩施州建始野三峡景区。,30.4393349,109.9995128,wgs84
恩施州梭布垭石林景区,4A,湖北,恩施土家族苗族自治州,恩施市,湖北恩施恩施市太阳河乡梭布垭恩施州梭布垭石林景区,景点景区,国家4A旅游景区。所属地：湖北·恩施土家族苗族自治州·恩施市。地址：湖北恩施恩施市太阳河乡梭布垭恩施州梭布垭石林景区。,30.5689248,109.5660186,wgs84
恩施州利川龙船水乡景区,4A,湖北,恩施土家族苗族自治州,利川市,湖北恩施湖北省利川市凉雾乡恩施州利川龙船水乡景区,景点景区,国家4A旅游景区。所属地：湖北·恩施土家族苗族自治州·利川市。地址：湖北恩施湖北省利川市凉雾乡恩施州利川龙船水乡景区。,30.2702172,108.8258300,wgs84
恩施州巴人河生态旅游区,4A,湖北,恩施土家族苗族自治州,巴东县,湖北恩施巴东县茶店子镇恩施州巴人河生态旅游区,景点景区,国家4A旅游景区。所属地：湖北·恩施土家族苗族自治州·巴东县。地址：湖北恩施巴东县茶店子镇恩施州巴人河生态旅游区。,30.9080291,110.3170295,wgs84
恩施州利川大水井文化旅游区,4A,湖北,恩施土家族苗族自治州,利川市,湖北恩施利川市柏杨镇水井村恩施州利川大水井文化旅游区,景点景区,国家4A旅游景区。所属地：湖北·恩施土家族苗族自治州·利川市。地址：湖北恩施利川市柏杨镇水井村恩施州利川大水井文化旅游区。,30.5794866,109.0313855,wgs84
恩施州恩施市土家女儿城旅游区,4A,湖北,恩施土家族苗族自治州,恩施市,湖北恩施恩施州恩施市恩施州恩施市土家女儿城旅游区,景点景区,国家4A旅游景区。所属地：湖北·恩施土家族苗族自治州·恩施市。地址：湖北恩施恩施州恩施市恩施州恩施市土家女儿城旅游区。,30.2713509,109.4988017,wgs84
恩施地心谷景区,4A,湖北,恩施土家族苗族自治州,建始县,湖北恩施建始县高坪镇恩施地心谷景区,景点景区,国家4A旅游景区。所属地：湖北·恩施土家族苗族自治州·建始县。地址：湖北恩施建始县高坪镇恩施地心谷景区。,30.6472530,110.0900598,wgs84
恩施州来凤县仙佛寺景区,4A,湖北,恩施土家族苗族自治州,来凤县,湖北恩施来凤县翔凤镇关口村恩施州来凤县仙佛寺景区,景点景区,国家4A旅游景区。所属地：湖北·恩施土家族苗族自治州·来凤县。地址：湖北恩施来凤县翔凤镇关口村恩施州来凤县仙佛寺景区。,29.5535420,109.4550217,wgs84
恩施州巴东县巫峡口景区,4A,湖北,恩施土家族苗族自治州,巴东县,湖北恩施巴东县信陵镇恩施州巴东县巫峡口景区,景点景区,国家4A旅游景区。所属地：湖北·恩施土家族苗族自治州·巴东县。地址：湖北恩施巴东县信陵镇恩施州巴东县巫峡口景区。,31.0172453,110.3475591,wgs84
恩施州宣恩伍家台乡村休闲度假区,4A,湖北,恩施土家族苗族自治州,宣恩县,湖北恩施恩施州宣恩县恩施州宣恩伍家台乡村休闲度假区,景点景区,国家4A旅游景区。所属地：湖北·恩施土家族苗族自治州·宣恩县。地址：湖北恩施恩施州宣恩县恩施州宣恩伍家台乡村休闲度假区。,30.0774887,109.5304453,wgs84
恩施州来凤杨梅古寨景区,4A,湖北,恩施土家族苗族自治州,来凤县,湖北恩施来凤县三胡乡石桥村恩施州来凤杨梅古寨景区,景点景区,国家4A旅游景区。所属地：湖北·恩施土家族苗族自治州·来凤县。地址：湖北恩施来凤县三胡乡石桥村恩施州来凤杨梅古寨景区。,29.6224845,109.2976834,wgs84
恩施州鹤峰县满山红景区,4A,湖北,恩施土家族苗族自治州,鹤峰县,湖北恩施鹤峰县容美镇陵园路21号恩施州鹤峰县满山红景区,景点景区,国家4A旅游景区。所属地：湖北·恩施土家族苗族自治州·鹤峰县。地址：湖北恩施鹤峰县容美镇陵园路21号恩施州鹤峰县满山红景区。,29.8910266,110.0410171,wgs84
恩施州利川玉龙洞旅游区,4A,湖北,恩施土家族苗族自治州,利川市,湖北恩施利川市团堡镇樱桃井村恩施州利川玉龙洞旅游区,景点景区,国家4A旅游景区。所属地：湖北·恩施土家族苗族自治州·利川市。地址：湖北恩施利川市团堡镇樱桃井村恩施州利川玉龙洞旅游区。,30.3898463,109.1260304,wgs84
恩施州宣恩县狮子关旅游区,4A,湖北,恩施土家族苗族自治州,宣恩县,湖北恩施宣恩县珠山镇封口坝村三组恩施州宣恩县狮子关旅游区,景点景区,国家4A旅游景区。所属地：湖北·恩施土家族苗族自治州·宣恩县。地址：湖北恩施宣恩县珠山镇封口坝村三组恩施州宣恩县狮子关旅游区。,29.9776592,109.5402011,wgs84
恩施州利川市佛宝山景区,4A,湖北,恩施土家族苗族自治州,利川市,湖北恩施利川市佛宝山开发区恩施州利川市佛宝山景区,景点景区,国家4A旅游景区。所属地：湖北·恩施土家族苗族自治州·利川市。地址：湖北恩施利川市佛宝山开发区恩施州利川市佛宝山景区。,30.2290495,108.6708829,wgs84
恩施州宣恩县仙山贡水旅游区,4A,湖北,恩施土家族苗族自治州,宣恩县,湖北恩施宣恩县民族路22号恩施州宣恩县仙山贡水旅游区,景点景区,国家4A旅游景区。所属地：湖北·恩施土家族苗族自治州·宣恩县。地址：湖北恩施宣恩县民族路22号恩施州宣恩县仙山贡水旅游区。,29.9901763,109.4766187,wgs84
恩施州鹤峰县屏山旅游景区,4A,湖北,恩施土家族苗族自治州,鹤峰县,湖北恩施鹤峰县容美镇九峰大道111号恩施州鹤峰县屏山旅游景区,景点景区,国家4A旅游景区。所属地：湖北·恩施土家族苗族自治州·鹤峰县。地址：湖北恩施鹤峰县容美镇九峰大道111号恩施州鹤峰县屏山旅游景区。,29.8915541,110.0370949,wgs84
恩施州巴东无源洞旅游景区,4A,湖北,恩施土家族苗族自治州,巴东县,湖北恩施巴东县信陵镇恩施州巴东无源洞旅游景区,景点景区,国家4A旅游景区。所属地：湖北·恩施土家族苗族自治州·巴东县。地址：湖北恩施巴东县信陵镇恩施州巴东无源洞旅游景区。,31.0460484,110.3326635,wgs84
仙桃梦里水乡文化旅游区,4A,湖北,,仙桃市,湖北仙桃仙桃市赵西垸林场仙桃梦里水乡文化旅游区,景点景区,国家4A旅游景区。所属地：湖北·仙桃市。地址：湖北仙桃仙桃市赵西垸林场仙桃梦里水乡文化旅游区。,30.4271199,113.1337213,wgs84
天门市茶圣故里园景区,4A,湖北,,天门市,湖北天门天门市西寺路36号天门市茶圣故里园景区,景点景区,国家4A旅游景区。所属地：湖北·天门市。地址：湖北天门天门市西寺路36号天门市茶圣故里园景区。,30.6600458,113.1559790,wgs84
神农架生态旅游区,5A,湖北,,神农架林区,湖北神农架神农架林区木鱼镇神农架生态旅游区,景点景区,国家5A旅游景区。所属地：湖北·神农架林区。地址：湖北神农架神农架林区木鱼镇神农架生态旅游区。,31.4034740,110.4777884,wgs84
神农架天燕景区,4A,湖北,,神农架林区,湖北神农架神农架林区红坪镇神农架天燕景区,景点景区,国家4A旅游景区。所属地：湖北·神农架林区。地址：湖北神农架神农架林区红坪镇神农架天燕景区。,31.7037540,110.4734107,wgs84
神农架红坪景区,4A,湖北,,神农架林区,湖北神农架神农架林区木鱼镇神农架红坪景区,景点景区,国家4A旅游景区。所属地：湖北·神农架林区。地址：湖北神农架神农架林区木鱼镇神农架红坪景区。,31.6659578,110.4474068,wgs84
巴桃园景区,4A,湖北,,神农架林区,湖北神农架神农架林区松柏镇花朵村巴桃园景区,景点景区,国家4A旅游景区。所属地：湖北·神农架林区。地址：湖北神农架神农架林区松柏镇花朵村巴桃园景区。,31.8237278,110.5090947,wgs84
广州市长隆旅游度假区,5A,广东,广州市,番禺区,广东广州广州市长隆旅游度假区,景点景区,国家5A旅游景区。所属地：广东·广州市·番禺区。地址：广东广州广州市长隆旅游度假区。,23.0033267,113.3313417,wgs84
广州市白云山风景区,5A,广东,广州市,越秀区,广东广州广州市白云山风景区,景点景区,国家5A旅游景区。所属地：广东·广州市·越秀区。地址：广东广州广州市白云山风景区。,23.1583999,113.2900526,wgs84
广州中山纪念堂,4A,广东,广州市,越秀区,广东广州广州中山纪念堂,景点景区,国家4A旅游景区。所属地：广东·广州市·越秀区。地址：广东广州广州中山纪念堂。,23.1355444,113.2593449,wgs84
广州市番禺莲花山旅游区,4A,广东,广州市,番禺区,广东广州广州市番禺莲花山旅游区,景点景区,国家4A旅游景区。所属地：广东·广州市·番禺区。地址：广东广州广州市番禺莲花山旅游区。,22.9896147,113.4976206,wgs84
广州市宝墨园,4A,广东,广州市,番禺区,广东广州广州市宝墨园,景点景区,国家4A旅游景区。所属地：广东·广州市·番禺区。地址：广东广州广州市宝墨园。,22.8972380,113.2890447,wgs84
广州市黄花岗公园,4A,广东,广州市,越秀区,广东广州广州市黄花岗公园,景点景区,国家4A旅游景区。所属地：广东·广州市·越秀区。地址：广东广州广州市黄花岗公园。,23.1423706,113.2897072,wgs84
广州市西汉南越王博物馆,4A,广东,广州市,越秀区,广东广州广州市西汉南越王博物馆,景点景区,国家4A旅游景区。所属地：广东·广州市·越秀区。地址：广东广州广州市西汉南越王博物馆。,23.1405395,113.2557410,wgs84
广州从化碧水湾温泉度假村,4A,广东,广州市,从化区,广东广州广州从化碧水湾温泉度假村,景点景区,国家4A旅游景区。所属地：广东·广州市·从化区。地址：广东广州广州从化碧水湾温泉度假村。,23.7017845,113.7105574,wgs84
广州越秀公园,4A,广东,广州市,越秀区,广东广州广州越秀公园,景点景区,国家4A旅游景区。所属地：广东·广州市·越秀区。地址：广东广州广州越秀公园。,23.1428131,113.2602769,wgs84
广州市陈家祠旅游景区,4A,广东,广州市,荔湾区,广东广州广州市陈家祠旅游景区,景点景区,国家4A旅游景区。所属地：广东·广州市·荔湾区。地址：广东广州广州市陈家祠旅游景区。,23.1279297,113.2409804,wgs84
中国科学院华南植物园,4A,广东,广州市,天河区,广东广州中国科学院华南植物园,景点景区,国家4A旅游景区。所属地：广东·广州市·天河区。地址：广东广州中国科学院华南植物园。,23.1843022,113.3616990,wgs84
广州起义烈士陵园,4A,广东,广州市,越秀区,广东广州广州起义烈士陵园,景点景区,国家4A旅游景区。所属地：广东·广州市·越秀区。地址：广东广州广州起义烈士陵园。,23.1314903,113.2805687,wgs84
广州动物园,4A,广东,广州市,越秀区,广东广州广州动物园,景点景区,国家4A旅游景区。所属地：广东·广州市·越秀区。地址：广东广州广州动物园。,23.1405211,113.3005743,wgs84
广州市广东科学中心,4A,广东,广州市,番禺区,广东广州广州市广东科学中心,景点景区,国家4A旅游景区。所属地：广东·广州市·番禺区。地址：广东广州广州市广东科学中心。,23.0417129,113.3578788,wgs84
广州九龙湖度假区,4A,广东,广州市,花都区,广东广州广州九龙湖度假区,景点景区,国家4A旅游景区。所属地：广东·广州市·花都区。地址：广东广州广州九龙湖度假区。,23.4814044,113.4112137,wgs84
广州市石头记矿物园,4A,广东,广州市,花都区,广东广州广州市石头记矿物园,景点景区,国家4A旅游景区。所属地：广东·广州市·花都区。地址：广东广州广州市石头记矿物园。,23.4029214,113.1554837,wgs84
广州市南海神庙景区,4A,广东,广州市,黄埔区,广东广州广州市南海神庙景区,景点景区,国家4A旅游景区。所属地：广东·广州市·黄埔区。地址：广东广州广州市南海神庙景区。,23.0841419,113.4922274,wgs84
广州市正佳广场商贸旅游区,4A,广东,广州市,天河区,广东广州广州市正佳广场商贸旅游区,景点景区,国家4A旅游景区。所属地：广东·广州市·天河区。地址：广东广州广州市正佳广场商贸旅游区。,23.1347830,113.3225708,wgs84
广州白水寨旅游区,4A,广东,广州市,番禺区,广东广州广州白水寨旅游区,景点景区,国家4A旅游景区。所属地：广东·广州市·番禺区。地址：广东广州广州白水寨旅游区。,22.9889365,113.5024436,wgs84
广州市岭南印象园旅游景区,4A,广东,广州市,番禺区,广东广州广州市岭南印象园旅游景区,景点景区,国家4A旅游景区。所属地：广东·广州市·番禺区。地址：广东广州广州市岭南印象园旅游景区。,23.0379825,113.3992122,wgs84
广州市南沙滨海湿地景区,4A,广东,广州市,南沙区,广东广州广州市南沙滨海湿地景区,景点景区,国家4A旅游景区。所属地：广东·广州市·南沙区。地址：广东广州广州市南沙滨海湿地景区。,22.7528108,113.6139885,wgs84
广东圆玄道观,4A,广东,广州市,花都区,广东广州广东圆玄道观,景点景区,国家4A旅游景区。所属地：广东·广州市·花都区。地址：广东广州广东圆玄道观。,23.4023882,113.1746709,wgs84
广州市广州塔景区,4A,广东,广州市,海珠区,广东广州广州市广州塔景区,景点景区,国家4A旅游景区。所属地：广东·广州市·海珠区。地址：广东广州广州市广州塔景区。,23.1090249,113.3191426,wgs84
广州百万葵园主题公园,4A,广东,广州市,南沙区,广东广州广州百万葵园主题公园,景点景区,国家4A旅游景区。所属地：广东·广州市·南沙区。地址：广东广州广州百万葵园主题公园。,22.6312322,113.6150489,wgs84
广州南沙天后宫,4A,广东,广州市,南沙区,广东广州广州南沙天后宫,景点景区,国家4A旅游景区。所属地：广东·广州市·南沙区。地址：广东广州广州南沙天后宫。,22.8061884,113.4039784,wgs84
广州北京路文化旅游区,4A,广东,广州市,越秀区,广东广州广州北京路文化旅游区,景点景区,国家4A旅游景区。所属地：广东·广州市·越秀区。地址：广东广州广州北京路文化旅游区。,23.1220313,113.2648626,wgs84
广州市沙湾古镇景区,4A,广东,广州市,番禺区,广东广州广州市沙湾古镇景区,景点景区,国家4A旅游景区。所属地：广东·广州市·番禺区。地址：广东广州广州市沙湾古镇景区。,22.9075442,113.3399797,wgs84
广州神农草堂中医药博物馆,4A,广东,广州市,番禺区,广东广州广州神农草堂中医药博物馆,景点景区,国家4A旅游景区。所属地：广东·广州市·番禺区。地址：广东广州广州神农草堂中医药博物馆。,23.0611805,113.4000276,wgs84
广州市西关永庆坊旅游区,4A,广东,广州市,白云区,广东广州广州市西关永庆坊旅游区,景点景区,国家4A旅游景区。所属地：广东·广州市·白云区。地址：广东广州广州市西关永庆坊旅游区。,23.1668361,113.2619774,wgs84
广州市石门国家森林公园景区,4A,广东,广州市,白云区,广东广州广州市石门国家森林公园景区,景点景区,国家4A旅游景区。所属地：广东·广州市·白云区。地址：广东广州广州市石门国家森林公园景区。,23.2109073,113.1987497,wgs84
深圳市华侨城旅游度假区,5A,广东,深圳市,南山区,广东深圳深圳市华侨城旅游度假区,景点景区,国家5A旅游景区。所属地：广东·深圳市·南山区。地址：广东深圳深圳市华侨城旅游度假区。,22.5417366,113.9797704,wgs84
深圳市观澜湖休闲度假区,5A,广东,深圳市,龙华区,广东深圳深圳市观澜湖休闲度假区,景点景区,国家5A旅游景区。所属地：广东·深圳市·龙华区。地址：广东深圳深圳市观澜湖休闲度假区。,22.7255488,114.0708337,wgs84
深圳市仙湖植物园,4A,广东,深圳市,罗湖区,广东深圳深圳市仙湖植物园,景点景区,国家4A旅游景区。所属地：广东·深圳市·罗湖区。地址：广东深圳深圳市仙湖植物园。,22.5813605,114.1699737,wgs84
深圳市西部海上田园旅游区,4A,广东,深圳市,宝安区,广东深圳深圳市西部海上田园旅游区,景点景区,国家4A旅游景区。所属地：广东·深圳市·宝安区。地址：广东深圳深圳市西部海上田园旅游区。,22.7389957,113.7657648,wgs84
深圳市观澜山水田园农庄景区,4A,广东,深圳市,龙华区,广东深圳深圳市观澜山水田园农庄景区,景点景区,国家4A旅游景区。所属地：广东·深圳市·龙华区。地址：广东深圳深圳市观澜山水田园农庄景区。,22.7167919,114.1021232,wgs84
深圳市野生动物园,4A,广东,深圳市,南山区,广东深圳深圳市野生动物园,景点景区,国家4A旅游景区。所属地：广东·深圳市·南山区。地址：广东深圳深圳市野生动物园。,22.6018397,113.9671955,wgs84
深圳市青青世界旅游区,4A,广东,深圳市,南山区,广东深圳深圳市青青世界旅游区,景点景区,国家4A旅游景区。所属地：广东·深圳市·南山区。地址：广东深圳深圳市青青世界旅游区。,22.5044404,113.8966269,wgs84
深圳东部华侨城旅游度假区,4A,广东,深圳市,盐田区,广东深圳深圳东部华侨城旅游度假区,景点景区,国家4A旅游景区。所属地：广东·深圳市·盐田区。地址：广东深圳深圳东部华侨城旅游度假区。,22.6295078,114.2828359,wgs84
深圳市光明农场大观园景区,4A,广东,深圳市,光明区,广东深圳深圳市光明农场大观园景区,景点景区,国家4A旅游景区。所属地：广东·深圳市·光明区。地址：广东深圳深圳市光明农场大观园景区。,22.7632964,113.9570167,wgs84
水底山旅游度假区,4A,广东,深圳市,龙岗区,广东深圳水底山旅游度假区,景点景区,国家4A旅游景区。所属地：广东·深圳市·龙岗区。地址：广东深圳水底山旅游度假区。,22.5660087,114.4599987,wgs84
珠海市圆明新园,4A,广东,珠海市,香洲区,广东珠海珠海市圆明新园,景点景区,国家4A旅游景区。所属地：广东·珠海市·香洲区。地址：广东珠海珠海市圆明新园。,22.2454904,113.5335045,wgs84
珠海罗西尼工业旅游景区,4A,广东,珠海市,香洲区,广东珠海珠海罗西尼工业旅游景区,景点景区,国家4A旅游景区。所属地：广东·珠海市·香洲区。地址：广东珠海珠海罗西尼工业旅游景区。,22.3626389,113.5941761,wgs84
珠海市御温泉渡假村景区,4A,广东,珠海市,斗门区,广东珠海珠海市御温泉渡假村景区,景点景区,国家4A旅游景区。所属地：广东·珠海市·斗门区。地址：广东珠海珠海市御温泉渡假村景区。,22.2496646,113.1897143,wgs84
珠海市东澳岛旅游度假区,4A,广东,珠海市,香洲区,广东珠海珠海市东澳岛旅游度假区,景点景区,国家4A旅游景区。所属地：广东·珠海市·香洲区。地址：广东珠海珠海市东澳岛旅游度假区。,22.0211666,113.7047099,wgs84
珠海市外伶仃岛旅游度假区,4A,广东,珠海市,香洲区,广东珠海珠海市外伶仃岛旅游度假区,景点景区,国家4A旅游景区。所属地：广东·珠海市·香洲区。地址：广东珠海珠海市外伶仃岛旅游度假区。,22.1023188,114.0248887,wgs84
珠海市汤臣倍健透明工厂景区,4A,广东,珠海市,金湾区,广东珠海珠海市汤臣倍健透明工厂景区,景点景区,国家4A旅游景区。所属地：广东·珠海市·金湾区。地址：广东珠海珠海市汤臣倍健透明工厂景区。,22.0416329,113.3243378,wgs84
汕头礐石风景名胜区,4A,广东,汕头市,濠江区,广东汕头汕头礐石风景名胜区,景点景区,国家4A旅游景区。所属地：广东·汕头市·濠江区。地址：广东汕头汕头礐石风景名胜区。,23.3193674,116.6889513,wgs84
汕头市中海度假村景区,4A,广东,汕头市,濠江区,广东汕头汕头市中海度假村景区,景点景区,国家4A旅游景区。所属地：广东·汕头市·濠江区。地址：广东汕头汕头市中海度假村景区。,23.2276395,116.6837391,wgs84
汕头南澳岛生态旅游区,4A,广东,汕头市,南澳县,广东汕头汕头南澳岛生态旅游区,景点景区,国家4A旅游景区。所属地：广东·汕头市·南澳县。地址：广东汕头汕头南澳岛生态旅游区。,23.4367122,117.0579436,wgs84
汕头市澄海区莲华乡村旅游区,4A,广东,汕头市,澄海区,广东汕头汕头市澄海区莲华乡村旅游区,景点景区,国家4A旅游景区。所属地：广东·汕头市·澄海区。地址：广东汕头汕头市澄海区莲华乡村旅游区。,23.5995644,116.8054407,wgs84
汕头市方特欢乐世界蓝水星景区,4A,广东,汕头市,龙湖区,广东汕头汕头市方特欢乐世界蓝水星景区,景点景区,国家4A旅游景区。所属地：广东·汕头市·龙湖区。地址：广东汕头汕头市方特欢乐世界蓝水星景区。,23.3475944,116.7562823,wgs84
汕头市前美古村侨文化旅游区,4A,广东,汕头市,澄海区,广东汕头汕头市前美古村侨文化旅游区,景点景区,国家4A旅游景区。所属地：广东·汕头市·澄海区。地址：广东汕头汕头市前美古村侨文化旅游区。,23.5698387,116.7407027,wgs84
汕头市潮阳莲花峰风景区,4A,广东,汕头市,潮阳区,广东汕头汕头市潮阳莲花峰风景区,景点景区,国家4A旅游景区。所属地：广东·汕头市·潮阳区。地址：广东汕头汕头市潮阳莲花峰风景区。,23.1838999,116.6099223,wgs84
佛山市西樵山景区,5A,广东,佛山市,南海区,广东佛山佛山市西樵山景区,景点景区,国家5A旅游景区。所属地：广东·佛山市·南海区。地址：广东佛山佛山市西樵山景区。,23.0207734,113.2041668,wgs84
佛山市长鹿旅游休博园,5A,广东,佛山市,顺德区,广东佛山佛山市长鹿旅游休博园,景点景区,国家5A旅游景区。所属地：广东·佛山市·顺德区。地址：广东佛山佛山市长鹿旅游休博园。,22.8808973,113.2837893,wgs84
佛山市三水荷花世界,4A,广东,佛山市,三水区,广东佛山佛山市三水荷花世界,景点景区,国家4A旅游景区。所属地：广东·佛山市·三水区。地址：广东佛山佛山市三水荷花世界。,23.1990878,112.8996176,wgs84
佛山市三水森林公园,4A,广东,佛山市,三水区,广东佛山佛山市三水森林公园,景点景区,国家4A旅游景区。所属地：广东·佛山市·三水区。地址：广东佛山佛山市三水森林公园。,23.1942077,112.8628934,wgs84
佛山市清晖园,4A,广东,佛山市,顺德区,广东佛山佛山市清晖园,景点景区,国家4A旅游景区。所属地：广东·佛山市·顺德区。地址：广东佛山佛山市清晖园。,22.8387079,113.2502943,wgs84
佛山市南风古灶旅游区,4A,广东,佛山市,禅城区,广东佛山佛山市南风古灶旅游区,景点景区,国家4A旅游景区。所属地：广东·佛山市·禅城区。地址：广东佛山佛山市南风古灶旅游区。,23.0072943,113.0718873,wgs84
佛山市南海湾森林生态园,4A,广东,佛山市,南海区,广东佛山佛山市南海湾森林生态园,景点景区,国家4A旅游景区。所属地：广东·佛山市·南海区。地址：广东佛山佛山市南海湾森林生态园。,22.8597177,112.8748296,wgs84
佛山市（顺德区）陈村花卉世界,4A,广东,佛山市,顺德区,广东佛山佛山市（顺德区）陈村花卉世界,景点景区,国家4A旅游景区。所属地：广东·佛山市·顺德区。地址：广东佛山佛山市（顺德区）陈村花卉世界。,22.9760731,113.1559054,wgs84
佛山市顺德罗浮宫国际家具艺术博览中心景区,4A,广东,佛山市,顺德区,广东佛山佛山市顺德罗浮宫国际家具艺术博览中心景区,景点景区,国家4A旅游景区。所属地：广东·佛山市·顺德区。地址：广东佛山佛山市顺德罗浮宫国际家具艺术博览中心景区。,22.9494912,113.0856858,wgs84
佛山市祖庙博物馆,4A,广东,佛山市,禅城区,广东佛山佛山市祖庙博物馆,景点景区,国家4A旅游景区。所属地：广东·佛山市·禅城区。地址：广东佛山佛山市祖庙博物馆。,23.0325868,113.1073193,wgs84
佛山市皂幕山旅游风景区,4A,广东,佛山市,高明区,广东佛山佛山市皂幕山旅游风景区,景点景区,国家4A旅游景区。所属地：广东·佛山市·高明区。地址：广东佛山佛山市皂幕山旅游风景区。,22.7403869,112.7916799,wgs84
佛山市盈香生态园,4A,广东,佛山市,高明区,广东佛山佛山市盈香生态园,景点景区,国家4A旅游景区。所属地：广东·佛山市·高明区。地址：广东佛山佛山市盈香生态园。,22.9401004,112.7621814,wgs84
佛山市南海平洲玉器街景区,4A,广东,佛山市,南海区,广东佛山佛山市南海平洲玉器街景区,景点景区,国家4A旅游景区。所属地：广东·佛山市·南海区。地址：广东佛山佛山市南海平洲玉器街景区。,23.0207734,113.2041668,wgs84
佛山市乐从国际家居汇展中心景区,4A,广东,佛山市,顺德区,广东佛山佛山市乐从国际家居汇展中心景区,景点景区,国家4A旅游景区。所属地：广东·佛山市·顺德区。地址：广东佛山佛山市乐从国际家居汇展中心景区。,22.9494301,113.1020795,wgs84
佛山市中央电视台南海影视城景区,4A,广东,佛山市,南海区,广东佛山佛山市中央电视台南海影视城景区,景点景区,国家4A旅游景区。所属地：广东·佛山市·南海区。地址：广东佛山佛山市中央电视台南海影视城景区。,23.0207734,113.2041668,wgs84
佛山市梦里水乡景区,4A,广东,佛山市,南海区,广东佛山佛山市梦里水乡景区,景点景区,国家4A旅游景区。所属地：广东·佛山市·南海区。地址：广东佛山佛山市梦里水乡景区。,23.0207734,113.2041668,wgs84
佛山市史努比缤纷世界景区,4A,广东,佛山市,顺德区,广东佛山佛山市史努比缤纷世界景区,景点景区,国家4A旅游景区。所属地：广东·佛山市·顺德区。地址：广东佛山佛山市史努比缤纷世界景区。,22.7968948,113.2803613,wgs84
韶关市丹霞山景区,5A,广东,韶关市,仁化县,广东韶关韶关市丹霞山景区,景点景区,国家5A旅游景区。所属地：广东·韶关市·仁化县。地址：广东韶关韶关市丹霞山景区。,25.0428876,113.7384593,wgs84
韶关市曹溪温泉假日度假村,4A,广东,韶关市,曲江区,广东韶关韶关市曹溪温泉假日度假村,景点景区,国家4A旅游景区。所属地：广东·韶关市·曲江区。地址：广东韶关韶关市曹溪温泉假日度假村。,24.6632617,113.6156718,wgs84
韶关市广东大峡谷景区,4A,广东,韶关市,乳源瑶族自治县,广东韶关韶关市广东大峡谷景区,景点景区,国家4A旅游景区。所属地：广东·韶关市·乳源瑶族自治县。地址：广东韶关韶关市广东大峡谷景区。,24.5043982,113.1425953,wgs84
韶关市云门山生态文化旅游区,4A,广东,韶关市,乳源瑶族自治县,广东韶关韶关市云门山生态文化旅游区,景点景区,国家4A旅游景区。所属地：广东·韶关市·乳源瑶族自治县。地址：广东韶关韶关市云门山生态文化旅游区。,24.8161268,113.3207926,wgs84
韶关市古佛洞天景区,4A,广东,韶关市,南雄市,广东韶关韶关市古佛洞天景区,景点景区,国家4A旅游景区。所属地：广东·韶关市·南雄市。地址：广东韶关韶关市古佛洞天景区。,25.3259081,114.3373451,wgs84
韶关市丽宫旅游区,4A,广东,韶关市,,广东韶关韶关市丽宫旅游区,景点景区,国家4A旅游景区。所属地：广东·韶关市。地址：广东韶关韶关市丽宫旅游区。,24.8134627,113.5923294,wgs84
韶关市南岭国家森林公园,4A,广东,韶关市,南雄市,广东韶关韶关市南岭国家森林公园,景点景区,国家4A旅游景区。所属地：广东·韶关市·南雄市。地址：广东韶关韶关市南岭国家森林公园。,25.2689567,114.1719782,wgs84
韶关市珠玑巷.梅关古道景区,4A,广东,韶关市,南雄市,广东韶关韶关市珠玑巷.梅关古道景区,景点景区,国家4A旅游景区。所属地：广东·韶关市·南雄市。地址：广东韶关韶关市珠玑巷.梅关古道景区。,25.3259081,114.3373451,wgs84
韶关市新丰云天海原始森林度假村景区,4A,广东,韶关市,新丰县,广东韶关韶关市新丰云天海原始森林度假村景区,景点景区,国家4A旅游景区。所属地：广东·韶关市·新丰县。地址：广东韶关韶关市新丰云天海原始森林度假村景区。,23.9735799,114.1221348,wgs84
韶关市经律论文化旅游小镇景区,4A,广东,韶关市,曲江区,广东韶关韶关市经律论文化旅游小镇景区,景点景区,国家4A旅游景区。所属地：广东·韶关市·曲江区。地址：广东韶关韶关市经律论文化旅游小镇景区。,24.6854502,113.8148158,wgs84
韶关市东华山风景区,4A,广东,韶关市,翁源县,广东韶关韶关市东华山风景区,景点景区,国家4A旅游景区。所属地：广东·韶关市·翁源县。地址：广东韶关韶关市东华山风景区。,24.3407567,114.1594519,wgs84
韶关市始兴县满堂客家大围景区,4A,广东,韶关市,始兴县,广东韶关韶关市始兴县满堂客家大围景区,景点景区,国家4A旅游景区。所属地：广东·韶关市·始兴县。地址：广东韶关韶关市始兴县满堂客家大围景区。,24.6110332,113.9754542,wgs84
河源市万绿湖风景区,4A,广东,河源市,东源县,广东河源河源市万绿湖风景区,景点景区,国家4A旅游景区。所属地：广东·河源市·东源县。地址：广东河源河源市万绿湖风景区。,23.7770397,114.6272194,wgs84
河源市御临门温泉度假区,4A,广东,河源市,,广东河源河源市御临门温泉度假区,景点景区,国家4A旅游景区。所属地：广东·河源市。地址：广东河源河源市御临门温泉度假区。,23.7461966,114.6957547,wgs84
河源市和平温泉之都旅游区,4A,广东,河源市,和平县,广东河源河源市和平温泉之都旅游区,景点景区,国家4A旅游景区。所属地：广东·河源市·和平县。地址：广东河源河源市和平温泉之都旅游区。,24.4162368,114.8225616,wgs84
河源市苏家围·东江画廊旅游景区,4A,广东,河源市,东源县,广东河源河源市苏家围·东江画廊旅游景区,景点景区,国家4A旅游景区。所属地：广东·河源市·东源县。地址：广东河源河源市苏家围·东江画廊旅游景区。,23.8449864,114.8832962,wgs84
河源市叶园温泉度旅游区,4A,广东,河源市,源城区,广东河源河源市叶园温泉度旅游区,景点景区,国家4A旅游景区。所属地：广东·河源市·源城区。地址：广东河源河源市叶园温泉度旅游区。,23.6313676,114.6192863,wgs84
河源客天下水晶温泉国际旅游度假区,4A,广东,河源市,源城区,广东河源河源客天下水晶温泉国际旅游度假区,景点景区,国家4A旅游景区。所属地：广东·河源市·源城区。地址：广东河源河源客天下水晶温泉国际旅游度假区。,23.6322287,114.6262737,wgs84
中国河源·巴伐利亚庄园,4A,广东,河源市,源城区,广东河源中国河源·巴伐利亚庄园,景点景区,国家4A旅游景区。所属地：广东·河源市·源城区。地址：广东河源中国河源·巴伐利亚庄园。,23.6291480,114.6146446,wgs84
河源市恐龙文博园景区,4A,广东,河源市,源城区,广东河源河源市恐龙文博园景区,景点景区,国家4A旅游景区。所属地：广东·河源市·源城区。地址：广东河源河源市恐龙文博园景区。,23.7284518,114.6959335,wgs84
河源市霍山旅游风景区,4A,广东,河源市,,广东河源河源市霍山旅游风景区,景点景区,国家4A旅游景区。所属地：广东·河源市。地址：广东河源河源市霍山旅游风景区。,23.7461966,114.6957547,wgs84
梅州市雁南飞茶田景区,5A,广东,梅州市,梅县区,广东梅州梅州市雁南飞茶田景区,景点景区,国家5A旅游景区。所属地：广东·梅州市·梅县区。地址：广东梅州梅州市雁南飞茶田景区。,24.3827019,116.3709169,wgs84
梅州市雁山湖国际花园度假村,4A,广东,梅州市,梅县区,广东梅州梅州市雁山湖国际花园度假村,景点景区,国家4A旅游景区。所属地：广东·梅州市·梅县区。地址：广东梅州梅州市雁山湖国际花园度假村。,24.4454787,116.3843265,wgs84
梅州市叶剑英纪念园,4A,广东,梅州市,梅县区,广东梅州梅州市叶剑英纪念园,景点景区,国家4A旅游景区。所属地：广东·梅州市·梅县区。地址：广东梅州梅州市叶剑英纪念园。,24.4178724,116.3319993,wgs84
梅州市灵光寺旅游区,4A,广东,梅州市,梅县区,广东梅州梅州市灵光寺旅游区,景点景区,国家4A旅游景区。所属地：广东·梅州市·梅县区。地址：广东梅州梅州市灵光寺旅游区。,24.4000322,116.3903431,wgs84
梅州市客天下景区,4A,广东,梅州市,梅江区,广东梅州梅州市客天下景区,景点景区,国家4A旅游景区。所属地：广东·梅州市·梅江区。地址：广东梅州梅州市客天下景区。,24.2663359,116.1506236,wgs84
梅州市长潭旅游区,4A,广东,梅州市,蕉岭县,广东梅州梅州市长潭旅游区,景点景区,国家4A旅游景区。所属地：广东·梅州市·蕉岭县。地址：广东梅州梅州市长潭旅游区。,24.6990774,116.1349195,wgs84
梅州市百侯名镇旅游区,4A,广东,梅州市,大埔县,广东梅州梅州市百侯名镇旅游区,景点景区,国家4A旅游景区。所属地：广东·梅州市·大埔县。地址：广东梅州梅州市百侯名镇旅游区。,24.2963923,116.7665439,wgs84
梅州市泰安楼客家文化旅游产业园,4A,广东,梅州市,梅县区,广东梅州梅州市泰安楼客家文化旅游产业园,景点景区,国家4A旅游景区。所属地：广东·梅州市·梅县区。地址：广东梅州梅州市泰安楼客家文化旅游产业园。,24.5128058,116.4272484,wgs84
梅州市五指石风景名胜区,4A,广东,梅州市,平远县,广东梅州梅州市五指石风景名胜区,景点景区,国家4A旅游景区。所属地：广东·梅州市·平远县。地址：广东梅州梅州市五指石风景名胜区。,24.9029312,115.9474204,wgs84
梅州市神光山旅游区,4A,广东,梅州市,兴宁市,广东梅州梅州市神光山旅游区,景点景区,国家4A旅游景区。所属地：广东·梅州市·兴宁市。地址：广东梅州梅州市神光山旅游区。,24.1021611,115.7087866,wgs84
梅州市鹿湖温泉度假村,4A,广东,梅州市,丰顺县,广东梅州梅州市鹿湖温泉度假村,景点景区,国家4A旅游景区。所属地：广东·梅州市·丰顺县。地址：广东梅州梅州市鹿湖温泉度假村。,23.9165725,116.4729387,wgs84
梅州市熙和湾客乡文化产业园,4A,广东,梅州市,兴宁市,广东梅州梅州市熙和湾客乡文化产业园,景点景区,国家4A旅游景区。所属地：广东·梅州市·兴宁市。地址：广东梅州梅州市熙和湾客乡文化产业园。,24.1403826,115.8136328,wgs84
梅州市张弼士故居旅游区,4A,广东,梅州市,大埔县,广东梅州梅州市张弼士故居旅游区,景点景区,国家4A旅游景区。所属地：广东·梅州市·大埔县。地址：广东梅州梅州市张弼士故居旅游区。,24.4642845,116.7261062,wgs84
惠州市罗浮山景区,5A,广东,惠州市,博罗县,广东惠州惠州市罗浮山景区,景点景区,国家5A旅游景区。所属地：广东·惠州市·博罗县。地址：广东惠州惠州市罗浮山景区。,23.2636867,114.0625185,wgs84
惠州市西湖旅游景区,5A,广东,惠州市,惠城区,广东惠州惠州市西湖旅游景区,景点景区,国家5A旅游景区。所属地：广东·惠州市·惠城区。地址：广东惠州惠州市西湖旅游景区。,23.0480599,114.2118806,wgs84
惠州市龙门县南昆山生态旅游区,4A,广东,惠州市,龙门县,广东惠州惠州市龙门县南昆山生态旅游区,景点景区,国家4A旅游景区。所属地：广东·惠州市·龙门县。地址：广东惠州惠州市龙门县南昆山生态旅游区。,23.6244260,113.8823276,wgs84
惠州市龙门铁泉旅游度假区,4A,广东,惠州市,龙门县,广东惠州惠州市龙门铁泉旅游度假区,景点景区,国家4A旅游景区。所属地：广东·惠州市·龙门县。地址：广东惠州惠州市龙门铁泉旅游度假区。,23.8225940,114.2350165,wgs84
惠州市南昆山大观园生态度假区,4A,广东,惠州市,龙门县,广东惠州惠州市南昆山大观园生态度假区,景点景区,国家4A旅游景区。所属地：广东·惠州市·龙门县。地址：广东惠州惠州市南昆山大观园生态度假区。,23.6162978,114.0269999,wgs84
惠州市海滨温泉旅游度假区,4A,广东,惠州市,惠东县,广东惠州惠州市海滨温泉旅游度假区,景点景区,国家4A旅游景区。所属地：广东·惠州市·惠东县。地址：广东惠州惠州市海滨温泉旅游度假区。,22.6563266,114.7995033,wgs84
惠州·巽寮国际滨海旅游度假区,4A,广东,惠州市,惠东县,广东惠州惠州·巽寮国际滨海旅游度假区,景点景区,国家4A旅游景区。所属地：广东·惠州市·惠东县。地址：广东惠州惠州·巽寮国际滨海旅游度假区。,22.6937783,114.7505813,wgs84
惠州市尚天然花海温泉小镇,4A,广东,惠州市,龙门县,广东惠州惠州市尚天然花海温泉小镇,景点景区,国家4A旅游景区。所属地：广东·惠州市·龙门县。地址：广东惠州惠州市尚天然花海温泉小镇。,23.7941981,114.2484923,wgs84
惠州市叶挺将军纪念园景区,4A,广东,惠州市,博罗县,广东惠州惠州市叶挺将军纪念园景区,景点景区,国家4A旅游景区。所属地：广东·惠州市·博罗县。地址：广东惠州惠州市叶挺将军纪念园景区。,23.1429799,114.1183646,wgs84
惠州五矿·哈施塔特旅游小镇,4A,广东,惠州市,博罗县,广东惠州惠州五矿·哈施塔特旅游小镇,景点景区,国家4A旅游景区。所属地：广东·惠州市·博罗县。地址：广东惠州惠州五矿·哈施塔特旅游小镇。,23.1757460,114.3275354,wgs84
惠州市南昆山云顶旅游度假区,4A,广东,惠州市,龙门县,广东惠州惠州市南昆山云顶旅游度假区,景点景区,国家4A旅游景区。所属地：广东·惠州市·龙门县。地址：广东惠州惠州市南昆山云顶旅游度假区。,23.6336676,113.8590378,wgs84
惠州市大亚湾红树林城市湿地公园,4A,广东,惠州市,惠阳区,广东惠州惠州市大亚湾红树林城市湿地公园,景点景区,国家4A旅游景区。所属地：广东·惠州市·惠阳区。地址：广东惠州惠州市大亚湾红树林城市湿地公园。,22.7428389,114.5405791,wgs84
汕尾市玄武山旅游区,4A,广东,汕尾市,陆丰市,广东汕尾汕尾市玄武山旅游区,景点景区,国家4A旅游景区。所属地：广东·汕尾市·陆丰市。地址：广东汕尾汕尾市玄武山旅游区。,22.8206598,115.8290561,wgs84
汕尾市凤山祖庙旅游区,4A,广东,汕尾市,城区,广东汕尾汕尾市凤山祖庙旅游区,景点景区,国家4A旅游景区。所属地：广东·汕尾市·城区。地址：广东汕尾汕尾市凤山祖庙旅游区。,22.7666464,115.3645593,wgs84
汕尾市海丰莲花山度假村,4A,广东,汕尾市,海丰县,广东汕尾汕尾市海丰莲花山度假村,景点景区,国家4A旅游景区。所属地：广东·汕尾市·海丰县。地址：广东汕尾汕尾市海丰莲花山度假村。,23.0428056,115.2574632,wgs84
汕尾红海湾旅游区,4A,广东,汕尾市,城区,广东汕尾汕尾红海湾旅游区,景点景区,国家4A旅游景区。所属地：广东·汕尾市·城区。地址：广东汕尾汕尾红海湾旅游区。,22.6623879,115.5656992,wgs84
汕尾市海丰红宫红场旧址·彭湃烈士故居红色旅游景区,4A,广东,汕尾市,海丰县,广东汕尾汕尾市海丰红宫红场旧址·彭湃烈士故居红色旅游景区,景点景区,国家4A旅游景区。所属地：广东·汕尾市·海丰县。地址：广东汕尾汕尾市海丰红宫红场旧址·彭湃烈士故居红色旅游景区。,22.9724269,115.3399104,wgs84
东莞市鸦片战争博物馆,4A,广东,东莞市,,广东东莞东莞市鸦片战争博物馆,景点景区,国家4A旅游景区。所属地：广东·东莞市。地址：广东东莞东莞市鸦片战争博物馆。,22.8273340,113.6549655,wgs84
东莞市松山湖生态景区,4A,广东,东莞市,,广东东莞东莞市松山湖生态景区,景点景区,国家4A旅游景区。所属地：广东·东莞市。地址：广东东莞东莞市松山湖生态景区。,22.9025294,113.8770868,wgs84
东莞市观音山国家森林公园,4A,广东,东莞市,,广东东莞东莞市观音山国家森林公园,景点景区,国家4A旅游景区。所属地：广东·东莞市。地址：广东东莞东莞市观音山国家森林公园。,22.9079661,114.1060465,wgs84
东莞市科学技术博物馆,4A,广东,东莞市,,广东东莞东莞市科学技术博物馆,景点景区,国家4A旅游景区。所属地：广东·东莞市。地址：广东东莞东莞市科学技术博物馆。,23.0122317,113.7413840,wgs84
东莞市龙凤山庄影视旅游区,4A,广东,东莞市,,广东东莞东莞市龙凤山庄影视旅游区,景点景区,国家4A旅游景区。所属地：广东·东莞市。地址：广东东莞东莞市龙凤山庄影视旅游区。,22.7153943,114.1868425,wgs84
东莞市香市动物园,4A,广东,东莞市,,广东东莞东莞市香市动物园,景点景区,国家4A旅游景区。所属地：广东·东莞市。地址：广东东莞东莞市香市动物园。,22.9988296,113.8463902,wgs84
东莞市展览馆,4A,广东,东莞市,,广东东莞东莞市展览馆,景点景区,国家4A旅游景区。所属地：广东·东莞市。地址：广东东莞东莞市展览馆。,23.0192681,113.7432950,wgs84
东莞市广东东江纵队旧址景区,4A,广东,东莞市,,广东东莞东莞市广东东江纵队旧址景区,景点景区,国家4A旅游景区。所属地：广东·东莞市。地址：广东东莞东莞市广东东江纵队旧址景区。,23.0376544,114.1202126,wgs84
东莞市清溪银瓶山森林公园景区,4A,广东,东莞市,,广东东莞东莞市清溪银瓶山森林公园景区,景点景区,国家4A旅游景区。所属地：广东·东莞市。地址：广东东莞东莞市清溪银瓶山森林公园景区。,22.8471273,114.1643482,wgs84
东莞市南社村和塘尾村古建筑群景区,4A,广东,东莞市,,广东东莞东莞市南社村和塘尾村古建筑群景区,景点景区,国家4A旅游景区。所属地：广东·东莞市。地址：广东东莞东莞市南社村和塘尾村古建筑群景区。,23.0840734,113.9221768,wgs84
东莞市可园博物馆景区,4A,广东,东莞市,,广东东莞东莞市可园博物馆景区,景点景区,国家4A旅游景区。所属地：广东·东莞市。地址：广东东莞东莞市可园博物馆景区。,23.0444050,113.7382003,wgs84
东莞市逸颐艺舍博物馆景区,4A,广东,东莞市,,广东东莞东莞市逸颐艺舍博物馆景区,景点景区,国家4A旅游景区。所属地：广东·东莞市。地址：广东东莞东莞市逸颐艺舍博物馆景区。,23.0144449,113.9660763,wgs84
东莞隐贤山庄景区,4A,广东,东莞市,,广东东莞东莞隐贤山庄景区,景点景区,国家4A旅游景区。所属地：广东·东莞市。地址：广东东莞东莞隐贤山庄景区。,22.9772069,114.0213992,wgs84
东莞香市文化旅游区,4A,广东,东莞市,,广东东莞东莞香市文化旅游区,景点景区,国家4A旅游景区。所属地：广东·东莞市。地址：广东东莞东莞香市文化旅游区。,23.0002241,113.8701284,wgs84
中山市孙中山故里旅游区,5A,广东,中山市,,广东中山中山市孙中山故里旅游区,景点景区,国家5A旅游景区。所属地：广东·中山市。地址：广东中山中山市孙中山故里旅游区。,22.4488830,113.5247707,wgs84
中山市詹园景区,4A,广东,中山市,,广东中山中山市詹园景区,景点景区,国家4A旅游景区。所属地：广东·中山市。地址：广东中山中山市詹园景区。,22.5203371,113.3873020,wgs84
中山市中国（大涌）红木文化博览城景区,4A,广东,中山市,,广东中山中山市中国（大涌）红木文化博览城景区,景点景区,国家4A旅游景区。所属地：广东·中山市。地址：广东中山中山市中国（大涌）红木文化博览城景区。,22.4928715,113.3615260,wgs84
中山市中山华艺广场景区,4A,广东,中山市,,广东中山中山市中山华艺广场景区,景点景区,国家4A旅游景区。所属地：广东·中山市。地址：广东中山中山市中山华艺广场景区。,22.6055088,113.1840168,wgs84
江门市开平碉楼文化旅游区,5A,广东,江门市,开平市,广东江门江门市开平碉楼文化旅游区,景点景区,国家5A旅游景区。所属地：广东·江门市·开平市。地址：广东江门江门市开平碉楼文化旅游区。,22.3772692,112.5743363,wgs84
江门市金山温泉旅游度假区,4A,广东,江门市,恩平市,广东江门江门市金山温泉旅游度假区,景点景区,国家4A旅游景区。所属地：广东·江门市·恩平市。地址：广东江门江门市金山温泉旅游度假区。,22.1087419,112.1949497,wgs84
江门市圭峰山风景区,4A,广东,江门市,新会区,广东江门江门市圭峰山风景区,景点景区,国家4A旅游景区。所属地：广东·江门市·新会区。地址：广东江门江门市圭峰山风景区。,22.5480097,113.0323087,wgs84
江门市新会古兜温泉旅游度假村,4A,广东,江门市,新会区,广东江门江门市新会古兜温泉旅游度假村,景点景区,国家4A旅游景区。所属地：广东·江门市·新会区。地址：广东江门江门市新会古兜温泉旅游度假村。,22.1528401,113.0188830,wgs84
江门市锦江温泉旅游度假区,4A,广东,江门市,恩平市,广东江门江门市锦江温泉旅游度假区,景点景区,国家4A旅游景区。所属地：广东·江门市·恩平市。地址：广东江门江门市锦江温泉旅游度假区。,22.3245916,112.2253468,wgs84
江门市川岛旅游度假区,4A,广东,江门市,台山市,广东江门江门市川岛旅游度假区,景点景区,国家4A旅游景区。所属地：广东·江门市·台山市。地址：广东江门江门市川岛旅游度假区。,21.6930862,112.7991280,wgs84
江门市康桥温泉景区,4A,广东,江门市,台山市,广东江门江门市康桥温泉景区,景点景区,国家4A旅游景区。所属地：广东·江门市·台山市。地址：广东江门江门市康桥温泉景区。,22.1547061,112.6099611,wgs84
江门市山泉湾旅游景区,4A,广东,江门市,恩平市,广东江门江门市山泉湾旅游景区,景点景区,国家4A旅游景区。所属地：广东·江门市·恩平市。地址：广东江门江门市山泉湾旅游景区。,22.3326473,112.2253733,wgs84
江门市那琴半岛地质海洋公园,4A,广东,江门市,台山市,广东江门江门市那琴半岛地质海洋公园,景点景区,国家4A旅游景区。所属地：广东·江门市·台山市。地址：广东江门江门市那琴半岛地质海洋公园。,21.7170843,112.3460851,wgs84
江门市大雁山风景区,4A,广东,江门市,鹤山市,广东江门江门市大雁山风景区,景点景区,国家4A旅游景区。所属地：广东·江门市·鹤山市。地址：广东江门江门市大雁山风景区。,22.7939787,113.0209342,wgs84
江门市恩平泉林黄金小镇休闲旅游区,4A,广东,江门市,恩平市,广东江门江门市恩平泉林黄金小镇休闲旅游区,景点景区,国家4A旅游景区。所属地：广东·江门市·恩平市。地址：广东江门江门市恩平泉林黄金小镇休闲旅游区。,22.1685207,112.3756342,wgs84
阳江市海陵岛大角湾海上丝路旅游区,5A,广东,阳江市,江城区,广东阳江阳江市海陵岛大角湾海上丝路旅游区,景点景区,国家5A旅游景区。所属地：广东·阳江市·江城区。地址：广东阳江阳江市海陵岛大角湾海上丝路旅游区。,21.5665858,111.8537031,wgs84
阳江市凌霄岩风景区,4A,广东,阳江市,阳春市,广东阳江阳江市凌霄岩风景区,景点景区,国家4A旅游景区。所属地：广东·阳江市·阳春市。地址：广东阳江阳江市凌霄岩风景区。,22.5916217,111.8251110,wgs84
阳江市阳西咸水矿温泉景区,4A,广东,阳江市,阳西县,广东阳江阳江市阳西咸水矿温泉景区,景点景区,国家4A旅游景区。所属地：广东·阳江市·阳西县。地址：广东阳江阳江市阳西咸水矿温泉景区。,21.7582023,111.6273225,wgs84
阳江市春湾风景区,4A,广东,阳江市,阳春市,广东阳江阳江市春湾风景区,景点景区,国家4A旅游景区。所属地：广东·阳江市·阳春市。地址：广东阳江阳江市春湾风景区。,22.4466385,111.9460773,wgs84
湛江湖光岩风景区,4A,广东,湛江市,麻章区,广东湛江湛江湖光岩风景区,景点景区,国家4A旅游景区。所属地：广东·湛江市·麻章区。地址：广东湛江湛江湖光岩风景区。,21.1463579,110.2794798,wgs84
湛江蓝月湾温泉度假邨,4A,广东,湛江市,霞山区,广东湛江湛江蓝月湾温泉度假邨,景点景区,国家4A旅游景区。所属地：广东·湛江市·霞山区。地址：广东湛江湛江蓝月湾温泉度假邨。,21.2234016,110.4186353,wgs84
湛江市金沙湾滨海休闲旅游区,4A,广东,湛江市,赤坎区,广东湛江湛江市金沙湾滨海休闲旅游区,景点景区,国家4A旅游景区。所属地：广东·湛江市·赤坎区。地址：广东湛江湛江市金沙湾滨海休闲旅游区。,21.2701567,110.3895000,wgs84
湛江市三岭山森林公园,4A,广东,湛江市,霞山区,广东湛江湛江市三岭山森林公园,景点景区,国家4A旅游景区。所属地：广东·湛江市·霞山区。地址：广东湛江湛江市三岭山森林公园。,21.2008077,110.4011657,wgs84
湛江市茂德公鼓城度假区,4A,广东,湛江市,雷州市,广东湛江湛江市茂德公鼓城度假区,景点景区,国家4A旅游景区。所属地：广东·湛江市·雷州市。地址：广东湛江湛江市茂德公鼓城度假区。,20.9329458,110.0564182,wgs84
湛江市鼎龙湾国际海洋旅游区,4A,广东,湛江市,吴川市,广东湛江湛江市鼎龙湾国际海洋旅游区,景点景区,国家4A旅游景区。所属地：广东·湛江市·吴川市。地址：广东湛江湛江市鼎龙湾国际海洋旅游区。,21.3875505,110.8676519,wgs84
茂名市放鸡岛海上游乐世界,4A,广东,茂名市,电白区,广东茂名茂名市放鸡岛海上游乐世界,景点景区,国家4A旅游景区。所属地：广东·茂名市·电白区。地址：广东茂名茂名市放鸡岛海上游乐世界。,21.3822527,111.1828673,wgs84
茂名森林公园,4A,广东,茂名市,茂南区,广东茂名茂名森林公园,景点景区,国家4A旅游景区。所属地：广东·茂名市·茂南区。地址：广东茂名茂名森林公园。,21.6292199,110.8195991,wgs84
茂名市电白御水古温泉度假区,4A,广东,茂名市,电白区,广东茂名茂名市电白御水古温泉度假区,景点景区,国家4A旅游景区。所属地：广东·茂名市·电白区。地址：广东茂名茂名市电白御水古温泉度假区。,21.5891390,111.1743314,wgs84
茂名市浪漫海岸景区,4A,广东,茂名市,信宜市,广东茂名茂名市浪漫海岸景区,景点景区,国家4A旅游景区。所属地：广东·茂名市·信宜市。地址：广东茂名茂名市浪漫海岸景区。,22.3576158,110.9393494,wgs84
茂名市南海旅游岛·中国第一滩景区,4A,广东,茂名市,电白区,广东茂名茂名市南海旅游岛·中国第一滩景区,景点景区,国家4A旅游景区。所属地：广东·茂名市·电白区。地址：广东茂名茂名市南海旅游岛·中国第一滩景区。,21.5088689,110.9989727,wgs84
茂名市冼太夫人故里文化旅游景区,4A,广东,茂名市,电白区,广东茂名茂名市冼太夫人故里文化旅游景区,景点景区,国家4A旅游景区。所属地：广东·茂名市·电白区。地址：广东茂名茂名市冼太夫人故里文化旅游景区。,21.5622626,111.2920020,wgs84
茂名市广垦（茂名）国家热带农业公园,4A,广东,茂名市,化州市,广东茂名茂名市广垦（茂名）国家热带农业公园,景点景区,国家4A旅游景区。所属地：广东·茂名市·化州市。地址：广东茂名茂名市广垦（茂名）国家热带农业公园。,21.6379743,110.5025454,wgs84
茂名市信宜窦州古城景区,4A,广东,茂名市,信宜市,广东茂名茂名市信宜窦州古城景区,景点景区,国家4A旅游景区。所属地：广东·茂名市·信宜市。地址：广东茂名茂名市信宜窦州古城景区。,22.2058347,110.8749622,wgs84
茂名市高州仙人洞旅游景区,4A,广东,茂名市,高州市,广东茂名茂名市高州仙人洞旅游景区,景点景区,国家4A旅游景区。所属地：广东·茂名市·高州市。地址：广东茂名茂名市高州仙人洞旅游景区。,22.2650142,111.2312812,wgs84
肇庆市星湖旅游景区,5A,广东,肇庆市,端州区,广东肇庆肇庆市星湖旅游景区,景点景区,国家5A旅游景区。所属地：广东·肇庆市·端州区。地址：广东肇庆肇庆市星湖旅游景区。,23.0571854,112.4641509,wgs84
肇庆市龙母祖庙景区,4A,广东,肇庆市,德庆县,广东肇庆肇庆市龙母祖庙景区,景点景区,国家4A旅游景区。所属地：广东·肇庆市·德庆县。地址：广东肇庆肇庆市龙母祖庙景区。,23.0914877,112.1279057,wgs84
肇庆市盘龙峡景区,4A,广东,肇庆市,德庆县,广东肇庆肇庆市盘龙峡景区,景点景区,国家4A旅游景区。所属地：广东·肇庆市·德庆县。地址：广东肇庆肇庆市盘龙峡景区。,23.3489934,111.8286862,wgs84
肇庆市德庆学宫景区,4A,广东,肇庆市,德庆县,广东肇庆肇庆市德庆学宫景区,景点景区,国家4A旅游景区。所属地：广东·肇庆市·德庆县。地址：广东肇庆肇庆市德庆学宫景区。,23.1423231,111.7631949,wgs84
肇庆市封开龙山景区,4A,广东,肇庆市,封开县,广东肇庆肇庆市封开龙山景区,景点景区,国家4A旅游景区。所属地：广东·肇庆市·封开县。地址：广东肇庆肇庆市封开龙山景区。,23.5194649,111.7984860,wgs84
肇庆市四会奇石河景区,4A,广东,肇庆市,四会市,广东肇庆肇庆市四会奇石河景区,景点景区,国家4A旅游景区。所属地：广东·肇庆市·四会市。地址：广东肇庆肇庆市四会奇石河景区。,23.6785923,112.7274149,wgs84
清远市连州地下河旅游景区,5A,广东,清远市,清城区,广东清远清远市连州地下河旅游景区,景点景区,国家5A旅游景区。所属地：广东·清远市·清城区。地址：广东清远清远市连州地下河旅游景区。,23.7088495,113.0220021,wgs84
清远市清新温矿泉旅游渡假区,4A,广东,清远市,清新区,广东清远清远市清新温矿泉旅游渡假区,景点景区,国家4A旅游景区。所属地：广东·清远市·清新区。地址：广东清远清远市清新温矿泉旅游渡假区。,23.6103290,112.7862365,wgs84
清远市碧桂园假日半岛故乡里旅游度假区,4A,广东,清远市,清城区,广东清远清远市碧桂园假日半岛故乡里旅游度假区,景点景区,国家4A旅游景区。所属地：广东·清远市·清城区。地址：广东清远清远市碧桂园假日半岛故乡里旅游度假区。,23.4878449,113.0534824,wgs84
清远市黄腾峡生态旅游区,4A,广东,清远市,清城区,广东清远清远市黄腾峡生态旅游区,景点景区,国家4A旅游景区。所属地：广东·清远市·清城区。地址：广东清远清远市黄腾峡生态旅游区。,23.7631254,113.0862634,wgs84
清远市清新区玄真漂流景区,4A,广东,清远市,清新区,广东清远清远市清新区玄真漂流景区,景点景区,国家4A旅游景区。所属地：广东·清远市·清新区。地址：广东清远清远市清新区玄真漂流景区。,23.7490870,113.0097846,wgs84
清远市聚龙湾旅游区,4A,广东,清远市,佛冈县,广东清远清远市聚龙湾旅游区,景点景区,国家4A旅游景区。所属地：广东·清远市·佛冈县。地址：广东清远清远市聚龙湾旅游区。,23.8590687,113.5292643,wgs84
清远市宝晶宫景区,4A,广东,清远市,英德市,广东清远清远市宝晶宫景区,景点景区,国家4A旅游景区。所属地：广东·清远市·英德市。地址：广东清远清远市宝晶宫景区。,24.1276177,113.3631759,wgs84
清远市广东第一峰旅游风景区,4A,广东,清远市,连山壮族瑶族自治县,广东清远清远市广东第一峰旅游风景区,景点景区,国家4A旅游景区。所属地：广东·清远市·连山壮族瑶族自治县。地址：广东清远清远市广东第一峰旅游风景区。,24.7216776,112.0468319,wgs84
清远市湟川三峡-龙潭文化生态旅游区,4A,广东,清远市,连州市,广东清远清远市湟川三峡-龙潭文化生态旅游区,景点景区,国家4A旅游景区。所属地：广东·清远市·连州市。地址：广东清远清远市湟川三峡-龙潭文化生态旅游区。,24.7000196,112.4487115,wgs84
清远市森波拉度假森林景区,4A,广东,清远市,佛冈县,广东清远清远市森波拉度假森林景区,景点景区,国家4A旅游景区。所属地：广东·清远市·佛冈县。地址：广东清远清远市森波拉度假森林景区。,23.8635331,113.5766826,wgs84
清远市狮子湖国际休闲旅游区,4A,广东,清远市,清城区,广东清远清远市狮子湖国际休闲旅游区,景点景区,国家4A旅游景区。所属地：广东·清远市·清城区。地址：广东清远清远市狮子湖国际休闲旅游区。,23.6386247,113.0181340,wgs84
清远市新银盏温泉景区,4A,广东,清远市,清城区,广东清远清远市新银盏温泉景区,景点景区,国家4A旅游景区。所属地：广东·清远市·清城区。地址：广东清远清远市新银盏温泉景区。,23.5570284,113.1261175,wgs84
清远市广东瑶族博物馆景区,4A,广东,清远市,连南瑶族自治县,广东清远清远市广东瑶族博物馆景区,景点景区,国家4A旅游景区。所属地：广东·清远市·连南瑶族自治县。地址：广东清远清远市广东瑶族博物馆景区。,24.7192454,112.2936869,wgs84
清远市南岗千年瑶寨景区,4A,广东,清远市,连南瑶族自治县,广东清远清远市南岗千年瑶寨景区,景点景区,国家4A旅游景区。所属地：广东·清远市·连南瑶族自治县。地址：广东清远清远市南岗千年瑶寨景区。,24.5837763,112.2958970,wgs84
清远市古龙峡生态旅游区,4A,广东,清远市,清新区,广东清远清远市古龙峡生态旅游区,景点景区,国家4A旅游景区。所属地：广东·清远市·清新区。地址：广东清远清远市古龙峡生态旅游区。,23.7748630,112.9567632,wgs84
清远市洞天仙境生态旅游度假区,4A,广东,清远市,英德市,广东清远清远市洞天仙境生态旅游度假区,景点景区,国家4A旅游景区。所属地：广东·清远市·英德市。地址：广东清远清远市洞天仙境生态旅游度假区。,24.1548816,112.8949939,wgs84
清远市九龙峰林小镇景区,4A,广东,清远市,英德市,广东清远清远市九龙峰林小镇景区,景点景区,国家4A旅游景区。所属地：广东·清远市·英德市。地址：广东清远清远市九龙峰林小镇景区。,24.1229950,112.9063312,wgs84
清远市金子山原生态休闲度假旅游景区,4A,广东,清远市,清新区,广东清远清远市金子山原生态休闲度假旅游景区,景点景区,国家4A旅游景区。所属地：广东·清远市·清新区。地址：广东清远清远市金子山原生态休闲度假旅游景区。,23.7301404,112.9987901,wgs84
清远市积庆里仙湖旅游区,4A,广东,清远市,连州市,广东清远清远市积庆里仙湖旅游区,景点景区,国家4A旅游景区。所属地：广东·清远市·连州市。地址：广东清远清远市积庆里仙湖旅游区。,24.7764426,112.3789164,wgs84
潮州市绿岛旅游山庄,4A,广东,潮州市,饶平县,广东潮州潮州市绿岛旅游山庄,景点景区,国家4A旅游景区。所属地：广东·潮州市·饶平县。地址：广东潮州潮州市绿岛旅游山庄。,23.6980025,116.8676758,wgs84
潮州市淡浮收藏院,4A,广东,潮州市,湘桥区,广东潮州潮州市淡浮收藏院,景点景区,国家4A旅游景区。所属地：广东·潮州市·湘桥区。地址：广东潮州潮州市淡浮收藏院。,23.6793149,116.6954225,wgs84
潮州市紫莲森林度假村景区,4A,广东,潮州市,湘桥区,广东潮州潮州市紫莲森林度假村景区,景点景区,国家4A旅游景区。所属地：广东·潮州市·湘桥区。地址：广东潮州潮州市紫莲森林度假村景区。,23.7266571,116.7359884,wgs84
潮州市韩文公祠,4A,广东,潮州市,湘桥区,广东潮州潮州市韩文公祠,景点景区,国家4A旅游景区。所属地：广东·潮州市·湘桥区。地址：广东潮州潮州市韩文公祠。,23.6665747,116.6560175,wgs84
潮州市广济桥文物旅游景区,4A,广东,潮州市,湘桥区,广东潮州潮州市广济桥文物旅游景区,景点景区,国家4A旅游景区。所属地：广东·潮州市·湘桥区。地址：广东潮州潮州市广济桥文物旅游景区。,23.6655700,116.6483213,wgs84
潮州市东山湖度假村景区,4A,广东,潮州市,潮安区,广东潮州潮州市东山湖度假村景区,景点景区,国家4A旅游景区。所属地：广东·潮州市·潮安区。地址：广东潮州潮州市东山湖度假村景区。,23.5072340,116.5832305,wgs84
揭阳市京明温泉度假村,4A,广东,揭阳市,揭西县,广东揭阳揭阳市京明温泉度假村,景点景区,国家4A旅游景区。所属地：广东·揭阳市·揭西县。地址：广东揭阳揭阳市京明温泉度假村。,23.5082161,116.0380978,wgs84
揭阳市阳美玉都旅游景区,4A,广东,揭阳市,揭东区,广东揭阳揭阳市阳美玉都旅游景区,景点景区,国家4A旅游景区。所属地：广东·揭阳市·揭东区。地址：广东揭阳揭阳市阳美玉都旅游景区。,23.5605264,116.3138926,wgs84
揭西黄满寨瀑布旅游区,4A,广东,揭阳市,揭西县,广东揭阳揭西黄满寨瀑布旅游区,景点景区,国家4A旅游景区。所属地：广东·揭阳市·揭西县。地址：广东揭阳揭西黄满寨瀑布旅游区。,23.5768496,115.9849550,wgs84
揭阳市广东望天湖生态旅游度假区,4A,广东,揭阳市,揭东区,广东揭阳揭阳市广东望天湖生态旅游度假区,景点景区,国家4A旅游景区。所属地：广东·揭阳市·揭东区。地址：广东揭阳揭阳市广东望天湖生态旅游度假区。,23.6311774,116.1790680,wgs84
云浮市六祖故里旅游度假区,4A,广东,云浮市,新兴县,广东云浮云浮市六祖故里旅游度假区,景点景区,国家4A旅游景区。所属地：广东·云浮市·新兴县。地址：广东云浮云浮市六祖故里旅游度假区。,22.5940020,112.2206370,wgs84
云浮市翔顺金水台温泉小镇景区,4A,广东,云浮市,新兴县,广东云浮云浮市翔顺金水台温泉小镇景区,景点景区,国家4A旅游景区。所属地：广东·云浮市·新兴县。地址：广东云浮云浮市翔顺金水台温泉小镇景区。,22.6102342,112.4663609,wgs84
广东天露山旅游度假区,4A,广东,云浮市,新兴县,广东云浮广东天露山旅游度假区,景点景区,国家4A旅游景区。所属地：广东·云浮市·新兴县。地址：广东云浮广东天露山旅游度假区。,22.4916707,112.2178798,wgs84
南宁青秀山风景旅游区,5A,广西,南宁市,青秀区,广西南宁市青秀区南宁青秀山风景旅游区,景点景区,国家5A旅游景区。所属地：广西·南宁市·青秀区。地址：广西南宁市青秀区南宁青秀山风景旅游区。,22.7965838,108.3654460,wgs84
南宁嘉和城景区,4A,广西,南宁市,兴宁区,广西南宁市兴宁区南宁嘉和城景区,景点景区,国家4A旅游景区。所属地：广西·南宁市·兴宁区。地址：广西南宁市兴宁区南宁嘉和城景区。,22.9097673,108.4449642,wgs84
南宁九曲湾温泉景区,4A,广西,南宁市,兴宁区,广西南宁市兴宁区南宁九曲湾温泉景区,景点景区,国家4A旅游景区。所属地：广西·南宁市·兴宁区。地址：广西南宁市兴宁区南宁九曲湾温泉景区。,22.8889366,108.4177968,wgs84
广西八桂田园,4A,广西,南宁市,西乡塘区,广西南宁市西乡塘区广西八桂田园,景点景区,国家4A旅游景区。所属地：广西·南宁市·西乡塘区。地址：广西南宁市西乡塘区广西八桂田园。,22.8566863,108.2391729,wgs84
南宁市动物园,4A,广西,南宁市,西乡塘区,广西南宁市西乡塘区南宁市动物园,景点景区,国家4A旅游景区。所属地：广西·南宁市·西乡塘区。地址：广西南宁市西乡塘区南宁市动物园。,22.8377815,108.2644377,wgs84
广西药用植物园,4A,广西,南宁市,兴宁区,广西南宁市兴宁区广西药用植物园,景点景区,国家4A旅游景区。所属地：广西·南宁市·兴宁区。地址：广西南宁市兴宁区广西药用植物园。,22.8564479,108.3726815,wgs84
南宁大明山风景旅游区,4A,广西,南宁市,武鸣区,广西南宁市武鸣区南宁大明山风景旅游区,景点景区,国家4A旅游景区。所属地：广西·南宁市·武鸣区。地址：广西南宁市武鸣区南宁大明山风景旅游区。,23.4843995,108.4382142,wgs84
广西科技馆,4A,广西,南宁市,青秀区,广西南宁市青秀区广西科技馆,景点景区,国家4A旅游景区。所属地：广西·南宁市·青秀区。地址：广西南宁市青秀区广西科技馆。,22.8151457,108.3260842,wgs84
广西民族博物馆,4A,广西,南宁市,青秀区,广西南宁市青秀区广西民族博物馆,景点景区,国家4A旅游景区。所属地：广西·南宁市·青秀区。地址：广西南宁市青秀区广西民族博物馆。,22.7769500,108.3969591,wgs84
南宁市乡村大世界景区,4A,广西,南宁市,兴宁区,广西南宁市兴宁区南宁市乡村大世界景区,景点景区,国家4A旅游景区。所属地：广西·南宁市·兴宁区。地址：广西南宁市兴宁区南宁市乡村大世界景区。,22.8632906,108.4225693,wgs84
南宁市武鸣区伊岭岩景区,4A,广西,南宁市,武鸣区,广西南宁市武鸣区南宁市武鸣区伊岭岩景区,景点景区,国家4A旅游景区。所属地：广西·南宁市·武鸣区。地址：广西南宁市武鸣区南宁市武鸣区伊岭岩景区。,23.0337532,108.2945644,wgs84
南宁市良凤江森林旅游区,4A,广西,南宁市,江南区,广西南宁市经开区南宁市良凤江森林旅游区,景点景区,国家4A旅游景区。所属地：广西·南宁市·江南区。地址：广西南宁市经开区南宁市良凤江森林旅游区。,22.7261793,108.2920149,wgs84
广西规划馆景区,4A,广西,南宁市,良庆区,广西南宁市良庆区广西规划馆景区,景点景区,国家4A旅游景区。所属地：广西·南宁市·良庆区。地址：广西南宁市良庆区广西规划馆景区。,22.7573713,108.3703525,wgs84
南宁市民歌湖景区,4A,广西,南宁市,青秀区,广西南宁市青秀区南宁市民歌湖景区,景点景区,国家4A旅游景区。所属地：广西·南宁市·青秀区。地址：广西南宁市青秀区南宁市民歌湖景区。,22.8127167,108.3712685,wgs84
隆安县龙虎山旅游景区,4A,广西,南宁市,隆安县,广西南宁市隆安县隆安县龙虎山旅游景区,景点景区,国家4A旅游景区。所属地：广西·南宁市·隆安县。地址：广西南宁市隆安县隆安县龙虎山旅游景区。,22.9556341,107.6845562,wgs84
南宁市凤岭儿童公园,4A,广西,南宁市,青秀区,广西南宁市青秀区南宁市凤岭儿童公园,景点景区,国家4A旅游景区。所属地：广西·南宁市·青秀区。地址：广西南宁市青秀区南宁市凤岭儿童公园。,22.8243272,108.3948302,wgs84
南宁马山金伦洞景区,4A,广西,南宁市,马山县,广西南宁市马山县南宁马山金伦洞景区,景点景区,国家4A旅游景区。所属地：广西·南宁市·马山县。地址：广西南宁市马山县南宁马山金伦洞景区。,23.5570622,108.2619772,wgs84
上林县金莲湖景区,4A,广西,南宁市,上林县,广西南宁市上林县上林县金莲湖景区,景点景区,国家4A旅游景区。所属地：广西·南宁市·上林县。地址：广西南宁市上林县上林县金莲湖景区。,23.5137728,108.5911189,wgs84
南宁市人民公园,4A,广西,南宁市,兴宁区,广西南宁市兴宁区南宁市人民公园,景点景区,国家4A旅游景区。所属地：广西·南宁市·兴宁区。地址：广西南宁市兴宁区南宁市人民公园。,22.8314200,108.3270415,wgs84
南宁花花大世界景区,4A,广西,南宁市,武鸣区,广西南宁市武鸣区南宁花花大世界景区,景点景区,国家4A旅游景区。所属地：广西·南宁市·武鸣区。地址：广西南宁市武鸣区南宁花花大世界景区。,23.0180136,108.2716994,wgs84
南宁昆仑关旅游风景区,4A,广西,南宁市,兴宁区,广西南宁市兴宁区南宁昆仑关旅游风景区,景点景区,国家4A旅游景区。所属地：广西·南宁市·兴宁区。地址：广西南宁市兴宁区南宁昆仑关旅游风景区。,23.0947466,108.6801497,wgs84
南宁上林县大龙湖景区,4A,广西,南宁市,上林县,广西南宁市上林县南宁上林县大龙湖景区,景点景区,国家4A旅游景区。所属地：广西·南宁市·上林县。地址：广西南宁市上林县南宁上林县大龙湖景区。,23.6039905,108.5653494,wgs84
九龙瀑布景区,4A,广西,南宁市,横县,广西南宁市横州市九龙瀑布景区,景点景区,国家4A旅游景区。所属地：广西·南宁市·横县。地址：广西南宁市横州市九龙瀑布景区。,22.7076626,109.2708318,wgs84
水锦·顺庄,4A,广西,南宁市,马山县,广西南宁市马山县水锦·顺庄,景点景区,国家4A旅游景区。所属地：广西·南宁市·马山县。地址：广西南宁市马山县水锦·顺庄。,23.5865840,108.3201680,wgs84
龙门水都景区,4A,广西,南宁市,西乡塘区,广西南宁市西乡塘区龙门水都景区,景点景区,国家4A旅游景区。所属地：广西·南宁市·西乡塘区。地址：广西南宁市西乡塘区龙门水都景区。,22.8838394,108.2583211,wgs84
广西马山弄拉旅游景区,4A,广西,南宁市,马山县,广西南宁市马山县广西马山弄拉旅游景区,景点景区,国家4A旅游景区。所属地：广西·南宁市·马山县。地址：广西南宁市马山县广西马山弄拉旅游景区。,23.7107526,108.1729016,wgs84
南宁园博园景区,4A,广西,南宁市,邕宁区,广西南宁市邕宁区南宁园博园景区,景点景区,国家4A旅游景区。所属地：广西·南宁市·邕宁区。地址：广西南宁市邕宁区南宁园博园景区。,22.7260702,108.4739224,wgs84
南宁万达茂景区,4A,广西,南宁市,邕宁区,广西南宁市邕宁区南宁万达茂景区,景点景区,国家4A旅游景区。所属地：广西·南宁市·邕宁区。地址：广西南宁市邕宁区南宁万达茂景区。,22.7710613,108.4281553,wgs84
南宁市那贵坡樱花园,4A,广西,南宁市,邕宁区,广西南宁市邕宁区南宁市那贵坡樱花园,景点景区,国家4A旅游景区。所属地：广西·南宁市·邕宁区。地址：广西南宁市邕宁区南宁市那贵坡樱花园。,22.7463368,108.5898017,wgs84
南宁金花茶公园,4A,广西,南宁市,青秀区,广西南宁市青秀区南宁金花茶公园,景点景区,国家4A旅游景区。所属地：广西·南宁市·青秀区。地址：广西南宁市青秀区南宁金花茶公园。,22.8212553,108.3517474,wgs84
广西百益上河城旅游景区,4A,广西,南宁市,江南区,广西南宁市江南区广西百益上河城旅游景区,景点景区,国家4A旅游景区。所属地：广西·南宁市·江南区。地址：广西南宁市江南区广西百益上河城旅游景区。,22.7896418,108.3010710,wgs84
邕宁区蒲津公园,4A,广西,南宁市,邕宁区,广西南宁市邕宁区邕宁区蒲津公园,景点景区,国家4A旅游景区。所属地：广西·南宁市·邕宁区。地址：广西南宁市邕宁区邕宁区蒲津公园。,22.7536723,108.4883072,wgs84
融晟天河海悦城,4A,广西,南宁市,江南区,广西南宁市江南区融晟天河海悦城,景点景区,国家4A旅游景区。所属地：广西·南宁市·江南区。地址：广西南宁市江南区融晟天河海悦城。,22.7912830,108.2471930,wgs84
南宁花雨湖生态休闲旅游区,4A,广西,南宁市,青秀区,广西南宁市青秀区南宁花雨湖生态休闲旅游区,景点景区,国家4A旅游景区。所属地：广西·南宁市·青秀区。地址：广西南宁市青秀区南宁花雨湖生态休闲旅游区。,22.7703637,108.7366244,wgs84
古辣稻花香里旅游区,4A,广西,南宁市,宾阳县,广西南宁市宾阳县古辣稻花香里旅游区,景点景区,国家4A旅游景区。所属地：广西·南宁市·宾阳县。地址：广西南宁市宾阳县古辣稻花香里旅游区。,23.1129693,108.9807605,wgs84
广西高峰森林公园,4A,广西,南宁市,兴宁区,广西南宁市兴宁区广西高峰森林公园,景点景区,国家4A旅游景区。所属地：广西·南宁市·兴宁区。地址：广西南宁市兴宁区广西高峰森林公园。,22.9465900,108.3551361,wgs84
江宇梦想小镇,4A,广西,南宁市,武鸣区,广西南宁市武鸣区江宇梦想小镇,景点景区,国家4A旅游景区。所属地：广西·南宁市·武鸣区。地址：广西南宁市武鸣区江宇梦想小镇。,23.0486131,108.2856435,wgs84
秀美邕江·邕州古韵旅游景区,4A,广西,南宁市,西乡塘区,广西南宁市西乡塘区秀美邕江·邕州古韵旅游景区,景点景区,国家4A旅游景区。所属地：广西·南宁市·西乡塘区。地址：广西南宁市西乡塘区秀美邕江·邕州古韵旅游景区。,22.8148980,108.3034967,wgs84
上林县大庙江生态旅游景区,4A,广西,南宁市,上林县,广西南宁市上林县上林县大庙江生态旅游景区,景点景区,国家4A旅游景区。所属地：广西·南宁市·上林县。地址：广西南宁市上林县上林县大庙江生态旅游景区。,23.2465951,108.6529689,wgs84
五象湖公园,4A,广西,南宁市,良庆区,广西南宁市良庆区五象湖公园,景点景区,国家4A旅游景区。所属地：广西·南宁市·良庆区。地址：广西南宁市良庆区五象湖公园。,22.7426931,108.3716677,wgs84
顶蛳山田园风光区,4A,广西,南宁市,邕宁区,广西南宁市邕宁区顶蛳山田园风光区,景点景区,国家4A旅游景区。所属地：广西·南宁市·邕宁区。地址：广西南宁市邕宁区顶蛳山田园风光区。,22.7169938,108.4660309,wgs84
会展·东博文化旅游区,4A,广西,南宁市,青秀区,广西南宁市青秀区会展·东博文化旅游区,景点景区,国家4A旅游景区。所属地：广西·南宁市·青秀区。地址：广西南宁市青秀区会展·东博文化旅游区。,22.7966282,108.3895679,wgs84
北海涠洲岛南湾鳄鱼山景区,5A,广西,北海市,海城区,广西北海市北海涠洲岛南湾鳄鱼山景区,景点景区,国家5A旅游景区。所属地：广西·北海市·海城区。地址：广西北海市北海涠洲岛南湾鳄鱼山景区。,21.0130209,109.0971138,wgs84
北海银滩景区,4A,广西,北海市,银海区,广西北海市北海银滩景区,景点景区,国家4A旅游景区。所属地：广西·北海市·银海区。地址：广西北海市北海银滩景区。,21.4033269,109.1545732,wgs84
北海海底世界,4A,广西,北海市,海城区,广西北海市北海海底世界,景点景区,国家4A旅游景区。所属地：广西·北海市·海城区。地址：广西北海市北海海底世界。,21.4895892,109.1232070,wgs84
北海海洋之窗,4A,广西,北海市,银海区,广西北海市北海海洋之窗,景点景区,国家4A旅游景区。所属地：广西·北海市·银海区。地址：广西北海市北海海洋之窗。,21.4471453,109.1179601,wgs84
北海老城景区,4A,广西,北海市,海城区,广西北海市北海老城景区,景点景区,国家4A旅游景区。所属地：广西·北海市·海城区。地址：广西北海市北海老城景区。,21.4849182,109.1078952,wgs84
北海金海湾红树林生态旅游区,4A,广西,北海市,海城区,广西北海市北海金海湾红树林生态旅游区,景点景区,国家4A旅游景区。所属地：广西·北海市·海城区。地址：广西北海市北海金海湾红树林生态旅游区。,21.4825725,109.1044091,wgs84
北海园博园,4A,广西,北海市,银海区,广西北海市北海园博园,景点景区,国家4A旅游景区。所属地：广西·北海市·银海区。地址：广西北海市北海园博园。,21.4416904,109.1728152,wgs84
北海汉闾文化园,4A,广西,北海市,合浦县,广西北海市北海汉闾文化园,景点景区,国家4A旅游景区。所属地：广西·北海市·合浦县。地址：广西北海市北海汉闾文化园。,21.6461886,109.1858163,wgs84
涠洲岛圣堂景区,4A,广西,北海市,海城区,广西北海市涠洲岛圣堂景区,景点景区,国家4A旅游景区。所属地：广西·北海市·海城区。地址：广西北海市涠洲岛圣堂景区。,21.0445589,109.1123251,wgs84
星岛湖景区,4A,广西,北海市,合浦县,广西北海市星岛湖景区,景点景区,国家4A旅游景区。所属地：广西·北海市·合浦县。地址：广西北海市星岛湖景区。,21.7954233,109.1511600,wgs84
《印象•1876》北海历史文化景区,4A,广西,北海市,银海区,广西北海市《印象•1876》北海历史文化景区,景点景区,国家4A旅游景区。所属地：广西·北海市·银海区。地址：广西北海市《印象•1876》北海历史文化景区。,21.4342924,109.1400921,wgs84
合浦县东园家酒产业园,4A,广西,北海市,合浦县,广西北海市合浦县东园家酒产业园,景点景区,国家4A旅游景区。所属地：广西·北海市·合浦县。地址：广西北海市合浦县东园家酒产业园。,21.6857612,109.2099551,wgs84
月饼小镇,4A,广西,北海市,合浦县,广西北海市月饼小镇,景点景区,国家4A旅游景区。所属地：广西·北海市·合浦县。地址：广西北海市月饼小镇。,21.6046768,109.1885383,wgs84
海丝首港·合浦始发港景区,4A,广西,北海市,合浦县,广西北海市海丝首港·合浦始发港景区,景点景区,国家4A旅游景区。所属地：广西·北海市·合浦县。地址：广西北海市海丝首港·合浦始发港景区。,21.6638951,109.2030322,wgs84
海上丝路文化遗址公园,4A,广西,北海市,海城区,广西北海市海上丝路文化遗址公园,景点景区,国家4A旅游景区。所属地：广西·北海市·海城区。地址：广西北海市海上丝路文化遗址公园。,21.4812862,109.1185465,wgs84
高德古镇,4A,广西,北海市,海城区,广西北海市高德古镇,景点景区,国家4A旅游景区。所属地：广西·北海市·海城区。地址：广西北海市高德古镇。,21.5040245,109.1550715,wgs84
北海银基国际旅游度假区,4A,广西,北海市,银海区,广西北海市北海银基国际旅游度假区,景点景区,国家4A旅游景区。所属地：广西·北海市·银海区。地址：广西北海市北海银基国际旅游度假区。,21.4439231,109.2565812,wgs84
桂平西山风景名胜区,4A,广西,贵港市,桂平市,广西贵港市桂平西山风景名胜区,景点景区,国家4A旅游景区。所属地：广西·贵港市·桂平市。地址：广西贵港市桂平西山风景名胜区。,23.4022778,110.0508190,wgs84
广西龙潭国家森林公园,4A,广西,贵港市,港北区,广西贵港市广西龙潭国家森林公园,景点景区,国家4A旅游景区。所属地：广西·贵港市·港北区。地址：广西贵港市广西龙潭国家森林公园。,23.1724540,109.4649820,wgs84
太平天国金田起义地址景区,4A,广西,贵港市,桂平市,广西贵港市太平天国金田起义地址景区,景点景区,国家4A旅游景区。所属地：广西·贵港市·桂平市。地址：广西贵港市太平天国金田起义地址景区。,23.5859976,110.0767069,wgs84
桂平市西山泉旅游度假景区,4A,广西,贵港市,桂平市,广西贵港市桂平市西山泉旅游度假景区,景点景区,国家4A旅游景区。所属地：广西·贵港市·桂平市。地址：广西贵港市桂平市西山泉旅游度假景区。,23.3978864,110.0672290,wgs84
雄森动物大世界,4A,广西,贵港市,平南县,广西贵港市雄森动物大世界,景点景区,国家4A旅游景区。所属地：广西·贵港市·平南县。地址：广西贵港市雄森动物大世界。,23.3793517,110.5067584,wgs84
平南县龚州公园,4A,广西,贵港市,平南县,广西贵港市平南县龚州公园,景点景区,国家4A旅游景区。所属地：广西·贵港市·平南县。地址：广西贵港市平南县龚州公园。,23.5553200,110.4029934,wgs84
北帝山旅游区,4A,广西,贵港市,平南县,广西贵港市北帝山旅游区,景点景区,国家4A旅游景区。所属地：广西·贵港市·平南县。地址：广西贵港市北帝山旅游区。,23.8278473,110.1681398,wgs84
平南县垌美生态乐园景区,4A,广西,贵港市,平南县,广西贵港市平南县垌美生态乐园景区,景点景区,国家4A旅游景区。所属地：广西·贵港市·平南县。地址：广西贵港市平南县垌美生态乐园景区。,23.5415592,110.3875000,wgs84
平南佛子岭旅游康养度假区,4A,广西,贵港市,平南县,广西贵港市平南佛子岭旅游康养度假区,景点景区,国家4A旅游景区。所属地：广西·贵港市·平南县。地址：广西贵港市平南佛子岭旅游康养度假区。,23.4180774,110.5375916,wgs84
贵港园博园,4A,广西,贵港市,港北区,广西贵港市贵港园博园,景点景区,国家4A旅游景区。所属地：广西·贵港市·港北区。地址：广西贵港市贵港园博园。,23.0722312,109.5627797,wgs84
广西平天山国家森林公园,4A,广西,贵港市,港北区,广西贵港市广西平天山国家森林公园,景点景区,国家4A旅游景区。所属地：广西·贵港市·港北区。地址：广西贵港市广西平天山国家森林公园。,23.1724540,109.4649820,wgs84
荷美覃塘景区,4A,广西,贵港市,覃塘区,广西贵港市荷美覃塘景区,景点景区,国家4A旅游景区。所属地：广西·贵港市·覃塘区。地址：广西贵港市荷美覃塘景区。,23.1361769,109.4079119,wgs84
九凌湖旅游风景区,4A,广西,贵港市,港北区,广西贵港市九凌湖旅游风景区,景点景区,国家4A旅游景区。所属地：广西·贵港市·港北区。地址：广西贵港市九凌湖旅游风景区。,23.2782950,109.7561406,wgs84
西溪森林温泉度假邨,4A,广西,贺州市,八步区,广西贺州市西溪森林温泉度假邨,景点景区,国家4A旅游景区。所属地：广西·贺州市·八步区。地址：广西贺州市西溪森林温泉度假邨。,24.3593954,111.9640161,wgs84
大桂山国家森林公园,4A,广西,贺州市,八步区,广西贺州市大桂山国家森林公园,景点景区,国家4A旅游景区。所属地：广西·贺州市·八步区。地址：广西贺州市大桂山国家森林公园。,24.1605342,111.7110627,wgs84
姑婆山景区,4A,广西,贺州市,平桂区,广西贺州市姑婆山景区,景点景区,国家4A旅游景区。所属地：广西·贺州市·平桂区。地址：广西贺州市姑婆山景区。,24.6390820,111.5086431,wgs84
十八水景区,4A,广西,贺州市,平桂区,广西贺州市十八水景区,景点景区,国家4A旅游景区。所属地：广西·贺州市·平桂区。地址：广西贺州市十八水景区。,24.5800313,111.5474579,wgs84
玉石林景区,4A,广西,贺州市,八步区,广西贺州市玉石林景区,景点景区,国家4A旅游景区。所属地：广西·贺州市·八步区。地址：广西贺州市玉石林景区。,24.0226775,111.5889207,wgs84
神仙湖景区,4A,广西,贺州市,富川瑶族自治县,广西贺州市神仙湖景区,景点景区,国家4A旅游景区。所属地：广西·贺州市·富川瑶族自治县。地址：广西贺州市神仙湖景区。,24.8839280,111.3505139,wgs84
生态高值农业科技示范园,4A,广西,贺州市,,广西贺州市生态高值农业科技示范园,景点景区,国家4A旅游景区。所属地：广西·贺州市。地址：广西贺州市生态高值农业科技示范园。,24.4066114,111.5615734,wgs84
神剑石林,4A,广西,贺州市,富川瑶族自治县,广西贺州市神剑石林,景点景区,国家4A旅游景区。所属地：广西·贺州市·富川瑶族自治县。地址：广西贺州市神剑石林。,24.8897513,111.3522732,wgs84
钟山百里水墨画廊景区,4A,广西,贺州市,钟山县,广西贺州市钟山百里水墨画廊景区,景点景区,国家4A旅游景区。所属地：广西·贺州市·钟山县。地址：广西贺州市钟山百里水墨画廊景区。,24.4678776,111.1501864,wgs84
中共广西省工委纪念园景区,4A,广西,贺州市,,广西贺州市中共广西省工委纪念园景区,景点景区,国家4A旅游景区。所属地：广西·贺州市。地址：广西贺州市中共广西省工委纪念园景区。,24.4066114,111.5615734,wgs84
黄姚古镇景区,4A,广西,贺州市,昭平县,广西贺州市黄姚古镇景区,景点景区,国家4A旅游景区。所属地：广西·贺州市·昭平县。地址：广西贺州市黄姚古镇景区。,24.2507876,111.2015900,wgs84
桂江生态旅游景区,4A,广西,贺州市,昭平县,广西贺州市桂江生态旅游景区,景点景区,国家4A旅游景区。所属地：广西·贺州市·昭平县。地址：广西贺州市桂江生态旅游景区。,24.2462277,110.7885796,wgs84
南山茶海景区,4A,广西,贺州市,,广西贺州市南山茶海景区,景点景区,国家4A旅游景区。所属地：广西·贺州市。地址：广西贺州市南山茶海景区。,24.4066114,111.5615734,wgs84
来宾市象州古象旅游区,4A,广西,来宾市,象州县,广西来宾市象州县来宾市象州古象旅游区,景点景区,国家4A旅游景区。所属地：广西·来宾市·象州县。地址：广西来宾市象州县来宾市象州古象旅游区。,23.9740468,109.7559852,wgs84
武宣县下莲塘景区,4A,广西,来宾市,武宣县,广西来宾市武宣县武宣县下莲塘景区,景点景区,国家4A旅游景区。所属地：广西·来宾市·武宣县。地址：广西来宾市武宣县武宣县下莲塘景区。,23.5053018,109.7555814,wgs84
武宣县东乡红色旅游区,4A,广西,来宾市,象州县,广西来宾市武宣县武宣县东乡红色旅游区,景点景区,国家4A旅游景区。所属地：广西·来宾市·象州县。地址：广西来宾市武宣县武宣县东乡红色旅游区。,23.9740468,109.7559852,wgs84
武宣县八仙天池景区,4A,广西,来宾市,武宣县,广西来宾市武宣县武宣县八仙天池景区,景点景区,国家4A旅游景区。所属地：广西·来宾市·武宣县。地址：广西来宾市武宣县武宣县八仙天池景区。,23.5416962,109.6531198,wgs84
忻城薰衣草庄园景区,4A,广西,来宾市,忻城县,广西来宾市忻城县忻城薰衣草庄园景区,景点景区,国家4A旅游景区。所属地：广西·来宾市·忻城县。地址：广西来宾市忻城县忻城薰衣草庄园景区。,24.0265868,108.6443875,wgs84
忻城莫土司衙署景区,4A,广西,来宾市,忻城县,广西来宾市忻城县忻城莫土司衙署景区,景点景区,国家4A旅游景区。所属地：广西·来宾市·忻城县。地址：广西来宾市忻城县忻城莫土司衙署景区。,24.0645024,108.6754299,wgs84
忻城县乐滩竹海景区,4A,广西,来宾市,忻城县,广西来宾市忻城县忻城县乐滩竹海景区,景点景区,国家4A旅游景区。所属地：广西·来宾市·忻城县。地址：广西来宾市忻城县忻城县乐滩竹海景区。,23.9708724,108.6154810,wgs84
圣堂湖景区,4A,广西,来宾市,金秀瑶族自治县,广西来宾市金秀县圣堂湖景区,景点景区,国家4A旅游景区。所属地：广西·来宾市·金秀瑶族自治县。地址：广西来宾市金秀县圣堂湖景区。,24.1395303,110.1831910,wgs84
莲花山景区,4A,广西,来宾市,金秀瑶族自治县,广西来宾市金秀县莲花山景区,景点景区,国家4A旅游景区。所属地：广西·来宾市·金秀瑶族自治县。地址：广西来宾市金秀县莲花山景区。,24.1555463,110.1076103,wgs84
山水瑶城景区,4A,广西,来宾市,金秀瑶族自治县,广西来宾市金秀县山水瑶城景区,景点景区,国家4A旅游景区。所属地：广西·来宾市·金秀瑶族自治县。地址：广西来宾市金秀县山水瑶城景区。,24.1470030,110.1754573,wgs84
圣堂山景区,4A,广西,来宾市,金秀瑶族自治县,广西来宾市金秀县圣堂山景区,景点景区,国家4A旅游景区。所属地：广西·来宾市·金秀瑶族自治县。地址：广西来宾市金秀县圣堂山景区。,23.9729626,110.1054716,wgs84
银杉森林公园景区,4A,广西,来宾市,金秀瑶族自治县,广西来宾市金秀县银杉森林公园景区,景点景区,国家4A旅游景区。所属地：广西·来宾市·金秀瑶族自治县。地址：广西来宾市金秀县银杉森林公园景区。,24.1330968,110.1849157,wgs84
古沙沟景区,4A,广西,来宾市,金秀瑶族自治县,广西来宾市金秀县古沙沟景区,景点景区,国家4A旅游景区。所属地：广西·来宾市·金秀瑶族自治县。地址：广西来宾市金秀县古沙沟景区。,24.2047957,110.3534342,wgs84
合山市国家矿山公园,4A,广西,来宾市,合山市,广西来宾市合山市合山市国家矿山公园,景点景区,国家4A旅游景区。所属地：广西·来宾市·合山市。地址：广西来宾市合山市合山市国家矿山公园。,23.7988045,108.8715063,wgs84
玉林云天旅游文化城,4A,广西,玉林市,,广西玉林玉林云天旅游文化城,景点景区,国家4A旅游景区。所属地：广西·玉林市。地址：广西玉林玉林云天旅游文化城。,22.6391453,110.1602486,wgs84
六万大山森林公园,4A,广西,玉林市,福绵区,广西玉林六万大山森林公园,景点景区,国家4A旅游景区。所属地：广西·玉林市·福绵区。地址：广西玉林六万大山森林公园。,22.5843998,109.8592565,wgs84
广西玉林“五彩田园”现代特色农业示范区,4A,广西,玉林市,玉州区,广西玉林广西玉林“五彩田园”现代特色农业示范区,景点景区,国家4A旅游景区。所属地：广西·玉林市·玉州区。地址：广西玉林广西玉林“五彩田园”现代特色农业示范区。,22.6728659,110.2526101,wgs84
玉林市福达克拉湾,4A,广西,玉林市,玉州区,广西玉林玉林市福达克拉湾,景点景区,国家4A旅游景区。所属地：广西·玉林市·玉州区。地址：广西玉林玉林市福达克拉湾。,22.6265799,110.1969445,wgs84
玉林市陆川谢鲁山庄风景名胜区,4A,广西,玉林市,陆川县,广西玉林玉林市陆川谢鲁山庄风景名胜区,景点景区,国家4A旅游景区。所属地：广西·玉林市·陆川县。地址：广西玉林玉林市陆川谢鲁山庄风景名胜区。,22.1640893,110.1828588,wgs84
玉林容州古城,4A,广西,玉林市,,广西玉林玉林容州古城,景点景区,国家4A旅游景区。所属地：广西·玉林市。地址：广西玉林玉林容州古城。,22.6391453,110.1602486,wgs84
玉林容县都峤山风景区,4A,广西,玉林市,容县,广西玉林玉林容县都峤山风景区,景点景区,国家4A旅游景区。所属地：广西·玉林市·容县。地址：广西玉林玉林容县都峤山风景区。,22.7807625,110.5974590,wgs84
玉林容州·民国小镇,4A,广西,玉林市,容县,广西玉林玉林容州·民国小镇,景点景区,国家4A旅游景区。所属地：广西·玉林市·容县。地址：广西玉林玉林容州·民国小镇。,22.8430352,110.5604491,wgs84
大容山国家森林公园,4A,广西,玉林市,北流市,广西玉林北流市大容山国家森林公园,景点景区,国家4A旅游景区。所属地：广西·玉林市·北流市。地址：广西玉林北流市大容山国家森林公园。,22.8579481,110.2808455,wgs84
广西铜石岭国际旅游度假区,4A,广西,玉林市,北流市,广西玉林北流市广西铜石岭国际旅游度假区,景点景区,国家4A旅游景区。所属地：广西·玉林市·北流市。地址：广西玉林北流市广西铜石岭国际旅游度假区。,22.7469110,110.4424960,wgs84
北流市陶瓷小镇,4A,广西,玉林市,北流市,广西玉林北流市北流市陶瓷小镇,景点景区,国家4A旅游景区。所属地：广西·玉林市·北流市。地址：广西玉林北流市北流市陶瓷小镇。,22.7422654,110.4039205,wgs84
北流市会仙河公园,4A,广西,玉林市,北流市,广西玉林北流市北流市会仙河公园,景点景区,国家4A旅游景区。所属地：广西·玉林市·北流市。地址：广西玉林北流市北流市会仙河公园。,22.6872724,110.3084027,wgs84
德天跨国瀑布景区,5A,广西,崇左市,大新县,广西崇左市德天跨国瀑布景区,景点景区,国家5A旅游景区。所属地：广西·崇左市·大新县。地址：广西崇左市德天跨国瀑布景区。,22.8560022,106.7248267,wgs84
大新县明仕景区,4A,广西,崇左市,大新县,广西崇左市大新县明仕景区,景点景区,国家4A旅游景区。所属地：广西·崇左市·大新县。地址：广西崇左市大新县明仕景区。,22.7076214,106.9174704,wgs84
崇左大新德天﹒老木棉景区,4A,广西,崇左市,大新县,广西崇左市崇左大新德天﹒老木棉景区,景点景区,国家4A旅游景区。所属地：广西·崇左市·大新县。地址：广西崇左市崇左大新德天﹒老木棉景区。,22.8320885,107.1966710,wgs84
大新县安平仙河景区,4A,广西,崇左市,大新县,广西崇左市大新县安平仙河景区,景点景区,国家4A旅游景区。所属地：广西·崇左市·大新县。地址：广西崇左市大新县安平仙河景区。,22.7200467,107.0460960,wgs84
大新县大阳幽谷景区,4A,广西,崇左市,大新县,广西崇左市大新县大阳幽谷景区,景点景区,国家4A旅游景区。所属地：广西·崇左市·大新县。地址：广西崇左市大新县大阳幽谷景区。,22.8206787,106.7927936,wgs84
崇左白头叶猴生态旅游区,4A,广西,崇左市,,广西崇左市崇左白头叶猴生态旅游区,景点景区,国家4A旅游景区。所属地：广西·崇左市。地址：广西崇左市崇左白头叶猴生态旅游区。,22.3792879,107.3605634,wgs84
崇左左江斜塔景区,4A,广西,崇左市,江州区,广西崇左市崇左左江斜塔景区,景点景区,国家4A旅游景区。所属地：广西·崇左市·江州区。地址：广西崇左市崇左左江斜塔景区。,22.4387134,107.3649820,wgs84
崇左石景林·园博园,4A,广西,崇左市,江州区,广西崇左市崇左石景林·园博园,景点景区,国家4A旅游景区。所属地：广西·崇左市·江州区。地址：广西崇左市崇左石景林·园博园。,22.3748522,107.3367727,wgs84
崇左市江州区雨花石景区,4A,广西,崇左市,江州区,广西崇左市崇左市江州区雨花石景区,景点景区,国家4A旅游景区。所属地：广西·崇左市·江州区。地址：广西崇左市崇左市江州区雨花石景区。,22.4959180,107.4254484,wgs84
国际·如意岛生态景区,4A,广西,崇左市,江州区,广西崇左市国际·如意岛生态景区,景点景区,国家4A旅游景区。所属地：广西·崇左市·江州区。地址：广西崇左市国际·如意岛生态景区。,22.5510496,107.2128031,wgs84
天等丽川文化森林公园,4A,广西,崇左市,大新县,广西崇左市天等丽川文化森林公园,景点景区,国家4A旅游景区。所属地：广西·崇左市·大新县。地址：广西崇左市天等丽川文化森林公园。,22.9816497,107.3240637,wgs84
龙州起义纪念馆,4A,广西,崇左市,龙州县,广西崇左市龙州起义纪念馆,景点景区,国家4A旅游景区。所属地：广西·崇左市·龙州县。地址：广西崇左市龙州起义纪念馆。,22.3451861,106.8703811,wgs84
大新龙宫仙境景区,4A,广西,崇左市,大新县,广西崇左市大新龙宫仙境景区,景点景区,国家4A旅游景区。所属地：广西·崇左市·大新县。地址：广西崇左市大新龙宫仙境景区。,22.8424574,107.0555788,wgs84
小连城,4A,广西,崇左市,龙州县,广西崇左市小连城,景点景区,国家4A旅游景区。所属地：广西·崇左市·龙州县。地址：广西崇左市小连城。,22.3490688,106.8219428,wgs84
发现弄岗景区,4A,广西,崇左市,龙州县,广西崇左市发现弄岗景区,景点景区,国家4A旅游景区。所属地：广西·崇左市·龙州县。地址：广西崇左市发现弄岗景区。,22.4349880,107.0324528,wgs84
左江景区,4A,广西,崇左市,江州区,广西崇左市左江景区,景点景区,国家4A旅游景区。所属地：广西·崇左市·江州区。地址：广西崇左市左江景区。,22.6968878,107.6201981,wgs84
崇左市凭祥市友谊关景区,4A,广西,崇左市,凭祥市,广西崇左市崇左市凭祥市友谊关景区,景点景区,国家4A旅游景区。所属地：广西·崇左市·凭祥市。地址：广西崇左市崇左市凭祥市友谊关景区。,21.9763702,106.7058173,wgs84
崇左市凭祥红木文博城景区,4A,广西,崇左市,凭祥市,广西崇左市崇左市凭祥红木文博城景区,景点景区,国家4A旅游景区。所属地：广西·崇左市·凭祥市。地址：广西崇左市崇左市凭祥红木文博城景区。,22.0703799,106.7335318,wgs84
大连城景区,4A,广西,崇左市,,广西崇左市大连城景区,景点景区,国家4A旅游景区。所属地：广西·崇左市。地址：广西崇左市大连城景区。,22.3792879,107.3605634,wgs84
宁明县花山景区,4A,广西,崇左市,宁明县,广西崇左市宁明县花山景区,景点景区,国家4A旅游景区。所属地：广西·崇左市·宁明县。地址：广西崇左市宁明县花山景区。,22.2552362,107.0107204,wgs84
广西派阳山森林公园,4A,广西,崇左市,宁明县,广西崇左市广西派阳山森林公园,景点景区,国家4A旅游景区。所属地：广西·崇左市·宁明县。地址：广西崇左市广西派阳山森林公园。,22.0519177,107.1583364,wgs84
龙谷湾景区,4A,广西,崇左市,扶绥县,广西崇左市龙谷湾景区,景点景区,国家4A旅游景区。所属地：广西·崇左市·扶绥县。地址：广西崇左市龙谷湾景区。,22.5517118,107.8863019,wgs84
太平古城景区,4A,广西,崇左市,大新县,广西崇左市太平古城景区,景点景区,国家4A旅游景区。所属地：广西·崇左市·大新县。地址：广西崇左市太平古城景区。,22.8337622,107.1968441,wgs84
骑楼城-龙母庙,4A,广西,梧州市,岑溪市,广西梧州市骑楼城-龙母庙,景点景区,国家4A旅游景区。所属地：广西·梧州市·岑溪市。地址：广西梧州市骑楼城-龙母庙。,23.1113204,110.9150872,wgs84
白云山,4A,广西,梧州市,万秀区,广西梧州市白云山,景点景区,国家4A旅游景区。所属地：广西·梧州市·万秀区。地址：广西梧州市白云山。,23.4868649,111.3143071,wgs84
中山公园,4A,广西,梧州市,万秀区,广西梧州市中山公园,景点景区,国家4A旅游景区。所属地：广西·梧州市·万秀区。地址：广西梧州市中山公园。,23.4798285,111.3136253,wgs84
梧州军事体育文化园,4A,广西,梧州市,万秀区,广西梧州市梧州军事体育文化园,景点景区,国家4A旅游景区。所属地：广西·梧州市·万秀区。地址：广西梧州市梧州军事体育文化园。,23.4615056,111.2986290,wgs84
（梧州动物园）,5A,广西,南宁市,西乡塘区,广西（梧州动物园）,景点景区,国家5A旅游景区。所属地：广西·南宁市·西乡塘区。地址：广西（梧州动物园）。,22.8396014,108.2668685,wgs84
梧州市玫瑰湖公园,4A,广西,梧州市,长洲区,广西梧州市梧州市玫瑰湖公园,景点景区,国家4A旅游景区。所属地：广西·梧州市·长洲区。地址：广西梧州市梧州市玫瑰湖公园。,23.4815540,111.2467571,wgs84
苍海旅游区,4A,广西,梧州市,长洲区,广西梧州市苍海旅游区,景点景区,国家4A旅游景区。所属地：广西·梧州市·长洲区。地址：广西梧州市苍海旅游区。,23.4264013,111.2041838,wgs84
李济深故里文化旅游区,4A,广西,梧州市,长洲区,广西梧州市李济深故里文化旅游区,景点景区,国家4A旅游景区。所属地：广西·梧州市·长洲区。地址：广西梧州市李济深故里文化旅游区。,23.4264013,111.2041838,wgs84
苍梧县六堡茶生态旅游景区,4A,广西,梧州市,岑溪市,广西梧州市苍梧县六堡茶生态旅游景区,景点景区,国家4A旅游景区。所属地：广西·梧州市·岑溪市。地址：广西梧州市苍梧县六堡茶生态旅游景区。,22.9293815,111.0022442,wgs84
天龙顶山地公园,4A,广西,梧州市,岑溪市,广西梧州市天龙顶山地公园,景点景区,国家4A旅游景区。所属地：广西·梧州市·岑溪市。地址：广西梧州市天龙顶山地公园。,22.7140756,110.8617117,wgs84
东山文化公园,4A,广西,梧州市,岑溪市,广西梧州市东山文化公园,景点景区,国家4A旅游景区。所属地：广西·梧州市·岑溪市。地址：广西梧州市东山文化公园。,22.9222001,110.9904860,wgs84
石表山景区,4A,广西,梧州市,藤县,广西梧州市石表山景区,景点景区,国家4A旅游景区。所属地：广西·梧州市·藤县。地址：广西梧州市石表山景区。,23.1400419,110.6737955,wgs84
永安王城景区,4A,广西,梧州市,蒙山县,广西梧州市永安王城景区,景点景区,国家4A旅游景区。所属地：广西·梧州市·蒙山县。地址：广西梧州市永安王城景区。,24.2090778,110.5151864,wgs84
长坪水韵瑶寨景区,4A,广西,梧州市,蒙山县,广西梧州市长坪水韵瑶寨景区,景点景区,国家4A旅游景区。所属地：广西·梧州市·蒙山县。地址：广西梧州市长坪水韵瑶寨景区。,24.3341914,110.5160672,wgs84
梁羽生公园,4A,广西,梧州市,蒙山县,广西梧州市梁羽生公园,景点景区,国家4A旅游景区。所属地：广西·梧州市·蒙山县。地址：广西梧州市梁羽生公园。,24.2002603,110.5235520,wgs84
天书侠谷景区,4A,广西,梧州市,,广西梧州市天书侠谷景区,景点景区,国家4A旅游景区。所属地：广西·梧州市。地址：广西梧州市天书侠谷景区。,23.4795583,111.2740157,wgs84
夏宜醉美瑶乡景区,4A,广西,梧州市,蒙山县,广西梧州市夏宜醉美瑶乡景区,景点景区,国家4A旅游景区。所属地：广西·梧州市·蒙山县。地址：广西梧州市夏宜醉美瑶乡景区。,24.0796066,110.4106498,wgs84
西炮台公园,4A,广西,梧州市,蒙山县,广西梧州市西炮台公园,景点景区,国家4A旅游景区。所属地：广西·梧州市·蒙山县。地址：广西梧州市西炮台公园。,24.2023340,110.5120782,wgs84
石燕山景区,4A,广西,梧州市,,广西梧州市石燕山景区,景点景区,国家4A旅游景区。所属地：广西·梧州市。地址：广西梧州市石燕山景区。,23.4795583,111.2740157,wgs84
古皮橙柿亲情谷,4A,广西,梧州市,岑溪市,广西梧州市古皮橙柿亲情谷,景点景区,国家4A旅游景区。所属地：广西·梧州市·岑溪市。地址：广西梧州市古皮橙柿亲情谷。,22.9550307,111.1244249,wgs84
东乡积翠景区,4A,广西,梧州市,,广西梧州市东乡积翠景区,景点景区,国家4A旅游景区。所属地：广西·梧州市。地址：广西梧州市东乡积翠景区。,23.4795583,111.2740157,wgs84
羽生谷休闲养生基地,4A,广西,梧州市,,广西梧州市羽生谷休闲养生基地,景点景区,国家4A旅游景区。所属地：广西·梧州市。地址：广西梧州市羽生谷休闲养生基地。,23.4795583,111.2740157,wgs84
丝绸工业旅游景区,4A,广西,梧州市,岑溪市,广西梧州市丝绸工业旅游景区,景点景区,国家4A旅游景区。所属地：广西·梧州市·岑溪市。地址：广西梧州市丝绸工业旅游景区。,22.9293815,111.0022442,wgs84
蝴蝶谷景区,4A,广西,梧州市,藤县,广西梧州市蝴蝶谷景区,景点景区,国家4A旅游景区。所属地：广西·梧州市·藤县。地址：广西梧州市蝴蝶谷景区。,23.1903630,111.0592875,wgs84
钦州三娘湾景区,4A,广西,钦州市,钦南区,广西钦州市钦州三娘湾景区,景点景区,国家4A旅游景区。所属地：广西·钦州市·钦南区。地址：广西钦州市钦州三娘湾景区。,21.6228378,108.7502794,wgs84
钦州刘冯故居景区,4A,广西,钦州市,,广西钦州市钦州刘冯故居景区,景点景区,国家4A旅游景区。所属地：广西·钦州市。地址：广西钦州市钦州刘冯故居景区。,21.9828261,108.6503971,wgs84
钦州八寨沟旅游景区,4A,广西,钦州市,钦北区,广西钦州市钦州八寨沟旅游景区,景点景区,国家4A旅游景区。所属地：广西·钦州市·钦北区。地址：广西钦州市钦州八寨沟旅游景区。,22.1014023,108.2723175,wgs84
钦州市浦北县五皇山景区,4A,广西,钦州市,浦北县,广西钦州市钦州市浦北县五皇山景区,景点景区,国家4A旅游景区。所属地：广西·钦州市·浦北县。地址：广西钦州市钦州市浦北县五皇山景区。,22.1526159,109.3630330,wgs84
钦州园博园景区,4A,广西,钦州市,钦南区,广西钦州市钦州园博园景区,景点景区,国家4A旅游景区。所属地：广西·钦州市·钦南区。地址：广西钦州市钦州园博园景区。,21.9396348,108.6802839,wgs84
钦州市灵山县六峰山风景名胜区,4A,广西,钦州市,灵山县,广西钦州市钦州市灵山县六峰山风景名胜区,景点景区,国家4A旅游景区。所属地：广西·钦州市·灵山县。地址：广西钦州市钦州市灵山县六峰山风景名胜区。,22.4196292,109.2852237,wgs84
钦州市浦北县越州天湖景区,4A,广西,钦州市,浦北县,广西钦州市钦州市浦北县越州天湖景区,景点景区,国家4A旅游景区。所属地：广西·钦州市·浦北县。地址：广西钦州市钦州市浦北县越州天湖景区。,22.2746603,109.5527683,wgs84
钦州市林湖森林公园,4A,广西,钦州市,钦北区,广西钦州市钦州市林湖森林公园,景点景区,国家4A旅游景区。所属地：广西·钦州市·钦北区。地址：广西钦州市钦州市林湖森林公园。,22.0335513,108.6293756,wgs84
钦州市大芦古村文化生态旅游区,4A,广西,钦州市,灵山县,广西钦州市钦州市大芦古村文化生态旅游区,景点景区,国家4A旅游景区。所属地：广西·钦州市·灵山县。地址：广西钦州市钦州市大芦古村文化生态旅游区。,22.4551412,109.3369242,wgs84
钦州市那雾山森林公园,4A,广西,钦州市,钦南区,广西钦州市钦州市那雾山森林公园,景点景区,国家4A旅游景区。所属地：广西·钦州市·钦南区。地址：广西钦州市钦州市那雾山森林公园。,21.8833821,108.9212082,wgs84
神蜉酒庄园,4A,广西,钦州市,,广西钦州市神蜉酒庄园,景点景区,国家4A旅游景区。所属地：广西·钦州市。地址：广西钦州市神蜉酒庄园。,21.9828261,108.6503971,wgs84
钦州老街景区,4A,广西,钦州市,,广西钦州市钦州老街景区,景点景区,国家4A旅游景区。所属地：广西·钦州市。地址：广西钦州市钦州老街景区。,21.9828261,108.6503971,wgs84
钦州龙门群岛海上生态公园,4A,广西,钦州市,钦南区,广西钦州市钦州龙门群岛海上生态公园,景点景区,国家4A旅游景区。所属地：广西·钦州市·钦南区。地址：广西钦州市钦州龙门群岛海上生态公园。,21.9686431,108.6228833,wgs84
钦州市浦北县文昌景区,4A,广西,钦州市,浦北县,广西钦州市钦州市浦北县文昌景区,景点景区,国家4A旅游景区。所属地：广西·钦州市·浦北县。地址：广西钦州市钦州市浦北县文昌景区。,21.9623068,109.5626815,wgs84
钦州市浦北县大朗书院景区,4A,广西,钦州市,浦北县,广西钦州市钦州市浦北县大朗书院景区,景点景区,国家4A旅游景区。所属地：广西·钦州市·浦北县。地址：广西钦州市钦州市浦北县大朗书院景区。,22.3048252,109.5532857,wgs84
钦州坭兴陶艺术馆,4A,广西,钦州市,钦南区,广西钦州市钦州坭兴陶艺术馆,景点景区,国家4A旅游景区。所属地：广西·钦州市·钦南区。地址：广西钦州市钦州坭兴陶艺术馆。,21.9701894,108.6318626,wgs84
钦州市登峰陶艺馆,4A,广西,钦州市,钦南区,广西钦州市钦州市登峰陶艺馆,景点景区,国家4A旅游景区。所属地：广西·钦州市·钦南区。地址：广西钦州市钦州市登峰陶艺馆。,21.9558195,108.6261483,wgs84
广西钦州保税港区国际商品直销中心旅游景区,4A,广西,钦州市,钦南区,广西钦州市广西钦州保税港区国际商品直销中心旅游景区,景点景区,国家4A旅游景区。所属地：广西·钦州市·钦南区。地址：广西钦州市广西钦州保税港区国际商品直销中心旅游景区。,21.6904739,108.6441734,wgs84
钦州市白石湖景区,4A,广西,钦州市,钦南区,广西钦州市钦州市白石湖景区,景点景区,国家4A旅游景区。所属地：广西·钦州市·钦南区。地址：广西钦州市钦州市白石湖景区。,21.9419091,108.6259233,wgs84
钦州市钦北区碗窑梨花谷景区,4A,广西,钦州市,钦北区,广西钦州市钦州市钦北区碗窑梨花谷景区,景点景区,国家4A旅游景区。所属地：广西·钦州市·钦北区。地址：广西钦州市钦州市钦北区碗窑梨花谷景区。,22.3485211,108.7570288,wgs84
广西钦州市浦北县公猪脊景区,4A,广西,钦州市,浦北县,广西钦州市广西钦州市浦北县公猪脊景区,景点景区,国家4A旅游景区。所属地：广西·钦州市·浦北县。地址：广西钦州市广西钦州市浦北县公猪脊景区。,22.2746603,109.5527683,wgs84
北部湾大学景区,4A,广西,钦州市,钦南区,广西钦州市北部湾大学景区,景点景区,国家4A旅游景区。所属地：广西·钦州市·钦南区。地址：广西钦州市北部湾大学景区。,21.8984316,108.6160070,wgs84
山岔湾景区,5A,广西,柳州市,鱼峰区,广西柳州市山岔湾景区,景点景区,国家5A旅游景区。所属地：广西·柳州市·鱼峰区。地址：广西柳州市山岔湾景区。,24.3009843,109.5440134,wgs84
古岭龙景区,4A,广西,柳州市,城中区,广西柳州市古岭龙景区,景点景区,国家4A旅游景区。所属地：广西·柳州市·城中区。地址：广西柳州市古岭龙景区。,24.3384677,109.4285447,wgs84
三江侗天宫文化景区,4A,广西,柳州市,三江侗族自治县,广西柳州市三江侗天宫文化景区,景点景区,国家4A旅游景区。所属地：广西·柳州市·三江侗族自治县。地址：广西柳州市三江侗天宫文化景区。,25.7864291,109.6033276,wgs84
柳州花果山生态景区,4A,广西,柳州市,城中区,广西柳州市柳州花果山生态景区,景点景区,国家4A旅游景区。所属地：广西·柳州市·城中区。地址：广西柳州市柳州花果山生态景区。,24.3165051,109.4075865,wgs84
三江石门冲景区,4A,广西,柳州市,三江侗族自治县,广西柳州市三江石门冲景区,景点景区,国家4A旅游景区。所属地：广西·柳州市·三江侗族自治县。地址：广西柳州市三江石门冲景区。,25.7864291,109.6033276,wgs84
柳州市君武森林公园景区,4A,广西,柳州市,柳北区,广西柳州市柳州市君武森林公园景区,景点景区,国家4A旅游景区。所属地：广西·柳州市·柳北区。地址：广西柳州市柳州市君武森林公园景区。,24.4699706,109.3951266,wgs84
鹿寨月岛湖景区,4A,广西,柳州市,鹿寨县,广西柳州市鹿寨月岛湖景区,景点景区,国家4A旅游景区。所属地：广西·柳州市·鹿寨县。地址：广西柳州市鹿寨月岛湖景区。,24.4758011,109.7461505,wgs84
融水雨卜苗寨景区,4A,广西,柳州市,融水苗族自治县,广西柳州市融水雨卜苗寨景区,景点景区,国家4A旅游景区。所属地：广西·柳州市·融水苗族自治县。地址：广西柳州市融水雨卜苗寨景区。,25.3129102,109.1990935,wgs84
融水老子山景区,4A,广西,柳州市,融水苗族自治县,广西柳州市融水老子山景区,景点景区,国家4A旅游景区。所属地：广西·柳州市·融水苗族自治县。地址：广西柳州市融水老子山景区。,25.0607514,109.2429900,wgs84
融水县田头苗寨景区,4A,广西,柳州市,融水苗族自治县,广西柳州市融水县田头苗寨景区,景点景区,国家4A旅游景区。所属地：广西·柳州市·融水苗族自治县。地址：广西柳州市融水县田头苗寨景区。,25.2765452,109.1170191,wgs84
柳城县红马山景区,4A,广西,柳州市,柳城县,广西柳州市柳城县红马山景区,景点景区,国家4A旅游景区。所属地：广西·柳州市·柳城县。地址：广西柳州市柳城县红马山景区。,24.6517839,109.3648033,wgs84
柳州市万聚休闲农庄,4A,广西,柳州市,鱼峰区,广西柳州市柳州市万聚休闲农庄,景点景区,国家4A旅游景区。所属地：广西·柳州市·鱼峰区。地址：广西柳州市柳州市万聚休闲农庄。,24.2427514,109.4329800,wgs84
三江县冠洞景区,4A,广西,柳州市,三江侗族自治县,广西柳州市三江县冠洞景区,景点景区,国家4A旅游景区。所属地：广西·柳州市·三江侗族自治县。地址：广西柳州市三江县冠洞景区。,25.9461385,109.6548158,wgs84
柳州柳城古砦仫佬族乡民俗风情旅游区,4A,广西,柳州市,柳城县,广西柳州市柳州柳城古砦仫佬族乡民俗风情旅游区,景点景区,国家4A旅游景区。所属地：广西·柳州市·柳城县。地址：广西柳州市柳州柳城古砦仫佬族乡民俗风情旅游区。,24.7433108,109.0455200,wgs84
融水县龙宝大峡谷景区,4A,广西,柳州市,融水苗族自治县,广西柳州市融水县龙宝大峡谷景区,景点景区,国家4A旅游景区。所属地：广西·柳州市·融水苗族自治县。地址：广西柳州市融水县龙宝大峡谷景区。,25.2236512,109.2024969,wgs84
融水县石上人家景区,4A,广西,柳州市,融水苗族自治县,广西柳州市融水县石上人家景区,景点景区,国家4A旅游景区。所属地：广西·柳州市·融水苗族自治县。地址：广西柳州市融水县石上人家景区。,25.3991994,109.1230229,wgs84
三江县产口景区,4A,广西,柳州市,三江侗族自治县,广西柳州市三江县产口景区,景点景区,国家4A旅游景区。所属地：广西·柳州市·三江侗族自治县。地址：广西柳州市三江县产口景区。,25.7008692,109.4334757,wgs84
桂林市南溪山景区,4A,广西,桂林市,象山区,广西桂林市象山区桂林市南溪山景区,景点景区,国家4A旅游景区。所属地：广西·桂林市·象山区。地址：广西桂林市象山区桂林市南溪山景区。,25.2524190,110.2828138,wgs84
芦笛景区,4A,广西,桂林市,秀峰区,广西桂林市秀峰区芦笛景区,景点景区,国家4A旅游景区。所属地：广西·桂林市·秀峰区。地址：广西桂林市秀峰区芦笛景区。,25.3072798,110.2688810,wgs84
桂林经典刘三姐大观园景区,4A,广西,桂林市,秀峰区,广西桂林市秀峰区桂林经典刘三姐大观园景区,景点景区,国家4A旅游景区。所属地：广西·桂林市·秀峰区。地址：广西桂林市秀峰区桂林经典刘三姐大观园景区。,25.2834888,110.2649469,wgs84
桂林桂花公社景区,4A,广西,桂林市,秀峰区,广西桂林市秀峰区桂林桂花公社景区,景点景区,国家4A旅游景区。所属地：广西·桂林市·秀峰区。地址：广西桂林市秀峰区桂林桂花公社景区。,25.2828244,110.2593566,wgs84
桂林西山景区,4A,广西,桂林市,秀峰区,广西桂林市秀峰区桂林西山景区,景点景区,国家4A旅游景区。所属地：广西·桂林市·秀峰区。地址：广西桂林市秀峰区桂林西山景区。,25.2851611,110.2706237,wgs84
桂林冠岩景区,4A,广西,桂林市,雁山区,广西桂林市雁山区桂林冠岩景区,景点景区,国家4A旅游景区。所属地：广西·桂林市·雁山区。地址：广西桂林市雁山区桂林冠岩景区。,25.0602388,110.4461800,wgs84
桂林愚自乐园艺术园,4A,广西,桂林市,雁山区,广西桂林市雁山区桂林愚自乐园艺术园,景点景区,国家4A旅游景区。所属地：广西·桂林市·雁山区。地址：广西桂林市雁山区桂林愚自乐园艺术园。,25.0501743,110.3337163,wgs84
桂林旅苑景区,4A,广西,桂林市,雁山区,广西桂林市雁山区桂林旅苑景区,景点景区,国家4A旅游景区。所属地：广西·桂林市·雁山区。地址：广西桂林市雁山区桂林旅苑景区。,25.0651148,110.2957220,wgs84
桂林在水一汸景区,4A,广西,桂林市,临桂区,广西桂林市临桂区桂林在水一汸景区,景点景区,国家4A旅游景区。所属地：广西·桂林市·临桂区。地址：广西桂林市临桂区桂林在水一汸景区。,25.5346710,110.0853459,wgs84
桂林新区环城水系景区,4A,广西,桂林市,临桂区,广西桂林市临桂区桂林新区环城水系景区,景点景区,国家4A旅游景区。所属地：广西·桂林市·临桂区。地址：广西桂林市临桂区桂林新区环城水系景区。,25.2508921,110.1722057,wgs84
桂林罗山湖玛雅水上乐园景区,4A,广西,桂林市,临桂区,广西桂林市临桂区桂林罗山湖玛雅水上乐园景区,景点景区,国家4A旅游景区。所属地：广西·桂林市·临桂区。地址：广西桂林市临桂区桂林罗山湖玛雅水上乐园景区。,25.2458315,110.0544258,wgs84
桂林红溪景区,4A,广西,桂林市,临桂区,广西桂林市临桂区桂林红溪景区,景点景区,国家4A旅游景区。所属地：广西·桂林市·临桂区。地址：广西桂林市临桂区桂林红溪景区。,25.4618695,110.0925213,wgs84
桂林世外桃源旅游区,4A,广西,桂林市,阳朔县,广西桂林市阳朔县桂林世外桃源旅游区,景点景区,国家4A旅游景区。所属地：广西·桂林市·阳朔县。地址：广西桂林市阳朔县桂林世外桃源旅游区。,24.8648867,110.3835674,wgs84
桂林黄沙秘境大峡谷景区,4A,广西,桂林市,临桂区,广西桂林市临桂区桂林黄沙秘境大峡谷景区,景点景区,国家4A旅游景区。所属地：广西·桂林市·临桂区。地址：广西桂林市临桂区桂林黄沙秘境大峡谷景区。,25.5092811,109.9208929,wgs84
美国飞虎队桂林遗址公园,4A,广西,桂林市,临桂区,广西桂林市临桂区美国飞虎队桂林遗址公园,景点景区,国家4A旅游景区。所属地：广西·桂林市·临桂区。地址：广西桂林市临桂区美国飞虎队桂林遗址公园。,25.2166511,110.1561569,wgs84
会仙喀斯特国家湿地公园景区,4A,广西,桂林市,临桂区,广西桂林市临桂区会仙喀斯特国家湿地公园景区,景点景区,国家4A旅游景区。所属地：广西·桂林市·临桂区。地址：广西桂林市临桂区会仙喀斯特国家湿地公园景区。,25.0646299,110.2154536,wgs84
临桂十二滩漂流景区,4A,广西,桂林市,临桂区,广西桂林市临桂区临桂十二滩漂流景区,景点景区,国家4A旅游景区。所属地：广西·桂林市·临桂区。地址：广西桂林市临桂区临桂十二滩漂流景区。,25.5823932,110.0717829,wgs84
抱璞文化展示中心,4A,广西,桂林市,临桂区,广西桂林市临桂区抱璞文化展示中心,景点景区,国家4A旅游景区。所属地：广西·桂林市·临桂区。地址：广西桂林市临桂区抱璞文化展示中心。,25.2414605,110.2078884,wgs84
枫和里文化旅游区,4A,广西,桂林市,临桂区,广西桂林市临桂区枫和里文化旅游区,景点景区,国家4A旅游景区。所属地：广西·桂林市·临桂区。地址：广西桂林市临桂区枫和里文化旅游区。,25.2414605,110.2078884,wgs84
一院两馆景区,4A,广西,桂林市,临桂区,广西桂林市临桂区一院两馆景区,景点景区,国家4A旅游景区。所属地：广西·桂林市·临桂区。地址：广西桂林市临桂区一院两馆景区。,25.2471954,110.1612449,wgs84
龙胜县白面瑶寨景区（红色景区）,4A,广西,桂林市,龙胜各族自治县,广西桂林市龙胜县龙胜县白面瑶寨景区（红色景区）,景点景区,国家4A旅游景区。所属地：广西·桂林市·龙胜各族自治县。地址：广西桂林市龙胜县龙胜县白面瑶寨景区（红色景区）。,25.9062688,110.1848843,wgs84
杨溪景区,4A,广西,桂林市,恭城瑶族自治县,广西桂林市恭城县杨溪景区,景点景区,国家4A旅游景区。所属地：广西·桂林市·恭城瑶族自治县。地址：广西桂林市恭城县杨溪景区。,24.9738437,110.7886517,wgs84
瑶族文化村景区,4A,广西,桂林市,恭城瑶族自治县,广西桂林市恭城县瑶族文化村景区,景点景区,国家4A旅游景区。所属地：广西·桂林市·恭城瑶族自治县。地址：广西桂林市恭城县瑶族文化村景区。,24.8311348,110.8632566,wgs84
恭城社山景区,4A,广西,桂林市,恭城瑶族自治县,广西桂林市恭城县恭城社山景区,景点景区,国家4A旅游景区。所属地：广西·桂林市·恭城瑶族自治县。地址：广西桂林市恭城县恭城社山景区。,24.7887481,110.8475969,wgs84
灌阳神农稻博园,4A,广西,桂林市,灌阳县,广西桂林市灌阳县灌阳神农稻博园,景点景区,国家4A旅游景区。所属地：广西·桂林市·灌阳县。地址：广西桂林市灌阳县灌阳神农稻博园。,25.4907894,111.1518103,wgs84
灌阳都庞岭大峡谷景区,4A,广西,桂林市,灌阳县,广西桂林市灌阳县灌阳都庞岭大峡谷景区,景点景区,国家4A旅游景区。所属地：广西·桂林市·灌阳县。地址：广西桂林市灌阳县灌阳都庞岭大峡谷景区。,25.5696453,111.3196379,wgs84
灵川龙门瀑布景区,4A,广西,桂林市,灵川县,广西桂林市灵川县灵川龙门瀑布景区,景点景区,国家4A旅游景区。所属地：广西·桂林市·灵川县。地址：广西桂林市灵川县灵川龙门瀑布景区。,25.7149712,110.2097543,wgs84
永福县凤山景区,4A,广西,桂林市,永福县,广西桂林市永福县永福县凤山景区,景点景区,国家4A旅游景区。所属地：广西·桂林市·永福县。地址：广西桂林市永福县永福县凤山景区。,24.9867081,109.9796096,wgs84
罗汉果小镇,4A,广西,桂林市,永福县,广西桂林市永福县罗汉果小镇,景点景区,国家4A旅游景区。所属地：广西·桂林市·永福县。地址：广西桂林市永福县罗汉果小镇。,25.1209001,110.0140005,wgs84
资源县宝鼎景区,4A,广西,桂林市,资源县,广西桂林市资源县资源县宝鼎景区,景点景区,国家4A旅游景区。所属地：广西·桂林市·资源县。地址：广西桂林市资源县资源县宝鼎景区。,26.0394783,110.6942188,wgs84
上思十万大山国家森林公园景区,4A,广西,防城港市,上思县,广西防城港市上思十万大山国家森林公园景区,景点景区,国家4A旅游景区。所属地：广西·防城港市·上思县。地址：广西防城港市上思十万大山国家森林公园景区。,21.9007784,107.9014856,wgs84
防城港西湾旅游景区,4A,广西,防城港市,港口区,广西防城港市防城港西湾旅游景区,景点景区,国家4A旅游景区。所属地：广西·防城港市·港口区。地址：广西防城港市防城港西湾旅游景区。,21.6285819,108.3419860,wgs84
上思县百鸟乐园景区,4A,广西,防城港市,上思县,广西防城港市上思县百鸟乐园景区,景点景区,国家4A旅游景区。所属地：广西·防城港市·上思县。地址：广西防城港市上思县百鸟乐园景区。,21.9130357,107.9103898,wgs84
东兴国门景区,4A,广西,防城港市,东兴市,广西防城港市东兴国门景区,景点景区,国家4A旅游景区。所属地：广西·防城港市·东兴市。地址：广西防城港市东兴国门景区。,21.5372855,107.9678640,wgs84
上思县十万大山布透温泉景区,4A,广西,防城港市,上思县,广西防城港市上思县十万大山布透温泉景区,景点景区,国家4A旅游景区。所属地：广西·防城港市·上思县。地址：广西防城港市上思县十万大山布透温泉景区。,22.1910231,107.9514699,wgs84
东兴陈公馆景区,4A,广西,防城港市,东兴市,广西防城港市东兴陈公馆景区,景点景区,国家4A旅游景区。所属地：广西·防城港市·东兴市。地址：广西防城港市东兴陈公馆景区。,21.5412504,107.9731394,wgs84
东兴市意景园旅游景区,4A,广西,防城港市,东兴市,广西防城港市东兴市意景园旅游景区,景点景区,国家4A旅游景区。所属地：广西·防城港市·东兴市。地址：广西防城港市东兴市意景园旅游景区。,21.5729944,107.9829082,wgs84
东兴市北仑河口景区,4A,广西,防城港市,东兴市,广西防城港市东兴市北仑河口景区,景点景区,国家4A旅游景区。所属地：广西·防城港市·东兴市。地址：广西防城港市东兴市北仑河口景区。,21.5505006,107.9679991,wgs84
防城港火山岛景区,4A,广西,防城港市,港口区,广西防城港市防城港火山岛景区,景点景区,国家4A旅游景区。所属地：广西·防城港市·港口区。地址：广西防城港市防城港火山岛景区。,21.6916584,108.5753690,wgs84
河池天峨县龙滩大峡谷景区,4A,广西,河池市,天峨县,广西河池市天峨县河池天峨县龙滩大峡谷景区,景点景区,国家4A旅游景区。所属地：广西·河池市·天峨县。地址：广西河池市天峨县河池天峨县龙滩大峡谷景区。,25.0221593,107.0646527,wgs84
宜州市会仙山景区,4A,广西,河池市,宜州区,广西河池市宜州区宜州市会仙山景区,景点景区,国家4A旅游景区。所属地：广西·河池市·宜州区。地址：广西河池市宜州区宜州市会仙山景区。,24.5029545,108.6648398,wgs84
南丹县歌娅思谷·中国白裤瑶生态民俗风情园景区,4A,广西,河池市,南丹县,广西河池市南丹县南丹县歌娅思谷·中国白裤瑶生态民俗风情园景区,景点景区,国家4A旅游景区。所属地：广西·河池市·南丹县。地址：广西河池市南丹县南丹县歌娅思谷·中国白裤瑶生态民俗风情园景区。,25.0656932,107.6224138,wgs84
环江牛角寨瀑布群景区,4A,广西,河池市,环江毛南族自治县,广西河池市环江县环江牛角寨瀑布群景区,景点景区,国家4A旅游景区。所属地：广西·河池市·环江毛南族自治县。地址：广西河池市环江县环江牛角寨瀑布群景区。,25.0745655,108.3871021,wgs84
环江木论喀斯特生态旅游景区,4A,广西,河池市,环江毛南族自治县,广西河池市环江县环江木论喀斯特生态旅游景区,景点景区,国家4A旅游景区。所属地：广西·河池市·环江毛南族自治县。地址：广西河池市环江县环江木论喀斯特生态旅游景区。,25.1475201,108.0541475,wgs84
环江多彩毛南景区,4A,广西,河池市,环江毛南族自治县,广西河池市环江县环江多彩毛南景区,景点景区,国家4A旅游景区。所属地：广西·河池市·环江毛南族自治县。地址：广西河池市环江县环江多彩毛南景区。,24.8285866,108.2540078,wgs84
都安密洛陀文化公园,4A,广西,河池市,都安瑶族自治县,广西河池市都安县都安密洛陀文化公园,景点景区,国家4A旅游景区。所属地：广西·河池市·都安瑶族自治县。地址：广西河池市都安县都安密洛陀文化公园。,23.9398697,108.1039644,wgs84
大化红水河百里风情画廊,4A,广西,河池市,大化瑶族自治县,广西河池市大化县大化红水河百里风情画廊,景点景区,国家4A旅游景区。所属地：广西·河池市·大化瑶族自治县。地址：广西河池市大化县大化红水河百里风情画廊。,23.7508473,107.9686903,wgs84
东兰壮乡将军纪念园,4A,广西,河池市,东兰县,广西河池市东兰县东兰壮乡将军纪念园,景点景区,国家4A旅游景区。所属地：广西·河池市·东兰县。地址：广西河池市东兰县东兰壮乡将军纪念园。,24.5144644,107.3737444,wgs84
南丹白裤瑶生态博物馆,4A,广西,河池市,南丹县,广西河池市南丹县南丹白裤瑶生态博物馆,景点景区,国家4A旅游景区。所属地：广西·河池市·南丹县。地址：广西河池市南丹县南丹白裤瑶生态博物馆。,25.1186218,107.6919344,wgs84
金城江小三峡旅游景区,4A,广西,河池市,金城江区,广西河池市金城江区金城江小三峡旅游景区,景点景区,国家4A旅游景区。所属地：广西·河池市·金城江区。地址：广西河池市金城江区金城江小三峡旅游景区。,24.6920766,108.0885132,wgs84
南丹县铜江公园景区,4A,广西,河池市,南丹县,广西河池市南丹县南丹县铜江公园景区,景点景区,国家4A旅游景区。所属地：广西·河池市·南丹县。地址：广西河池市南丹县南丹县铜江公园景区。,24.9858251,107.5456527,wgs84
河池宜州市古龙河漂流景区,4A,广西,河池市,宜州区,广西河池市宜州区河池宜州市古龙河漂流景区,景点景区,国家4A旅游景区。所属地：广西·河池市·宜州区。地址：广西河池市宜州区河池宜州市古龙河漂流景区。,24.6268255,108.6880173,wgs84
都安民族博物馆,5A,广西,河池市,都安瑶族自治县,广西河池市都安县都安民族博物馆,景点景区,国家5A旅游景区。所属地：广西·河池市·都安瑶族自治县。地址：广西河池市都安县都安民族博物馆。,23.9498071,108.1135884,wgs84
大化“夜街”景区,4A,广西,河池市,大化瑶族自治县,广西河池市大化县大化“夜街”景区,景点景区,国家4A旅游景区。所属地：广西·河池市·大化瑶族自治县。地址：广西河池市大化县大化“夜街”景区。,23.7387391,107.9881302,wgs84
大化水岸廊桥景区,4A,广西,河池市,大化瑶族自治县,广西河池市大化县大化水岸廊桥景区,景点景区,国家4A旅游景区。所属地：广西·河池市·大化瑶族自治县。地址：广西河池市大化县大化水岸廊桥景区。,23.7452567,107.9491904,wgs84
川洞河燕子湖景区,4A,广西,河池市,天峨县,广西河池市天峨县川洞河燕子湖景区,景点景区,国家4A旅游景区。所属地：广西·河池市·天峨县。地址：广西河池市天峨县川洞河燕子湖景区。,25.1406923,107.0985551,wgs84
罗城青明山庄园景区,4A,广西,河池市,罗城仫佬族自治县,广西河池市罗城县罗城青明山庄园景区,景点景区,国家4A旅游景区。所属地：广西·河池市·罗城仫佬族自治县。地址：广西河池市罗城县罗城青明山庄园景区。,25.0003368,108.9124231,wgs84
罗城县武阳江景区,4A,广西,河池市,罗城仫佬族自治县,广西河池市罗城县罗城县武阳江景区,景点景区,国家4A旅游景区。所属地：广西·河池市·罗城仫佬族自治县。地址：广西河池市罗城县罗城县武阳江景区。,24.8892425,109.0255325,wgs84
大化莲花山景区,4A,广西,河池市,大化瑶族自治县,广西河池市大化县大化莲花山景区,景点景区,国家4A旅游景区。所属地：广西·河池市·大化瑶族自治县。地址：广西河池市大化县大化莲花山景区。,24.0469329,107.6413725,wgs84
河池市罗城县剑江景区,4A,广西,河池市,罗城仫佬族自治县,广西河池市罗城县河池市罗城县剑江景区,景点景区,国家4A旅游景区。所属地：广西·河池市·罗城仫佬族自治县。地址：广西河池市罗城县河池市罗城县剑江景区。,24.8212624,108.5901099,wgs84
都安县八仙乐园景区,4A,广西,河池市,都安瑶族自治县,广西河池市都安县都安县八仙乐园景区,景点景区,国家4A旅游景区。所属地：广西·河池市·都安瑶族自治县。地址：广西河池市都安县都安县八仙乐园景区。,23.9182816,108.1321984,wgs84
那坡县镇安公园景区,4A,广西,百色市,那坡县,广西百色市那坡县那坡县镇安公园景区,景点景区,国家4A旅游景区。所属地：广西·百色市·那坡县。地址：广西百色市那坡县那坡县镇安公园景区。,23.3901990,105.8292807,wgs84
百色乐业大石围天坑群景区,4A,广西,百色市,乐业县,广西百色市乐业县百色乐业大石围天坑群景区,景点景区,国家4A旅游景区。所属地：广西·百色市·乐业县。地址：广西百色市乐业县百色乐业大石围天坑群景区。,24.8264190,106.4864049,wgs84
乐业县龙云山故事小镇景区,4A,广西,百色市,乐业县,广西百色市乐业县乐业县龙云山故事小镇景区,景点景区,国家4A旅游景区。所属地：广西·百色市·乐业县。地址：广西百色市乐业县乐业县龙云山故事小镇景区。,24.6491785,106.4964794,wgs84
乐业县罗妹莲花洞景区,4A,广西,百色市,乐业县,广西百色市乐业县乐业县罗妹莲花洞景区,景点景区,国家4A旅游景区。所属地：广西·百色市·乐业县。地址：广西百色市乐业县乐业县罗妹莲花洞景区。,24.7748303,106.5488820,wgs84
乐业布柳河仙人桥景区,4A,广西,百色市,乐业县,广西百色市乐业县乐业布柳河仙人桥景区,景点景区,国家4A旅游景区。所属地：广西·百色市·乐业县。地址：广西百色市乐业县乐业布柳河仙人桥景区。,24.6631214,106.7619845,wgs84
乐业县红七红八军纪念馆,4A,广西,百色市,乐业县,广西百色市乐业县乐业县红七红八军纪念馆,景点景区,国家4A旅游景区。所属地：广西·百色市·乐业县。地址：广西百色市乐业县乐业县红七红八军纪念馆。,24.7799112,106.5530609,wgs84
乐业-凤山世界地质公园景区,4A,广西,百色市,乐业县,广西百色市乐业县乐业-凤山世界地质公园景区,景点景区,国家4A旅游景区。所属地：广西·百色市·乐业县。地址：广西百色市乐业县乐业-凤山世界地质公园景区。,24.7754138,106.5496263,wgs84
乐业县穿洞天坑景区,4A,广西,百色市,乐业县,广西百色市乐业县乐业县穿洞天坑景区,景点景区,国家4A旅游景区。所属地：广西·百色市·乐业县。地址：广西百色市乐业县乐业县穿洞天坑景区。,24.8057171,106.4863929,wgs84
乐业县五台山森林公园景区,4A,广西,百色市,乐业县,广西百色市乐业县乐业县五台山森林公园景区,景点景区,国家4A旅游景区。所属地：广西·百色市·乐业县。地址：广西百色市乐业县乐业县五台山森林公园景区。,24.7725307,106.2988542,wgs84
乐业县兰花和普园景区,4A,广西,百色市,乐业县,广西百色市乐业县乐业县兰花和普园景区,景点景区,国家4A旅游景区。所属地：广西·百色市·乐业县。地址：广西百色市乐业县乐业县兰花和普园景区。,24.7799112,106.5530609,wgs84
百色市平果黎明通天河旅游景区,4A,广西,百色市,平果市,广西百色市平果市百色市平果黎明通天河旅游景区,景点景区,国家4A旅游景区。所属地：广西·百色市·平果市。地址：广西百色市平果市百色市平果黎明通天河旅游景区。,23.8263277,107.5153845,wgs84
百色西林县宫保府景区,4A,广西,百色市,西林县,广西百色市西林县百色西林县宫保府景区,景点景区,国家4A旅游景区。所属地：广西·百色市·西林县。地址：广西百色市西林县百色西林县宫保府景区。,24.3471891,105.4462813,wgs84
田林县万吉山森林公园景区,4A,广西,百色市,田林县,广西百色市田林县田林县万吉山森林公园景区,景点景区,国家4A旅游景区。所属地：广西·百色市·田林县。地址：广西百色市田林县田林县万吉山森林公园景区。,24.2973665,106.2250502,wgs84
凌云茶山金字塔景区,4A,广西,百色市,凌云县,广西百色市凌云县凌云茶山金字塔景区,景点景区,国家4A旅游景区。所属地：广西·百色市·凌云县。地址：广西百色市凌云县凌云茶山金字塔景区。,24.4661523,106.5848325,wgs84
靖西锦绣古镇景区,4A,广西,百色市,靖西市,广西百色市靖西市靖西锦绣古镇景区,景点景区,国家4A旅游景区。所属地：广西·百色市·靖西市。地址：广西百色市靖西市靖西锦绣古镇景区。,23.1469596,106.4088079,wgs84
靖西小城故事景区,4A,广西,百色市,靖西市,广西百色市靖西市靖西小城故事景区,景点景区,国家4A旅游景区。所属地：广西·百色市·靖西市。地址：广西百色市靖西市靖西小城故事景区。,23.1253945,106.4216465,wgs84
靖西龙潭湿地公园,4A,广西,百色市,靖西市,广西百色市靖西市靖西龙潭湿地公园,景点景区,国家4A旅游景区。所属地：广西·百色市·靖西市。地址：广西百色市靖西市靖西龙潭湿地公园。,23.1436929,106.4171975,wgs84
靖西市渠洋湖景区,4A,广西,百色市,靖西市,广西百色市靖西市靖西市渠洋湖景区,景点景区,国家4A旅游景区。所属地：广西·百色市·靖西市。地址：广西百色市靖西市靖西市渠洋湖景区。,23.3257994,106.3241645,wgs84
槟榔谷黎苗文化旅游区,5A,海南,,保亭黎族苗族自治县,海南省保亭黎族苗族自治县三道镇甘什岭槟榔谷黎苗文化旅游区,景点景区,国家5A旅游景区。所属地：海南·保亭黎族苗族自治县。地址：海南省保亭黎族苗族自治县三道镇甘什岭槟榔谷黎苗文化旅游区。,18.4039166,109.6589749,wgs84
海南呀诺达雨林文化旅游区,5A,海南,,保亭黎族苗族自治县,海南省保亭县三道镇海南呀诺达雨林文化旅游区,景点景区,国家5A旅游景区。所属地：海南·保亭黎族苗族自治县。地址：海南省保亭县三道镇海南呀诺达雨林文化旅游区。,18.4534332,109.6639054,wgs84
海南分界洲岛旅游区,5A,海南,,陵水黎族自治县,海南省陵水县牛岭分界洲岛海南分界洲岛旅游区,景点景区,国家5A旅游景区。所属地：海南·陵水黎族自治县。地址：海南省陵水县牛岭分界洲岛海南分界洲岛旅游区。,18.5779486,110.1962637,wgs84
大小洞天旅游区,5A,海南,三亚市,崖州区,海南省三亚市崖城区大小洞天景区大小洞天旅游区,景点景区,国家5A旅游景区。所属地：海南·三亚市·崖州区。地址：海南省三亚市崖城区大小洞天景区大小洞天旅游区。,18.3090140,109.1490666,wgs84
南山文化旅游区,5A,海南,三亚市,崖州区,海南省三亚南山文化苑南山文化旅游区,景点景区,国家5A旅游景区。所属地：海南·三亚市·崖州区。地址：海南省三亚南山文化苑南山文化旅游区。,18.3022328,109.2069875,wgs84
蜈支洲岛旅游区,5A,海南,三亚市,海棠区,海南省三亚市海棠区蜈支洲岛蜈支洲岛旅游区,景点景区,国家5A旅游景区。所属地：海南·三亚市·海棠区。地址：海南省三亚市海棠区蜈支洲岛蜈支洲岛旅游区。,18.3150273,109.7649904,wgs84
七仙岭温泉国家森林公园,4A,海南,,保亭黎族苗族自治县,海南省保亭黎族苗族自治县东北部9公里处七仙岭温泉国家森林公园,景点景区,国家4A旅游景区。所属地：海南·保亭黎族苗族自治县。地址：海南省保亭黎族苗族自治县东北部9公里处七仙岭温泉国家森林公园。,18.7015829,109.6921657,wgs84
海南文笔峰盘古文化旅游区,4A,海南,,定安县,海南省定安县龙湖镇丁湖路文笔峰盘古文化旅游区（东线高速46公里居丁出口处西行3公里）海南文笔峰盘古文化旅游区,景点景区,国家4A旅游景区。所属地：海南·定安县。地址：海南省定安县龙湖镇丁湖路文笔峰盘古文化旅游区（东线高速46公里居丁出口处西行3公里）海南文笔峰盘古文化旅游区。,19.5543269,110.3612073,wgs84
海口观澜湖文体旅游区,4A,海南,海口市,龙华区,海南省海口市龙华区龙桥镇观澜湖大道1号海口观澜湖文体旅游区,景点景区,国家4A旅游景区。所属地：海南·海口市·龙华区。地址：海南省海口市龙华区龙桥镇观澜湖大道1号海口观澜湖文体旅游区。,19.9137138,110.3171962,wgs84
海南热带野生动植物园,4A,海南,海口市,秀英区,海南省海口市秀英区东山镇（海榆中线27公里处）海南热带野生动植物园,景点景区,国家4A旅游景区。所属地：海南·海口市·秀英区。地址：海南省海口市秀英区东山镇（海榆中线27公里处）海南热带野生动植物园。,19.7721950,110.2419783,wgs84
海口假日海滩旅游区,4A,海南,海口市,秀英区,海南省海口市滨海西路假日海滩海口假日海滩旅游区,景点景区,国家4A旅游景区。所属地：海南·海口市·秀英区。地址：海南省海口市滨海西路假日海滩海口假日海滩旅游区。,20.0389130,110.2328772,wgs84
中国雷琼海口火山群世界地质公园,4A,海南,海口市,秀英区,海南省海口市秀英区石山镇风景路火山口公园中国雷琼海口火山群世界地质公园,景点景区,国家4A旅游景区。所属地：海南·海口市·秀英区。地址：海南省海口市秀英区石山镇风景路火山口公园中国雷琼海口火山群世界地质公园。,19.9277400,110.2148378,wgs84
南湾猴岛生态旅游区,4A,海南,,陵水黎族自治县,海南省陵水县新村镇南湾猴岛景区南湾猴岛生态旅游区,景点景区,国家4A旅游景区。所属地：海南·陵水黎族自治县。地址：海南省陵水县新村镇南湾猴岛景区南湾猴岛生态旅游区。,18.4164114,109.9961180,wgs84
博鳌亚洲论坛永久会址景区,4A,海南,,琼海市,海南省琼海市东屿岛博鳌亚洲论坛永久会址景区,景点景区,国家4A旅游景区。所属地：海南·琼海市。地址：海南省琼海市东屿岛博鳌亚洲论坛永久会址景区。,19.1344179,110.5564228,wgs84
三亚西岛海洋文化旅游区,4A,海南,三亚市,天涯区,海南省三亚市天涯区肖旗港码头三亚西岛海洋文化旅游区,景点景区,国家4A旅游景区。所属地：海南·三亚市·天涯区。地址：海南省三亚市天涯区肖旗港码头三亚西岛海洋文化旅游区。,18.2938962,109.3638614,wgs84
天涯海角游览区,4A,海南,三亚市,天涯区,海南省三亚市天涯区天涯海角游览区天涯海角游览区,景点景区,国家4A旅游景区。所属地：海南·三亚市·天涯区。地址：海南省三亚市天涯区天涯海角游览区天涯海角游览区。,18.2939655,109.3503711,wgs84
亚龙湾热带天堂森林旅游区,4A,海南,三亚市,吉阳区,海南省三亚市亚龙湾国家旅游度假区亚龙湾热带天堂森林旅游区,景点景区,国家4A旅游景区。所属地：海南·三亚市·吉阳区。地址：海南省三亚市亚龙湾国家旅游度假区亚龙湾热带天堂森林旅游区。,18.2510512,109.6205269,wgs84
清水湾旅游区,4A,海南,,陵水黎族自治县,海南省陵水黎族自治县环岛东线高速英州出口清水湾旅游区,景点景区,国家4A旅游景区。所属地：海南·陵水黎族自治县。地址：海南省陵水黎族自治县环岛东线高速英州出口清水湾旅游区。,18.5303820,110.0321906,wgs84
东山岭文化旅游区,4A,海南,,万宁市,海南省万宁市万城镇东山岭景区东山岭文化旅游区,景点景区,国家4A旅游景区。所属地：海南·万宁市。地址：海南省万宁市万城镇东山岭景区东山岭文化旅游区。,18.8038659,110.4196781,wgs84
三亚水稻国家公园,4A,海南,三亚市,海棠区,海南省三亚市海棠湾G98高速林旺出口800米右侧三亚水稻国家公园,景点景区,国家4A旅游景区。所属地：海南·三亚市·海棠区。地址：海南省三亚市海棠湾G98高速林旺出口800米右侧三亚水稻国家公园。,18.3200614,109.6878501,wgs84
兴隆热带植物园,4A,海南,,万宁市,海南省万宁市兴隆热带植物园兴隆热带植物园,景点景区,国家4A旅游景区。所属地：海南·万宁市。地址：海南省万宁市兴隆热带植物园兴隆热带植物园。,18.7371938,110.1934422,wgs84
鹿回头风景区,4A,海南,三亚市,吉阳区,海南省三亚市鹿岭路鹿回头风景区鹿回头风景区,景点景区,国家4A旅游景区。所属地：海南·三亚市·吉阳区。地址：海南省三亚市鹿岭路鹿回头风景区鹿回头风景区。,18.2227333,109.5021681,wgs84
海南省博物馆,4A,海南,海口市,琼山区,海南省海口市国兴大道68号海南省博物馆,景点景区,国家4A旅游景区。所属地：海南·海口市·琼山区。地址：海南省海口市国兴大道68号海南省博物馆。,20.0176253,110.3745775,wgs84
中国（海南）南海博物馆,4A,海南,,琼海市,海南省琼海市潭门镇博物馆路1号中国（海南）南海博物馆,景点景区,国家4A旅游景区。所属地：海南·琼海市。地址：海南省琼海市潭门镇博物馆路1号中国（海南）南海博物馆。,19.2304781,110.6030157,wgs84
长影环球100奇幻乐园,4A,海南,海口市,秀英区,海南省海口市秀英区椰海大道100号长影环球100奇幻乐园,景点景区,国家4A旅游景区。所属地：海南·海口市·秀英区。地址：海南省海口市秀英区椰海大道100号长影环球100奇幻乐园。,19.9833068,110.1899346,wgs84
海南百花岭热带雨林文化旅游区,4A,海南,,琼中黎族苗族自治县,海南琼中黎族苗族自治县营根镇百花岭旅游区海南百花岭热带雨林文化旅游区,景点景区,国家4A旅游景区。所属地：海南·琼中黎族苗族自治县。地址：海南琼中黎族苗族自治县营根镇百花岭旅游区海南百花岭热带雨林文化旅游区。,19.0059838,109.8250910,wgs84
海南莲花山文化景区,4A,海南,儋州市,,海南省儋州市东南部兰洋镇海南莲花山文化景区,景点景区,国家4A旅游景区。所属地：海南·儋州市。地址：海南省儋州市东南部兰洋镇海南莲花山文化景区。,19.4252863,109.6547849,wgs84
海南儋州石花水洞地质公园,4A,海南,儋州市,,海南省儋州市八一总场海南儋州石花水洞地质公园,景点景区,国家4A旅游景区。所属地：海南·儋州市。地址：海南省儋州市八一总场海南儋州石花水洞地质公园。,19.4438310,109.2966738,wgs84
母瑞山红色文化旅游区,4A,海南,,定安县,海南省定安县翰林镇中瑞农场母瑞山红色文化旅游区,景点景区,国家4A旅游景区。所属地：海南·定安县。地址：海南省定安县翰林镇中瑞农场母瑞山红色文化旅游区。,19.3354901,110.2605108,wgs84
海南铜鼓岭景区,4A,海南,,文昌市,海南省文昌市龙楼镇铜鼓岭国际生态旅游区铜鼓北路铜鼓岭景区海南铜鼓岭景区,景点景区,国家4A旅游景区。所属地：海南·文昌市。地址：海南省文昌市龙楼镇铜鼓岭国际生态旅游区铜鼓北路铜鼓岭景区海南铜鼓岭景区。,19.6438647,110.9836464,wgs84
儋州东坡文化旅游区,4A,海南,儋州市,,海南省儋州市中和镇东坡旅游文化区儋州东坡文化旅游区,景点景区,国家4A旅游景区。所属地：海南·儋州市。地址：海南省儋州市中和镇东坡旅游文化区儋州东坡文化旅游区。,19.7396581,109.3520433,wgs84
屯昌梦幻香山旅游区,4A,海南,,屯昌县,海南省屯昌县屯城镇加利坡村附近（中线高速公路旁）屯昌梦幻香山旅游区,景点景区,国家4A旅游景区。所属地：海南·屯昌县。地址：海南省屯昌县屯城镇加利坡村附近（中线高速公路旁）屯昌梦幻香山旅游区。,19.3372359,110.0566377,wgs84
五指山市红峡谷文化旅游区,4A,海南,,五指山市,海南省五指山市南圣镇至水满乡6公里处五指山市红峡谷文化旅游区,景点景区,国家4A旅游景区。所属地：海南·五指山市。地址：海南省五指山市南圣镇至水满乡6公里处五指山市红峡谷文化旅游区。,18.8828556,109.6629492,wgs84
宋氏祖居景区,4A,海南,,文昌市,海南省文昌市昌洒镇古路园村宋氏祖居景区,景点景区,国家4A旅游景区。所属地：海南·文昌市。地址：海南省文昌市昌洒镇古路园村宋氏祖居景区。,19.7410529,110.8662823,wgs84
海南解放公园,4A,海南,,临高县,海南省临高县临城镇临高角风景区内海南解放公园,景点景区,国家4A旅游景区。所属地：海南·临高县。地址：海南省临高县临城镇临高角风景区内海南解放公园。,20.0098515,109.7110052,wgs84
海南白石岭旅游景区,4A,海南,,琼海市,海南省琼海市白石岭景区海南白石岭旅游景区,景点景区,国家4A旅游景区。所属地：海南·琼海市。地址：海南省琼海市白石岭景区海南白石岭旅游景区。,19.1733895,110.3914474,wgs84
五指山革命根据地纪念园,4A,海南,,五指山市,五指山市毛阳镇五指山革命根据地纪念园五指山革命根据地纪念园,景点景区,国家4A旅游景区。所属地：海南·五指山市。地址：五指山市毛阳镇五指山革命根据地纪念园五指山革命根据地纪念园。,18.9272639,109.4702864,wgs84
海南富力海洋欢乐世界,4A,海南,,陵水黎族自治县,海南省陵水黎族自治县黎安镇双湖大道1号海南富力海洋欢乐世界,景点景区,国家4A旅游景区。所属地：海南·陵水黎族自治县。地址：海南省陵水黎族自治县黎安镇双湖大道1号海南富力海洋欢乐世界。,18.4521489,110.0451068,wgs84
海南花梨谷文化旅游区,4A,海南,,东方市,海南省东方市板桥镇花梨谷文化旅游区景区海南花梨谷文化旅游区,景点景区,国家4A旅游景区。所属地：海南·东方市。地址：海南省东方市板桥镇花梨谷文化旅游区景区海南花梨谷文化旅游区。,18.7966764,108.6849333,wgs84
重庆大足石刻景区,5A,重庆,重庆市,大足区,重庆大足区重庆大足石刻景区,景点景区,国家5A旅游景区。所属地：重庆·重庆市·大足区。地址：重庆大足区重庆大足石刻景区。,29.7507883,105.7907450,wgs84
重庆巫山小三峡—小小三峡,5A,重庆,重庆市,巫山县,重庆巫山县重庆巫山小三峡—小小三峡,景点景区,国家5A旅游景区。所属地：重庆·重庆市·巫山县。地址：重庆巫山县重庆巫山小三峡—小小三峡。,31.0831491,109.8837056,wgs84
重庆武隆喀斯特旅游区（天生三桥·仙女山·芙蓉洞）,5A,重庆,重庆市,武隆区,重庆武隆区重庆武隆喀斯特旅游区（天生三桥·仙女山·芙蓉洞）,景点景区,国家5A旅游景区。所属地：重庆·重庆市·武隆区。地址：重庆武隆区重庆武隆喀斯特旅游区（天生三桥·仙女山·芙蓉洞）。,29.4202616,107.7634257,wgs84
重庆酉阳桃花源景区,5A,重庆,重庆市,酉阳土家族苗族自治县,重庆酉阳县重庆酉阳桃花源景区,景点景区,国家5A旅游景区。所属地：重庆·重庆市·酉阳土家族苗族自治县。地址：重庆酉阳县重庆酉阳桃花源景区。,28.8545687,108.7458279,wgs84
重庆万盛黑山谷景区,5A,重庆,重庆市,綦江区,重庆万盛经开区重庆万盛黑山谷景区,景点景区,国家5A旅游景区。所属地：重庆·重庆市·綦江区。地址：重庆万盛经开区重庆万盛黑山谷景区。,28.9521466,106.9254818,wgs84
重庆南川金佛山景区,5A,重庆,重庆市,南川区,重庆南川区重庆南川金佛山景区,景点景区,国家5A旅游景区。所属地：重庆·重庆市·南川区。地址：重庆南川区重庆南川金佛山景区。,29.0608659,107.1647977,wgs84
重庆江津四面山景区,5A,重庆,重庆市,江津区,重庆江津区重庆江津四面山景区,景点景区,国家5A旅游景区。所属地：重庆·重庆市·江津区。地址：重庆江津区重庆江津四面山景区。,28.6094207,106.4052358,wgs84
重庆云阳龙缸景区,5A,重庆,重庆市,云阳县,重庆云阳县重庆云阳龙缸景区,景点景区,国家5A旅游景区。所属地：重庆·重庆市·云阳县。地址：重庆云阳县重庆云阳龙缸景区。,30.6585916,108.9887541,wgs84
重庆彭水阿依河景区,5A,重庆,重庆市,彭水苗族土家族自治县,重庆彭水县重庆彭水阿依河景区,景点景区,国家5A旅游景区。所属地：重庆·重庆市·彭水苗族土家族自治县。地址：重庆彭水县重庆彭水阿依河景区。,29.1535796,108.1169794,wgs84
重庆黔江濯水景区,5A,重庆,重庆市,黔江区,重庆黔江区重庆黔江濯水景区,景点景区,国家5A旅游景区。所属地：重庆·重庆市·黔江区。地址：重庆黔江区重庆黔江濯水景区。,29.3024100,108.7723850,wgs84
重庆丰都名山风景区,4A,重庆,重庆市,丰都县,重庆丰都县重庆丰都名山风景区,景点景区,国家4A旅游景区。所属地：重庆·重庆市·丰都县。地址：重庆丰都县重庆丰都名山风景区。,29.8905569,107.7192833,wgs84
重庆奉节白帝城——瞿塘峡景区,5A,重庆,重庆市,奉节县,重庆奉节县重庆奉节白帝城——瞿塘峡景区,景点景区,国家5A旅游景区。所属地：重庆·重庆市·奉节县。地址：重庆奉节县重庆奉节白帝城——瞿塘峡景区。,31.0487757,109.5683931,wgs84
重庆聂荣臻元帅陈列馆,4A,重庆,重庆市,江津区,重庆江津区重庆聂荣臻元帅陈列馆,景点景区,国家4A旅游景区。所属地：重庆·重庆市·江津区。地址：重庆江津区重庆聂荣臻元帅陈列馆。,29.2779719,106.2568862,wgs84
重庆忠县石宝寨,4A,重庆,重庆市,忠县,重庆忠县重庆忠县石宝寨,景点景区,国家4A旅游景区。所属地：重庆·重庆市·忠县。地址：重庆忠县重庆忠县石宝寨。,30.4241041,108.1871373,wgs84
重庆人民大礼堂及人民广场,4A,重庆,重庆市,渝中区,重庆渝中区重庆人民大礼堂及人民广场,景点景区,国家4A旅游景区。所属地：重庆·重庆市·渝中区。地址：重庆渝中区重庆人民大礼堂及人民广场。,29.5644003,106.5501206,wgs84
重庆歌乐山森林公园,4A,重庆,重庆市,沙坪坝区,重庆沙坪坝区重庆歌乐山森林公园,景点景区,国家4A旅游景区。所属地：重庆·重庆市·沙坪坝区。地址：重庆沙坪坝区重庆歌乐山森林公园。,29.5597640,106.4298892,wgs84
重庆缙云山景区,4A,重庆,重庆市,北碚区,重庆北碚区重庆缙云山景区,景点景区,国家4A旅游景区。所属地：重庆·重庆市·北碚区。地址：重庆北碚区重庆缙云山景区。,29.8475856,106.3875747,wgs84
重庆北泉风景区,4A,重庆,重庆市,北碚区,重庆北碚区重庆北泉风景区,景点景区,国家4A旅游景区。所属地：重庆·重庆市·北碚区。地址：重庆北碚区重庆北泉风景区。,29.8603302,106.4118862,wgs84
重庆歌乐山烈士陵园,4A,重庆,重庆市,沙坪坝区,重庆沙坪坝区重庆歌乐山烈士陵园,景点景区,国家4A旅游景区。所属地：重庆·重庆市·沙坪坝区。地址：重庆沙坪坝区重庆歌乐山烈士陵园。,29.5747397,106.4383386,wgs84
重庆南山植物园,4A,重庆,重庆市,南岸区,重庆南岸区重庆南山植物园,景点景区,国家4A旅游景区。所属地：重庆·重庆市·南岸区。地址：重庆南岸区重庆南山植物园。,29.5583057,106.6240822,wgs84
重庆乐和乐都景区,4A,重庆,重庆市,永川区,重庆永川区重庆乐和乐都景区,景点景区,国家4A旅游景区。所属地：重庆·重庆市·永川区。地址：重庆永川区重庆乐和乐都景区。,29.2917463,105.9094994,wgs84
重庆红岩革命纪念馆,4A,重庆,重庆市,渝中区,重庆渝中区重庆红岩革命纪念馆,景点景区,国家4A旅游景区。所属地：重庆·重庆市·渝中区。地址：重庆渝中区重庆红岩革命纪念馆。,29.5566529,106.4953279,wgs84
重庆丰都雪玉洞景区,4A,重庆,重庆市,丰都县,重庆丰都县重庆丰都雪玉洞景区,景点景区,国家4A旅游景区。所属地：重庆·重庆市·丰都县。地址：重庆丰都县重庆丰都雪玉洞景区。,29.7855025,107.7933575,wgs84
重庆云阳张飞庙,4A,重庆,重庆市,云阳县,重庆云阳县重庆云阳张飞庙,景点景区,国家4A旅游景区。所属地：重庆·重庆市·云阳县。地址：重庆云阳县重庆云阳张飞庙。,30.9127696,108.7004615,wgs84
重庆黔江小南海旅游景区,4A,重庆,重庆市,黔江区,重庆黔江区重庆黔江小南海旅游景区,景点景区,国家4A旅游景区。所属地：重庆·重庆市·黔江区。地址：重庆黔江区重庆黔江小南海旅游景区。,29.6457719,108.7376408,wgs84
重庆市规划展览馆,4A,重庆,重庆市,渝中区,重庆渝中区重庆市规划展览馆,景点景区,国家4A旅游景区。所属地：重庆·重庆市·渝中区。地址：重庆渝中区重庆市规划展览馆。,29.5696181,106.5838928,wgs84
重庆湖广会馆,4A,重庆,重庆市,渝中区,重庆渝中区重庆湖广会馆,景点景区,国家4A旅游景区。所属地：重庆·重庆市·渝中区。地址：重庆渝中区重庆湖广会馆。,29.5607336,106.5830922,wgs84
重庆磁器口古镇,4A,重庆,重庆市,沙坪坝区,重庆沙坪坝区重庆磁器口古镇,景点景区,国家4A旅游景区。所属地：重庆·重庆市·沙坪坝区。地址：重庆沙坪坝区重庆磁器口古镇。,29.5837474,106.4456737,wgs84
重庆统景温泉风景区,4A,重庆,重庆市,渝北区,重庆渝北区重庆统景温泉风景区,景点景区,国家4A旅游景区。所属地：重庆·重庆市·渝北区。地址：重庆渝北区重庆统景温泉风景区。,29.8608274,106.8221646,wgs84
重庆中国三峡博物馆,4A,重庆,重庆市,渝中区,重庆渝中区重庆中国三峡博物馆,景点景区,国家4A旅游景区。所属地：重庆·重庆市·渝中区。地址：重庆渝中区重庆中国三峡博物馆。,29.5648111,106.5467472,wgs84
重庆洪崖洞民俗风貌区,4A,重庆,重庆市,渝中区,重庆渝中区重庆洪崖洞民俗风貌区,景点景区,国家4A旅游景区。所属地：重庆·重庆市·渝中区。地址：重庆渝中区重庆洪崖洞民俗风貌区。,29.5650105,106.5751366,wgs84
重庆海兰云天温泉度假区,4A,重庆,重庆市,九龙坡区,重庆高新区重庆海兰云天温泉度假区,景点景区,国家4A旅游景区。所属地：重庆·重庆市·九龙坡区。地址：重庆高新区重庆海兰云天温泉度假区。,29.5041977,106.2763972,wgs84
重庆动物园,4A,重庆,重庆市,九龙坡区,重庆九龙坡区重庆动物园,景点景区,国家4A旅游景区。所属地：重庆·重庆市·九龙坡区。地址：重庆九龙坡区重庆动物园。,29.5067901,106.5018955,wgs84
重庆贝迪颐园温泉度假区,4A,重庆,重庆市,九龙坡区,重庆高新区重庆贝迪颐园温泉度假区,景点景区,国家4A旅游景区。所属地：重庆·重庆市·九龙坡区。地址：重庆高新区重庆贝迪颐园温泉度假区。,29.4521504,106.3600669,wgs84
重庆科技馆,4A,重庆,重庆市,江北区,重庆江北区重庆科技馆,景点景区,国家4A旅游景区。所属地：重庆·重庆市·江北区。地址：重庆江北区重庆科技馆。,29.5738824,106.5740584,wgs84
重庆观音桥商圈都市旅游区,4A,重庆,重庆市,江北区,重庆江北区重庆观音桥商圈都市旅游区,景点景区,国家4A旅游景区。所属地：重庆·重庆市·江北区。地址：重庆江北区重庆观音桥商圈都市旅游区。,29.5799416,106.5285276,wgs84
重庆华岩旅游区,4A,重庆,重庆市,九龙坡区,重庆九龙坡区重庆华岩旅游区,景点景区,国家4A旅游景区。所属地：重庆·重庆市·九龙坡区。地址：重庆九龙坡区重庆华岩旅游区。,29.4979950,106.4457481,wgs84
重庆龚滩景区,4A,重庆,重庆市,酉阳土家族苗族自治县,重庆酉阳县重庆龚滩景区,景点景区,国家4A旅游景区。所属地：重庆·重庆市·酉阳土家族苗族自治县。地址：重庆酉阳县重庆龚滩景区。,28.8444111,108.7634189,wgs84
重庆加勒比海水世界景区,4A,重庆,重庆市,南岸区,重庆南岸区重庆加勒比海水世界景区,景点景区,国家4A旅游景区。所属地：重庆·重庆市·南岸区。地址：重庆南岸区重庆加勒比海水世界景区。,29.5585068,106.6102148,wgs84
重庆石柱大风堡景区,4A,重庆,重庆市,石柱土家族自治县,重庆石柱县重庆石柱大风堡景区,景点景区,国家4A旅游景区。所属地：重庆·重庆市·石柱土家族自治县。地址：重庆石柱县重庆石柱大风堡景区。,30.1920912,108.3778261,wgs84
重庆潼南杨闇公故里景区,4A,重庆,重庆市,潼南区,重庆潼南区重庆潼南杨闇公故里景区,景点景区,国家4A旅游景区。所属地：重庆·重庆市·潼南区。地址：重庆潼南区重庆潼南杨闇公故里景区。,30.1937856,105.8369740,wgs84
重庆上邦NOMI温泉旅游区,4A,重庆,重庆市,九龙坡区,重庆高新区重庆上邦NOMI温泉旅游区,景点景区,国家4A旅游景区。所属地：重庆·重庆市·九龙坡区。地址：重庆高新区重庆上邦NOMI温泉旅游区。,29.5293152,106.4886267,wgs84
重庆万州大瀑布群旅游区,4A,重庆,重庆市,万州区,重庆万州区重庆万州大瀑布群旅游区,景点景区,国家4A旅游景区。所属地：重庆·重庆市·万州区。地址：重庆万州区重庆万州大瀑布群旅游区。,30.6557558,108.2478345,wgs84
重庆綦江古剑山风景区,4A,重庆,重庆市,綦江区,重庆綦江区重庆綦江古剑山风景区,景点景区,国家4A旅游景区。所属地：重庆·重庆市·綦江区。地址：重庆綦江区重庆綦江古剑山风景区。,28.9523312,106.6235365,wgs84
重庆长寿湖旅游区,4A,重庆,重庆市,长寿区,重庆长寿区重庆长寿湖旅游区,景点景区,国家4A旅游景区。所属地：重庆·重庆市·长寿区。地址：重庆长寿区重庆长寿湖旅游区。,29.9163933,107.2370193,wgs84
重庆开州刘伯承同志纪念馆,4A,重庆,重庆市,开州区,重庆开州区重庆开州刘伯承同志纪念馆,景点景区,国家4A旅游景区。所属地：重庆·重庆市·开州区。地址：重庆开州区重庆开州刘伯承同志纪念馆。,31.1916185,108.4088452,wgs84
重庆巫溪红池坝森林旅游景区,4A,重庆,重庆市,巫溪县,重庆巫溪县重庆巫溪红池坝森林旅游景区,景点景区,国家4A旅游景区。所属地：重庆·重庆市·巫溪县。地址：重庆巫溪县重庆巫溪红池坝森林旅游景区。,31.5428378,109.0677581,wgs84
重庆酉阳龙潭古镇景区,4A,重庆,重庆市,酉阳土家族苗族自治县,重庆酉阳县重庆酉阳龙潭古镇景区,景点景区,国家4A旅游景区。所属地：重庆·重庆市·酉阳土家族苗族自治县。地址：重庆酉阳县重庆酉阳龙潭古镇景区。,29.0630590,109.0358626,wgs84
重庆白鹤梁水下博物馆景区,4A,重庆,重庆市,涪陵区,重庆涪陵区重庆白鹤梁水下博物馆景区,景点景区,国家4A旅游景区。所属地：重庆·重庆市·涪陵区。地址：重庆涪陵区重庆白鹤梁水下博物馆景区。,29.7068044,107.3833119,wgs84
重庆中国民主党派历史陈列馆景区,4A,重庆,重庆市,渝中区,重庆渝中区重庆中国民主党派历史陈列馆景区,景点景区,国家4A旅游景区。所属地：重庆·重庆市·渝中区。地址：重庆渝中区重庆中国民主党派历史陈列馆景区。,29.5638717,106.5423804,wgs84
重庆永川茶山竹海旅游景区,4A,重庆,重庆市,永川区,重庆永川区重庆永川茶山竹海旅游景区,景点景区,国家4A旅游景区。所属地：重庆·重庆市·永川区。地址：重庆永川区重庆永川茶山竹海旅游景区。,29.4161455,105.9224603,wgs84
重庆合川钓鱼城景区,4A,重庆,重庆市,合川区,重庆合川区重庆合川钓鱼城景区,景点景区,国家4A旅游景区。所属地：重庆·重庆市·合川区。地址：重庆合川区重庆合川钓鱼城景区。,30.0064014,106.3088038,wgs84
重庆铁山坪森林公园,4A,重庆,重庆市,江北区,重庆江北区重庆铁山坪森林公园,景点景区,国家4A旅游景区。所属地：重庆·重庆市·江北区。地址：重庆江北区重庆铁山坪森林公园。,29.6154326,106.6762243,wgs84
重庆北碚金刀峡景区,4A,重庆,重庆市,北碚区,重庆北碚区重庆北碚金刀峡景区,景点景区,国家4A旅游景区。所属地：重庆·重庆市·北碚区。地址：重庆北碚区重庆北碚金刀峡景区。,30.0313748,106.6197295,wgs84
重庆长寿菩提山文化旅游区,4A,重庆,重庆市,长寿区,重庆长寿区重庆长寿菩提山文化旅游区,景点景区,国家4A旅游景区。所属地：重庆·重庆市·长寿区。地址：重庆长寿区重庆长寿菩提山文化旅游区。,29.8693958,107.0391381,wgs84
重庆云阳三峡梯城景区,4A,重庆,重庆市,云阳县,重庆云阳县重庆云阳三峡梯城景区,景点景区,国家4A旅游景区。所属地：重庆·重庆市·云阳县。地址：重庆云阳县重庆云阳三峡梯城景区。,30.9349116,108.7057373,wgs84
重庆园博园,4A,重庆,重庆市,渝北区,重庆两江新区重庆园博园,景点景区,国家4A旅游景区。所属地：重庆·重庆市·渝北区。地址：重庆两江新区重庆园博园。,29.6816794,106.5471792,wgs84
重庆璧山观音塘湿地公园,4A,重庆,重庆市,璧山区,重庆璧山区重庆璧山观音塘湿地公园,景点景区,国家4A旅游景区。所属地：重庆·重庆市·璧山区。地址：重庆璧山区重庆璧山观音塘湿地公园。,29.5569439,106.2206544,wgs84
重庆奉节天坑地缝景区,4A,重庆,重庆市,奉节县,重庆奉节县重庆奉节天坑地缝景区,景点景区,国家4A旅游景区。所属地：重庆·重庆市·奉节县。地址：重庆奉节县重庆奉节天坑地缝景区。,31.0206921,109.4589787,wgs84
重庆巫山神女景区（神女峰·神女溪）,4A,重庆,重庆市,巫山县,重庆巫山县重庆巫山神女景区（神女峰·神女溪）,景点景区,国家4A旅游景区。所属地：重庆·重庆市·巫山县。地址：重庆巫山县重庆巫山神女景区（神女峰·神女溪）。,31.0612592,109.9002486,wgs84
重庆铜梁安居古城,4A,重庆,重庆市,铜梁区,重庆铜梁区重庆铜梁安居古城,景点景区,国家4A旅游景区。所属地：重庆·重庆市·铜梁区。地址：重庆铜梁区重庆铜梁安居古城。,29.9911585,106.0250063,wgs84
重庆潼南大佛寺,4A,重庆,重庆市,潼南区,重庆潼南区重庆潼南大佛寺,景点景区,国家4A旅游景区。所属地：重庆·重庆市·潼南区。地址：重庆潼南区重庆潼南大佛寺。,30.1889586,105.8064646,wgs84
重庆涪陵武陵山大裂谷景区,4A,重庆,重庆市,涪陵区,重庆涪陵区重庆涪陵武陵山大裂谷景区,景点景区,国家4A旅游景区。所属地：重庆·重庆市·涪陵区。地址：重庆涪陵区重庆涪陵武陵山大裂谷景区。,29.4928840,107.5749606,wgs84
重庆开州汉丰湖景区,4A,重庆,重庆市,开州区,重庆开州区重庆开州汉丰湖景区,景点景区,国家4A旅游景区。所属地：重庆·重庆市·开州区。地址：重庆开州区重庆开州汉丰湖景区。,31.1737576,108.3882028,wgs84
重庆荣昌万灵古镇,4A,重庆,重庆市,荣昌区,重庆荣昌区重庆荣昌万灵古镇,景点景区,国家4A旅游景区。所属地：重庆·重庆市·荣昌区。地址：重庆荣昌区重庆荣昌万灵古镇。,29.4916084,105.6451847,wgs84
重庆周君记火锅食品工业旅游体验园,4A,重庆,重庆市,九龙坡区,重庆九龙坡区重庆周君记火锅食品工业旅游体验园,景点景区,国家4A旅游景区。所属地：重庆·重庆市·九龙坡区。地址：重庆九龙坡区重庆周君记火锅食品工业旅游体验园。,29.4875009,106.4474388,wgs84
重庆东温泉风景区,4A,重庆,重庆市,巴南区,重庆巴南区重庆东温泉风景区,景点景区,国家4A旅游景区。所属地：重庆·重庆市·巴南区。地址：重庆巴南区重庆东温泉风景区。,29.4563651,106.8549857,wgs84
重庆合川涞滩古镇,4A,重庆,重庆市,合川区,重庆合川区重庆合川涞滩古镇,景点景区,国家4A旅游景区。所属地：重庆·重庆市·合川区。地址：重庆合川区重庆合川涞滩古镇。,30.1763956,106.4903473,wgs84
重庆涪陵武陵山国家森林公园,4A,重庆,重庆市,涪陵区,重庆涪陵区重庆涪陵武陵山国家森林公园,景点景区,国家4A旅游景区。所属地：重庆·重庆市·涪陵区。地址：重庆涪陵区重庆涪陵武陵山国家森林公园。,29.5430500,107.5998765,wgs84
重庆涪陵大木花谷·林下花园景区,4A,重庆,重庆市,涪陵区,重庆涪陵区重庆涪陵大木花谷·林下花园景区,景点景区,国家4A旅游景区。所属地：重庆·重庆市·涪陵区。地址：重庆涪陵区重庆涪陵大木花谷·林下花园景区。,29.6270234,107.6689636,wgs84
重庆铜梁黄桷门奇彩梦园,4A,重庆,重庆市,铜梁区,重庆铜梁区重庆铜梁黄桷门奇彩梦园,景点景区,国家4A旅游景区。所属地：重庆·重庆市·铜梁区。地址：重庆铜梁区重庆铜梁黄桷门奇彩梦园。,29.7976848,106.0426210,wgs84
重庆巴南中泰天心佛文化旅游区,4A,重庆,重庆市,巴南区,重庆巴南区重庆巴南中泰天心佛文化旅游区,景点景区,国家4A旅游景区。所属地：重庆·重庆市·巴南区。地址：重庆巴南区重庆巴南中泰天心佛文化旅游区。,29.4040065,106.7679559,wgs84
重庆江津陈独秀旧居陈列馆,4A,重庆,重庆市,江津区,重庆江津区重庆江津陈独秀旧居陈列馆,景点景区,国家4A旅游景区。所属地：重庆·重庆市·江津区。地址：重庆江津区重庆江津陈独秀旧居陈列馆。,29.2069845,106.2440838,wgs84
重庆城口亢谷景区,4A,重庆,重庆市,城口县,重庆城口县重庆城口亢谷景区,景点景区,国家4A旅游景区。所属地：重庆·重庆市·城口县。地址：重庆城口县重庆城口亢谷景区。,31.7265092,109.1426106,wgs84
重庆彭水蚩尤九黎城景区,4A,重庆,重庆市,彭水苗族土家族自治县,重庆彭水县重庆彭水蚩尤九黎城景区,景点景区,国家4A旅游景区。所属地：重庆·重庆市·彭水苗族土家族自治县。地址：重庆彭水县重庆彭水蚩尤九黎城景区。,29.3198308,108.1239864,wgs84
重庆石柱千野草场,4A,重庆,重庆市,石柱土家族自治县,重庆石柱县重庆石柱千野草场,景点景区,国家4A旅游景区。所属地：重庆·重庆市·石柱土家族自治县。地址：重庆石柱县重庆石柱千野草场。,30.2468304,108.1988327,wgs84
重庆黔江城市大峡谷景区,4A,重庆,重庆市,黔江区,重庆黔江区重庆黔江城市大峡谷景区,景点景区,国家4A旅游景区。所属地：重庆·重庆市·黔江区。地址：重庆黔江区重庆黔江城市大峡谷景区。,29.5130075,108.8086373,wgs84
重庆自然博物馆,4A,重庆,重庆市,北碚区,重庆北碚区重庆自然博物馆,景点景区,国家4A旅游景区。所属地：重庆·重庆市·北碚区。地址：重庆北碚区重庆自然博物馆。,29.8213689,106.4037504,wgs84
重庆巴南丰盛古镇,4A,重庆,重庆市,巴南区,重庆巴南区重庆巴南丰盛古镇,景点景区,国家4A旅游景区。所属地：重庆·重庆市·巴南区。地址：重庆巴南区重庆巴南丰盛古镇。,29.5254913,106.9317319,wgs84
重庆梁平滑石古寨,4A,重庆,重庆市,梁平区,重庆梁平区重庆梁平滑石古寨,景点景区,国家4A旅游景区。所属地：重庆·重庆市·梁平区。地址：重庆梁平区重庆梁平滑石古寨。,30.5911907,107.7237433,wgs84
重庆黔江土家十三寨,4A,重庆,重庆市,黔江区,重庆黔江区重庆黔江土家十三寨,景点景区,国家4A旅游景区。所属地：重庆·重庆市·黔江区。地址：重庆黔江区重庆黔江土家十三寨。,29.6550659,108.6818605,wgs84
重庆南岸长嘉汇弹子石老街,4A,重庆,重庆市,南岸区,重庆南岸区重庆南岸长嘉汇弹子石老街,景点景区,国家4A旅游景区。所属地：重庆·重庆市·南岸区。地址：重庆南岸区重庆南岸长嘉汇弹子石老街。,29.5829576,106.5823787,wgs84
重庆彭水摩围山景区,4A,重庆,重庆市,彭水苗族土家族自治县,重庆彭水县重庆彭水摩围山景区,景点景区,国家4A旅游景区。所属地：重庆·重庆市·彭水苗族土家族自治县。地址：重庆彭水县重庆彭水摩围山景区。,29.1868916,108.0460784,wgs84
重庆融汇温泉小镇,4A,重庆,重庆市,沙坪坝区,重庆沙坪坝区重庆融汇温泉小镇,景点景区,国家4A旅游景区。所属地：重庆·重庆市·沙坪坝区。地址：重庆沙坪坝区重庆融汇温泉小镇。,29.5433435,106.4368075,wgs84
重庆两江国际影视城,4A,重庆,重庆市,渝北区,重庆渝北区重庆两江国际影视城,景点景区,国家4A旅游景区。所属地：重庆·重庆市·渝北区。地址：重庆渝北区重庆两江国际影视城。,29.6876254,106.8176530,wgs84
重庆市黔江神龟峡景区,4A,重庆,重庆市,黔江区,重庆黔江区、酉阳重庆市黔江神龟峡景区,景点景区,国家4A旅游景区。所属地：重庆·重庆市·黔江区。地址：重庆黔江区、酉阳重庆市黔江神龟峡景区。,29.1077838,108.6591606,wgs84
重庆巫山文峰景区,4A,重庆,重庆市,巫山县,重庆巫山县重庆巫山文峰景区,景点景区,国家4A旅游景区。所属地：重庆·重庆市·巫山县。地址：重庆巫山县重庆巫山文峰景区。,31.0805835,109.9283557,wgs84
重庆长江索道景区,4A,重庆,重庆市,渝中区,重庆渝中区重庆长江索道景区,景点景区,国家4A旅游景区。所属地：重庆·重庆市·渝中区。地址：重庆渝中区重庆长江索道景区。,29.5652048,106.5754798,wgs84
重庆黔江爱莉丝庄园景区,4A,重庆,重庆市,黔江区,重庆黔江区重庆黔江爱莉丝庄园景区,景点景区,国家4A旅游景区。所属地：重庆·重庆市·黔江区。地址：重庆黔江区重庆黔江爱莉丝庄园景区。,29.3769163,108.7820721,wgs84
重庆秀山西街民俗文化景区,4A,重庆,重庆市,秀山土家族苗族自治县,重庆秀山县重庆秀山西街民俗文化景区,景点景区,国家4A旅游景区。所属地：重庆·重庆市·秀山土家族苗族自治县。地址：重庆秀山县重庆秀山西街民俗文化景区。,28.4517450,108.9805780,wgs84
重庆垫江牡丹樱花世界景区,4A,重庆,重庆市,垫江县,重庆垫江县重庆垫江牡丹樱花世界景区,景点景区,国家4A旅游景区。所属地：重庆·重庆市·垫江县。地址：重庆垫江县重庆垫江牡丹樱花世界景区。,30.3233280,107.3525737,wgs84
重庆市彭水乌江画廊景区,4A,重庆,重庆市,彭水苗族土家族自治县,重庆彭水县重庆市彭水乌江画廊景区,景点景区,国家4A旅游景区。所属地：重庆·重庆市·彭水苗族土家族自治县。地址：重庆彭水县重庆市彭水乌江画廊景区。,29.1939895,108.2092640,wgs84
重庆潼南双江古镇景区,4A,重庆,重庆市,潼南区,重庆潼南区重庆潼南双江古镇景区,景点景区,国家4A旅游景区。所属地：重庆·重庆市·潼南区。地址：重庆潼南区重庆潼南双江古镇景区。,30.2183243,105.7457154,wgs84
重庆丰都南天湖景区,4A,重庆,重庆市,丰都县,重庆丰都县重庆丰都南天湖景区,景点景区,国家4A旅游景区。所属地：重庆·重庆市·丰都县。地址：重庆丰都县重庆丰都南天湖景区。,29.7014043,107.8671434,wgs84
重庆保税体验旅游景区,4A,重庆,重庆市,江北区,重庆两江新区重庆保税体验旅游景区,景点景区,国家4A旅游景区。所属地：重庆·重庆市·江北区。地址：重庆两江新区重庆保税体验旅游景区。,29.6268047,106.5843335,wgs84
重庆丰都九重天景区,4A,重庆,重庆市,丰都县,重庆丰都县重庆丰都九重天景区,景点景区,国家4A旅游景区。所属地：重庆·重庆市·丰都县。地址：重庆丰都县重庆丰都九重天景区。,29.7889188,107.8075905,wgs84
重庆秀山凤凰山花灯民俗文化旅游区,4A,重庆,重庆市,秀山土家族苗族自治县,重庆秀山县重庆秀山凤凰山花灯民俗文化旅游区,景点景区,国家4A旅游景区。所属地：重庆·重庆市·秀山土家族苗族自治县。地址：重庆秀山县重庆秀山凤凰山花灯民俗文化旅游区。,28.4491605,109.0137216,wgs84
重庆抗战遗址博物馆,4A,重庆,重庆市,南岸区,重庆南岸区重庆抗战遗址博物馆,景点景区,国家4A旅游景区。所属地：重庆·重庆市·南岸区。地址：重庆南岸区重庆抗战遗址博物馆。,29.5670826,106.6152099,wgs84
重庆綦江国家地质公园老瀛山景区,4A,重庆,重庆市,綦江区,重庆綦江区重庆綦江国家地质公园老瀛山景区,景点景区,国家4A旅游景区。所属地：重庆·重庆市·綦江区。地址：重庆綦江区重庆綦江国家地质公园老瀛山景区。,28.9845067,106.7453148,wgs84
重庆建川博物馆,4A,重庆,重庆市,九龙坡区,重庆九龙坡区重庆建川博物馆,景点景区,国家4A旅游景区。所属地：重庆·重庆市·九龙坡区。地址：重庆九龙坡区重庆建川博物馆。,29.5225556,106.5187868,wgs84
重庆涪陵816工程景区,4A,重庆,重庆市,涪陵区,重庆涪陵区重庆涪陵816工程景区,景点景区,国家4A旅游景区。所属地：重庆·重庆市·涪陵区。地址：重庆涪陵区重庆涪陵816工程景区。,29.7055956,107.3846743,wgs84
重庆梁平百里竹海观音洞,4A,重庆,重庆市,梁平区,重庆梁平区重庆梁平百里竹海观音洞,景点景区,国家4A旅游景区。所属地：重庆·重庆市·梁平区。地址：重庆梁平区重庆梁平百里竹海观音洞。,30.8265856,107.6652870,wgs84
重庆鎏嘉码头景区,4A,重庆,重庆市,江北区,重庆江北区重庆鎏嘉码头景区,景点景区,国家4A旅游景区。所属地：重庆·重庆市·江北区。地址：重庆江北区重庆鎏嘉码头景区。,29.5734063,106.5564457,wgs84
重庆际华园景区,4A,重庆,重庆市,渝北区,重庆渝北区重庆际华园景区,景点景区,国家4A旅游景区。所属地：重庆·重庆市·渝北区。地址：重庆渝北区重庆际华园景区。,29.6843939,106.8272228,wgs84
重庆奉节龙桥河景区,4A,重庆,重庆市,奉节县,重庆奉节县重庆奉节龙桥河景区,景点景区,国家4A旅游景区。所属地：重庆·重庆市·奉节县。地址：重庆奉节县重庆奉节龙桥河景区。,30.5482492,109.3598361,wgs84
重庆奉节夔州博物馆,4A,重庆,重庆市,奉节县,重庆奉节县重庆奉节夔州博物馆,景点景区,国家4A旅游景区。所属地：重庆·重庆市·奉节县。地址：重庆奉节县重庆奉节夔州博物馆。,31.0439485,109.5443452,wgs84
重庆巫山博物馆,4A,重庆,重庆市,巫山县,重庆巫山县重庆巫山博物馆,景点景区,国家4A旅游景区。所属地：重庆·重庆市·巫山县。地址：重庆巫山县重庆巫山博物馆。,31.0754247,109.8781536,wgs84
重庆黔江水车坪景区,4A,重庆,重庆市,黔江区,重庆黔江区重庆黔江水车坪景区,景点景区,国家4A旅游景区。所属地：重庆·重庆市·黔江区。地址：重庆黔江区重庆黔江水车坪景区。,29.2937870,108.7673618,wgs84
重庆武隆白马山天尺情缘景区,4A,重庆,重庆市,武隆区,重庆武隆区重庆武隆白马山天尺情缘景区,景点景区,国家4A旅游景区。所属地：重庆·重庆市·武隆区。地址：重庆武隆区重庆武隆白马山天尺情缘景区。,29.1874236,107.8254629,wgs84
重庆巴南羊鹿山景区,4A,重庆,重庆市,巴南区,重庆巴南区重庆巴南羊鹿山景区,景点景区,国家4A旅游景区。所属地：重庆·重庆市·巴南区。地址：重庆巴南区重庆巴南羊鹿山景区。,29.3784123,106.5300865,wgs84
重庆欢乐谷景区,4A,重庆,重庆市,渝北区,重庆两江新区重庆欢乐谷景区,景点景区,国家4A旅游景区。所属地：重庆·重庆市·渝北区。地址：重庆两江新区重庆欢乐谷景区。,29.6697566,106.5095113,wgs84
重庆石柱万寿山景区,4A,重庆,重庆市,石柱土家族自治县,重庆石柱县重庆石柱万寿山景区,景点景区,国家4A旅游景区。所属地：重庆·重庆市·石柱土家族自治县。地址：重庆石柱县重庆石柱万寿山景区。,30.0059191,108.2298637,wgs84
重庆武隆龙水峡地缝,4A,重庆,重庆市,武隆区,重庆武隆区重庆武隆龙水峡地缝,景点景区,国家4A旅游景区。所属地：重庆·重庆市·武隆区。地址：重庆武隆区重庆武隆龙水峡地缝。,29.4011791,107.7886077,wgs84
重庆垫江恺之峰旅游区,4A,重庆,重庆市,垫江县,重庆垫江县重庆垫江恺之峰旅游区,景点景区,国家4A旅游景区。所属地：重庆·重庆市·垫江县。地址：重庆垫江县重庆垫江恺之峰旅游区。,30.2657465,107.2814287,wgs84
重庆铜梁玄天湖景区,4A,重庆,重庆市,铜梁区,重庆铜梁区重庆铜梁玄天湖景区,景点景区,国家4A旅游景区。所属地：重庆·重庆市·铜梁区。地址：重庆铜梁区重庆铜梁玄天湖景区。,29.7985374,106.0525747,wgs84
重庆汉海海洋公园,4A,重庆,重庆市,巴南区,重庆巴南区重庆汉海海洋公园,景点景区,国家4A旅游景区。所属地：重庆·重庆市·巴南区。地址：重庆巴南区重庆汉海海洋公园。,29.3963518,106.5403127,wgs84
重庆石笋山景区,4A,重庆,重庆市,江津区,重庆永川区、江津区重庆石笋山景区,景点景区,国家4A旅游景区。所属地：重庆·重庆市·江津区。地址：重庆永川区、江津区重庆石笋山景区。,29.1554663,105.9550910,wgs84
重庆江津会龙庄景区,4A,重庆,重庆市,江津区,重庆江津区重庆江津会龙庄景区,景点景区,国家4A旅游景区。所属地：重庆·重庆市·江津区。地址：重庆江津区重庆江津会龙庄景区。,28.7393087,106.3952975,wgs84
重庆三峡移民纪念馆,4A,重庆,重庆市,万州区,重庆万州区重庆三峡移民纪念馆,景点景区,国家4A旅游景区。所属地：重庆·重庆市·万州区。地址：重庆万州区重庆三峡移民纪念馆。,30.8111040,108.3967673,wgs84
重庆忠县白公祠文博景区,4A,重庆,重庆市,忠县,重庆忠县重庆忠县白公祠文博景区,景点景区,国家4A旅游景区。所属地：重庆·重庆市·忠县。地址：重庆忠县重庆忠县白公祠文博景区。,30.2868768,108.0175989,wgs84
重庆奉节三峡之巅景区,4A,重庆,重庆市,奉节县,重庆奉节县重庆奉节三峡之巅景区,景点景区,国家4A旅游景区。所属地：重庆·重庆市·奉节县。地址：重庆奉节县重庆奉节三峡之巅景区。,31.0206921,109.4589787,wgs84
重庆黔江官村景区,4A,重庆,重庆市,黔江区,重庆黔江区重庆黔江官村景区,景点景区,国家4A旅游景区。所属地：重庆·重庆市·黔江区。地址：重庆黔江区重庆黔江官村景区。,29.3432876,108.7677305,wgs84
重庆江津中山古镇,4A,重庆,重庆市,江津区,重庆江津区重庆江津中山古镇,景点景区,国家4A旅游景区。所属地：重庆·重庆市·江津区。地址：重庆江津区重庆江津中山古镇。,28.8420749,106.3239341,wgs84
重庆开州龙头嘴森林公园,4A,重庆,重庆市,开州区,重庆开州区重庆开州龙头嘴森林公园,景点景区,国家4A旅游景区。所属地：重庆·重庆市·开州区。地址：重庆开州区重庆开州龙头嘴森林公园。,31.4615005,108.3674681,wgs84
重庆万州三峡平湖旅游区,4A,重庆,重庆市,万州区,重庆万州区重庆万州三峡平湖旅游区,景点景区,国家4A旅游景区。所属地：重庆·重庆市·万州区。地址：重庆万州区重庆万州三峡平湖旅游区。,30.7800582,108.3901132,wgs84
重庆市潼南区陈抟故里景区,4A,重庆,重庆市,潼南区,重庆潼南区重庆市潼南区陈抟故里景区,景点景区,国家4A旅游景区。所属地：重庆·重庆市·潼南区。地址：重庆潼南区重庆市潼南区陈抟故里景区。,30.1530909,105.6102595,wgs84
重庆武隆芙蓉江,4A,重庆,重庆市,武隆区,重庆武隆区重庆武隆芙蓉江,景点景区,国家4A旅游景区。所属地：重庆·重庆市·武隆区。地址：重庆武隆区重庆武隆芙蓉江。,29.2063724,107.8648875,wgs84
重庆石柱西沱古镇 景区,4A,重庆,重庆市,石柱土家族自治县,重庆石柱县重庆石柱西沱古镇 景区,景点景区,国家4A旅游景区。所属地：重庆·重庆市·石柱土家族自治县。地址：重庆石柱县重庆石柱西沱古镇 景区。,30.4099135,108.2136777,wgs84
System.Xml.XmlElement,4A,重庆,重庆市,奉节县,System.Xml.XmlElement,景点景区,国家4A旅游景区。所属地：重庆·重庆市·奉节县。地址：System.Xml.XmlElement。,30.7785136,109.3278565,wgs84
重庆江津区聂荣臻故里景区,4A,重庆,重庆市,江津区,重庆江津区重庆江津区聂荣臻故里景区,景点景区,国家4A旅游景区。所属地：重庆·重庆市·江津区。地址：重庆江津区重庆江津区聂荣臻故里景区。,29.2929222,106.2555331,wgs84
重庆璧山秀湖景区,4A,重庆,重庆市,璧山区,重庆璧山区重庆璧山秀湖景区,景点景区,国家4A旅游景区。所属地：重庆·重庆市·璧山区。地址：重庆璧山区重庆璧山秀湖景区。,29.5852716,106.2051385,wgs84
重庆云阳岐山草原景区,4A,重庆,重庆市,云阳县,重庆云阳县重庆云阳岐山草原景区,景点景区,国家4A旅游景区。所属地：重庆·重庆市·云阳县。地址：重庆云阳县重庆云阳岐山草原景区。,30.6428148,108.9726358,wgs84
重庆奉节县三峡原乡景区,4A,重庆,重庆市,奉节县,重庆奉节县重庆奉节县三峡原乡景区,景点景区,国家4A旅游景区。所属地：重庆·重庆市·奉节县。地址：重庆奉节县重庆奉节县三峡原乡景区。,30.7809487,109.5134688,wgs84
重庆仙女山归原小镇,4A,重庆,重庆市,武隆区,重庆武隆区重庆仙女山归原小镇,景点景区,国家4A旅游景区。所属地：重庆·重庆市·武隆区。地址：重庆武隆区重庆仙女山归原小镇。,29.3772347,107.7302198,wgs84
重庆石柱七曜山广寒宫景区,4A,重庆,重庆市,石柱土家族自治县,重庆石柱县重庆石柱七曜山广寒宫景区,景点景区,国家4A旅游景区。所属地：重庆·重庆市·石柱土家族自治县。地址：重庆石柱县重庆石柱七曜山广寒宫景区。,30.0017330,108.1094875,wgs84
重庆城口土城红军老街景区,4A,重庆,重庆市,城口县,重庆城口县重庆城口土城红军老街景区,景点景区,国家4A旅游景区。所属地：重庆·重庆市·城口县。地址：重庆城口县重庆城口土城红军老街景区。,31.9666107,108.5613926,wgs84
重庆巴南南温泉旅游风景区,4A,重庆,重庆市,巴南区,重庆巴南区重庆巴南南温泉旅游风景区,景点景区,国家4A旅游景区。所属地：重庆·重庆市·巴南区。地址：重庆巴南区重庆巴南南温泉旅游风景区。,29.4251889,106.5767067,wgs84
重庆巴南融汇西流沱滨江旅游区,4A,重庆,重庆市,巴南区,重庆巴南区重庆巴南融汇西流沱滨江旅游区,景点景区,国家4A旅游景区。所属地：重庆·重庆市·巴南区。地址：重庆巴南区重庆巴南融汇西流沱滨江旅游区。,29.4795571,106.5085980,wgs84
重庆开州博物馆,4A,重庆,重庆市,开州区,重庆开州区重庆开州博物馆,景点景区,国家4A旅游景区。所属地：重庆·重庆市·开州区。地址：重庆开州区重庆开州博物馆。,31.1688290,108.3852883,wgs84
重庆秀山洪安边城旅游区,4A,重庆,重庆市,秀山土家族苗族自治县,重庆秀山县重庆秀山洪安边城旅游区,景点景区,国家4A旅游景区。所属地：重庆·重庆市·秀山土家族苗族自治县。地址：重庆秀山县重庆秀山洪安边城旅游区。,28.5020846,109.2664982,wgs84
万州三峡古枫香园景区,4A,重庆,重庆市,万州区,重庆万州区万州三峡古枫香园景区,景点景区,国家4A旅游景区。所属地：重庆·重庆市·万州区。地址：重庆万州区万州三峡古枫香园景区。,30.8092016,108.3761621,wgs84
重庆大鹅岭旅游景区,4A,重庆,重庆市,渝中区,重庆渝中区重庆大鹅岭旅游景区,景点景区,国家4A旅游景区。所属地：重庆·重庆市·渝中区。地址：重庆渝中区重庆大鹅岭旅游景区。,29.5602803,106.5773421,wgs84
重庆市江北区鸿恩寺公园,4A,重庆,重庆市,江北区,重庆江北区重庆市江北区鸿恩寺公园,景点景区,国家4A旅游景区。所属地：重庆·重庆市·江北区。地址：重庆江北区重庆市江北区鸿恩寺公园。,29.5704033,106.5043540,wgs84
重庆巴南天坪山云林天乡景区,4A,重庆,重庆市,巴南区,重庆巴南区重庆巴南天坪山云林天乡景区,景点景区,国家4A旅游景区。所属地：重庆·重庆市·巴南区。地址：重庆巴南区重庆巴南天坪山云林天乡景区。,29.4801440,106.8086217,wgs84
大足香国公园,4A,重庆,重庆市,大足区,重庆大足区大足香国公园,景点景区,国家4A旅游景区。所属地：重庆·重庆市·大足区。地址：重庆大足区大足香国公园。,29.6976048,105.7403235,wgs84
南川神龙峡景区,4A,重庆,重庆市,南川区,重庆南川区南川神龙峡景区,景点景区,国家4A旅游景区。所属地：重庆·重庆市·南川区。地址：重庆南川区南川神龙峡景区。,28.9981908,107.0500303,wgs84
云阳环湖绿道旅游景区,4A,重庆,重庆市,云阳县,重庆云阳县云阳环湖绿道旅游景区,景点景区,国家4A旅游景区。所属地：重庆·重庆市·云阳县。地址：重庆云阳县云阳环湖绿道旅游景区。,30.9430382,108.6990865,wgs84
重庆巫溪灵巫洞景区,4A,重庆,重庆市,巫溪县,重庆巫溪县重庆巫溪灵巫洞景区,景点景区,国家4A旅游景区。所属地：重庆·重庆市·巫溪县。地址：重庆巫溪县重庆巫溪灵巫洞景区。,31.4852471,109.5920656,wgs84
重庆酉阳叠石花谷景区,4A,重庆,重庆市,酉阳土家族苗族自治县,重庆酉阳县重庆酉阳叠石花谷景区,景点景区,国家4A旅游景区。所属地：重庆·重庆市·酉阳土家族苗族自治县。地址：重庆酉阳县重庆酉阳叠石花谷景区。,28.7180545,108.7950767,wgs84
重庆酉阳松鼠丛林乐园,4A,重庆,重庆市,酉阳土家族苗族自治县,重庆酉阳县重庆酉阳松鼠丛林乐园,景点景区,国家4A旅游景区。所属地：重庆·重庆市·酉阳土家族苗族自治县。地址：重庆酉阳县重庆酉阳松鼠丛林乐园。,28.8573043,108.7486531,wgs84
青城山--都江堰旅游景区,5A,四川,成都市,都江堰市,四川成都市都江堰市青城镇\成都都江堰市城西青城山--都江堰旅游景区,景点景区,国家5A旅游景区。所属地：四川·成都市·都江堰市。地址：四川成都市都江堰市青城镇\成都都江堰市城西青城山--都江堰旅游景区。,31.0019559,103.5968901,wgs84
峨眉山风景名胜区,5A,四川,乐山市,峨眉山市,四川乐山市峨眉山市黄湾乡峨眉山风景名胜区,景点景区,国家5A旅游景区。所属地：四川·乐山市·峨眉山市。地址：四川乐山市峨眉山市黄湾乡峨眉山风景名胜区。,29.5186741,103.3325882,wgs84
九寨沟风景名胜区,5A,四川,阿坝藏族羌族自治州,九寨沟县,四川阿坝州九寨沟县漳扎镇九寨沟风景名胜区,景点景区,国家5A旅游景区。所属地：四川·阿坝藏族羌族自治州·九寨沟县。地址：四川阿坝州九寨沟县漳扎镇九寨沟风景名胜区。,33.1445127,103.9106893,wgs84
乐山大佛景区,5A,四川,乐山市,市中区,四川乐山市市中区篦子街乐山大佛景区,景点景区,国家5A旅游景区。所属地：四川·乐山市·市中区。地址：四川乐山市市中区篦子街乐山大佛景区。,29.5414798,103.7722074,wgs84
黄龙国家级风景名胜区,5A,四川,阿坝藏族羌族自治州,松潘县,四川阿坝州松潘县瑟尔磋寨黄龙国家级风景名胜区,景点景区,国家5A旅游景区。所属地：四川·阿坝藏族羌族自治州·松潘县。地址：四川阿坝州松潘县瑟尔磋寨黄龙国家级风景名胜区。,32.7301639,103.8339866,wgs84
汶川特别旅游区,5A,四川,阿坝藏族羌族自治州,汶川县,四川阿坝州汶川县国家级风景区管理局汶川特别旅游区,景点景区,国家5A旅游景区。所属地：四川·阿坝藏族羌族自治州·汶川县。地址：四川阿坝州汶川县国家级风景区管理局汶川特别旅游区。,30.9337625,103.4171518,wgs84
北川羌城旅游区,5A,四川,绵阳市,北川羌族自治县,四川绵阳市北川县永昌镇青片路北川羌城旅游区,景点景区,国家5A旅游景区。所属地：四川·绵阳市·北川羌族自治县。地址：四川绵阳市北川县永昌镇青片路北川羌城旅游区。,31.8109620,104.4498188,wgs84
邓小平故里旅游区,5A,四川,广安市,广安区,四川广安市广安区协兴镇牌坊社区420号邓小平故里旅游区,景点景区,国家5A旅游景区。所属地：四川·广安市·广安区。地址：四川广安市广安区协兴镇牌坊社区420号邓小平故里旅游区。,30.5263446,106.6354432,wgs84
阆中古城,5A,四川,南充市,阆中市,四川南充市阆中市阆水中路33号阆中古城,景点景区,国家5A旅游景区。所属地：四川·南充市·阆中市。地址：四川南充市阆中市阆水中路33号阆中古城。,31.5764989,105.9656166,wgs84
剑门蜀道剑门关旅游景区,5A,四川,广元市,剑阁县,四川广元市剑阁县下寺镇剑门蜀道剑门关旅游景区,景点景区,国家5A旅游景区。所属地：四川·广元市·剑阁县。地址：四川广元市剑阁县下寺镇剑门蜀道剑门关旅游景区。,32.1881456,105.5586766,wgs84
朱德故里景区,5A,四川,南充市,仪陇县,四川南充市仪陇县马鞍镇朱德故里景区管理局朱德故里景区,景点景区,国家5A旅游景区。所属地：四川·南充市·仪陇县。地址：四川南充市仪陇县马鞍镇朱德故里景区管理局朱德故里景区。,31.4647595,106.5980375,wgs84
泸定海螺沟冰川森林公园,5A,四川,甘孜藏族自治州,泸定县,四川甘孜州泸定县磨西镇泸定海螺沟冰川森林公园,景点景区,国家5A旅游景区。所属地：四川·甘孜藏族自治州·泸定县。地址：四川甘孜州泸定县磨西镇泸定海螺沟冰川森林公园。,29.5816980,102.0038283,wgs84
碧峰峡旅游景区,5A,四川,雅安市,雨城区,四川雅安市雨城区碧峰峡镇碧峰峡旅游景区,景点景区,国家5A旅游景区。所属地：四川·雅安市·雨城区。地址：四川雅安市雨城区碧峰峡镇碧峰峡旅游景区。,30.0657964,102.9887962,wgs84
巴中市光雾山景区,5A,四川,巴中市,南江县,四川巴中市南江县光雾山镇巴中市光雾山景区,景点景区,国家5A旅游景区。所属地：四川·巴中市·南江县。地址：四川巴中市南江县光雾山镇巴中市光雾山景区。,32.5801636,106.7663836,wgs84
甘孜州稻城亚丁景区,5A,四川,甘孜藏族自治州,稻城县,四川甘孜州稻城县香格里拉镇甘孜州稻城亚丁景区,景点景区,国家5A旅游景区。所属地：四川·甘孜藏族自治州·稻城县。地址：四川甘孜州稻城县香格里拉镇甘孜州稻城亚丁景区。,28.4623485,100.2856014,wgs84
安仁古镇景区,5A,四川,成都市,大邑县,四川成都市大邑县安仁镇金桂街15号安仁古镇景区,景点景区,国家5A旅游景区。所属地：四川·成都市·大邑县。地址：四川成都市大邑县安仁镇金桂街15号安仁古镇景区。,30.5079515,103.6220120,wgs84
四姑娘山风景名胜区,4A,四川,阿坝藏族羌族自治州,小金县,四川阿坝州小金县四姑娘山镇四姑娘山风景名胜区,景点景区,国家4A旅游景区。所属地：四川·阿坝藏族羌族自治州·小金县。地址：四川阿坝州小金县四姑娘山镇四姑娘山风景名胜区。,30.9988603,102.8360232,wgs84
四川广汉三星堆博物馆,4A,四川,德阳市,广汉市,四川四川省德阳市广汉市西安路133号四川广汉三星堆博物馆,景点景区,国家4A旅游景区。所属地：四川·德阳市·广汉市。地址：四川四川省德阳市广汉市西安路133号四川广汉三星堆博物馆。,31.0038544,104.2161926,wgs84
自贡恐龙博物馆,4A,四川,自贡市,大安区,四川自贡市大安区燊海井路四段268号自贡恐龙博物馆,景点景区,国家4A旅游景区。所属地：四川·自贡市·大安区。地址：四川自贡市大安区燊海井路四段268号自贡恐龙博物馆。,29.3984704,104.8269547,wgs84
宜宾市蜀南竹海风景名胜区,4A,四川,宜宾市,长宁县,四川宜宾市江安县万里镇/长宁县万岭镇宜宾市蜀南竹海风景名胜区,景点景区,国家4A旅游景区。所属地：四川·宜宾市·长宁县。地址：四川宜宾市江安县万里镇/长宁县万岭镇宜宾市蜀南竹海风景名胜区。,28.4949539,105.0416174,wgs84
遂宁市中国死海旅游度假区,4A,四川,遂宁市,大英县,四川遂宁市大英县中海大道888号遂宁市中国死海旅游度假区,景点景区,国家4A旅游景区。所属地：四川·遂宁市·大英县。地址：四川遂宁市大英县中海大道888号遂宁市中国死海旅游度假区。,30.6006578,105.2448205,wgs84
兴文石海洞乡旅游区,4A,四川,宜宾市,兴文县,四川宜宾市兴文县石海镇石海景区大门内贵宾楼兴文石海洞乡旅游区,景点景区,国家4A旅游景区。所属地：四川·宜宾市·兴文县。地址：四川宜宾市兴文县石海镇石海景区大门内贵宾楼兴文石海洞乡旅游区。,28.1796628,105.1412661,wgs84
雅安蒙顶山旅游景区,4A,四川,雅安市,名山区,四川雅安市名山区蒙顶山镇雅安蒙顶山旅游景区,景点景区,国家4A旅游景区。所属地：四川·雅安市·名山区。地址：四川雅安市名山区蒙顶山镇雅安蒙顶山旅游景区。,30.0716312,103.0915928,wgs84
绵阳市江油窦圌山风景区,4A,四川,绵阳市,江油市,四川绵阳市江油市武都镇绵阳市江油窦圌山风景区,景点景区,国家4A旅游景区。所属地：四川·绵阳市·江油市。地址：四川绵阳市江油市武都镇绵阳市江油窦圌山风景区。,31.8780810,104.8261891,wgs84
广安华蓥山旅游区,4A,四川,广安市,华蓥市,四川四川省广安市华蓥市红岩乡高顶村广安华蓥山旅游区,景点景区,国家4A旅游景区。所属地：四川·广安市·华蓥市。地址：四川四川省广安市华蓥市红岩乡高顶村广安华蓥山旅游区。,30.3016573,106.8020243,wgs84
三圣花乡观光旅游区,4A,四川,成都市,锦江区,四川成都市锦江区三圣街道三圣花乡观光旅游区,景点景区,国家4A旅游景区。所属地：四川·成都市·锦江区。地址：四川成都市锦江区三圣街道三圣花乡观光旅游区。,30.5759466,104.1312736,wgs84
梓橦县七曲山风景区,4A,四川,绵阳市,梓潼县,四川绵阳市梓橦县文昌镇七曲村梓橦县七曲山风景区,景点景区,国家4A旅游景区。所属地：四川·绵阳市·梓潼县。地址：四川绵阳市梓橦县文昌镇七曲村梓橦县七曲山风景区。,31.6939454,105.2021514,wgs84
九皇山,4A,四川,绵阳市,北川羌族自治县,四川绵阳市北川羌族自治县桂溪镇宝城村九皇山,景点景区,国家4A旅游景区。所属地：四川·绵阳市·北川羌族自治县。地址：四川绵阳市北川羌族自治县桂溪镇宝城村九皇山。,31.9226034,104.6769082,wgs84
成都武侯祠博物馆,4A,四川,成都市,武侯区,四川成都市武侯祠大街231号成都武侯祠博物馆,景点景区,国家4A旅游景区。所属地：四川·成都市·武侯区。地址：四川成都市武侯祠大街231号成都武侯祠博物馆。,30.6485568,104.0455342,wgs84
成都杜甫草堂博物馆,4A,四川,成都市,青羊区,四川成都市青华路37号成都杜甫草堂博物馆,景点景区,国家4A旅游景区。所属地：四川·成都市·青羊区。地址：四川成都市青华路37号成都杜甫草堂博物馆。,30.6625814,104.0261525,wgs84
成都大熊猫繁育研究基地,4A,四川,成都市,成华区,四川成都市成华区熊猫大道1375号成都大熊猫繁育研究基地,景点景区,国家4A旅游景区。所属地：四川·成都市·成华区。地址：四川成都市成华区熊猫大道1375号成都大熊猫繁育研究基地。,30.7396938,104.1421771,wgs84
洛带古镇,4A,四川,成都市,龙泉驿区,四川成都市龙泉驿区洛镇府兴街132号洛带古镇,景点景区,国家4A旅游景区。所属地：四川·成都市·龙泉驿区。地址：四川成都市龙泉驿区洛镇府兴街132号洛带古镇。,30.6386893,104.3258657,wgs84
南充市西山风景区,4A,四川,南充市,顺庆区,四川南充市顺庆区玉屏路6号南充市西山风景区,景点景区,国家4A旅游景区。所属地：四川·南充市·顺庆区。地址：四川南充市顺庆区玉屏路6号南充市西山风景区。,30.7994962,106.0472017,wgs84
皇泽寺博物馆,4A,四川,广元市,利州区,四川广元市利州区皇泽路97号皇泽寺博物馆,景点景区,国家4A旅游景区。所属地：四川·广元市·利州区。地址：四川广元市利州区皇泽路97号皇泽寺博物馆。,32.4415359,105.8109109,wgs84
西昌市邛海泸山风景名胜区,4A,四川,凉山彝族自治州,西昌市,四川凉山州西昌市海滨中路28号西昌市邛海泸山风景名胜区,景点景区,国家4A旅游景区。所属地：四川·凉山彝族自治州·西昌市。地址：四川凉山州西昌市海滨中路28号西昌市邛海泸山风景名胜区。,27.8470635,102.2664030,wgs84
冕宁县灵山旅游景区,4A,四川,凉山彝族自治州,冕宁县,四川凉山州冕宁县城厢镇冕宁县灵山旅游景区,景点景区,国家4A旅游景区。所属地：四川·凉山彝族自治州·冕宁县。地址：四川凉山州冕宁县城厢镇冕宁县灵山旅游景区。,28.5581061,102.1687797,wgs84
凉山州普格县螺髻山旅游景区,4A,四川,凉山彝族自治州,普格县,四川凉山州普格县螺髻山镇凉山州普格县螺髻山旅游景区,景点景区,国家4A旅游景区。所属地：四川·凉山彝族自治州·普格县。地址：四川凉山州普格县螺髻山镇凉山州普格县螺髻山旅游景区。,27.5773360,102.4170820,wgs84
夕佳山民居,4A,四川,宜宾市,江安县,四川宜宾市江安县夕佳山镇坝上村民俗路2号夕佳山民居,景点景区,国家4A旅游景区。所属地：四川·宜宾市·江安县。地址：四川宜宾市江安县夕佳山镇坝上村民俗路2号夕佳山民居。,28.5965287,105.1108129,wgs84
成都市宝光桂湖文化旅游区,4A,四川,成都市,新都区,四川成都市新都区桂湖街道成都市宝光桂湖文化旅游区,景点景区,国家4A旅游景区。所属地：四川·成都市·新都区。地址：四川成都市新都区桂湖街道成都市宝光桂湖文化旅游区。,30.8240569,104.1555265,wgs84
成都市双流区黄龙溪旅游区,4A,四川,成都市,双流区,四川成都市双流区黄龙溪镇成都市双流区黄龙溪旅游区,景点景区,国家4A旅游景区。所属地：四川·成都市·双流区。地址：四川成都市双流区黄龙溪镇成都市双流区黄龙溪旅游区。,30.3205622,103.9683473,wgs84
成都国色天乡乐园,4A,四川,成都市,温江区,四川成都市温江区万春镇幸福村成都国色天乡乐园,景点景区,国家4A旅游景区。所属地：四川·成都市·温江区。地址：四川成都市温江区万春镇幸福村成都国色天乡乐园。,30.7251618,103.8233947,wgs84
邛崃市平乐古镇,4A,四川,成都市,邛崃市,四川成都市邛崃市平乐镇邛崃市平乐古镇,景点景区,国家4A旅游景区。所属地：四川·成都市·邛崃市。地址：四川成都市邛崃市平乐镇邛崃市平乐古镇。,30.3459621,103.3305164,wgs84
天台山风景名胜区,4A,四川,成都市,邛崃市,四川成都市邛崃市天台山镇三角社区马坪村天台山风景名胜区,景点景区,国家4A旅游景区。所属地：四川·成都市·邛崃市。地址：四川成都市邛崃市天台山镇三角社区马坪村天台山风景名胜区。,30.2866758,103.1414573,wgs84
遂宁市中国观音故里旅游区,4A,四川,遂宁市,船山区,四川遂宁市河东新区仁里镇灵泉景区遂宁市中国观音故里旅游区,景点景区,国家4A旅游景区。所属地：四川·遂宁市·船山区。地址：四川遂宁市河东新区仁里镇灵泉景区遂宁市中国观音故里旅游区。,30.5219009,105.6150706,wgs84
夹江天福观光茶园,4A,四川,乐山市,夹江县,四川乐山市夹江县新场镇团结村一组夹江天福观光茶园,景点景区,国家4A旅游景区。所属地：四川·乐山市·夹江县。地址：四川乐山市夹江县新场镇团结村一组夹江天福观光茶园。,29.7952959,103.6891089,wgs84
攀枝花市二滩国家森林公园,4A,四川,攀枝花市,盐边县,四川攀枝花市盐边县中环南路11号攀枝花市二滩国家森林公园,景点景区,国家4A旅游景区。所属地：四川·攀枝花市·盐边县。地址：四川攀枝花市盐边县中环南路11号攀枝花市二滩国家森林公园。,26.6793701,101.8506719,wgs84
凉山州泸沽湖旅游景区,4A,四川,凉山彝族自治州,盐源县,四川凉山州盐源县泸沽湖镇凉山州泸沽湖旅游景区,景点景区,国家4A旅游景区。所属地：四川·凉山彝族自治州·盐源县。地址：四川凉山州盐源县泸沽湖镇凉山州泸沽湖旅游景区。,27.7171247,100.7911907,wgs84
绵阳市平武报恩寺,4A,四川,绵阳市,平武县,四川绵阳市平武县龙安镇报恩寺街绵阳市平武报恩寺,景点景区,国家4A旅游景区。所属地：四川·绵阳市·平武县。地址：四川绵阳市平武县龙安镇报恩寺街绵阳市平武报恩寺。,32.4110054,104.5297397,wgs84
广元市曾家山景区,4A,四川,广元市,朝天区,四川广元市朝天区曾家镇广元市曾家山景区,景点景区,国家4A旅游景区。所属地：四川·广元市·朝天区。地址：四川广元市朝天区曾家镇广元市曾家山景区。,32.6302902,106.1035044,wgs84
成都金沙遗址博物馆,4A,四川,成都市,青羊区,四川成都市金沙遗址路2号成都金沙遗址博物馆,景点景区,国家4A旅游景区。所属地：四川·成都市·青羊区。地址：四川成都市金沙遗址路2号成都金沙遗址博物馆。,30.6842674,104.0103134,wgs84
攀枝花市格萨拉生态旅游景区,4A,四川,攀枝花市,盐边县,四川攀枝花市盐边县格萨拉彝族乡大湾村攀枝花市格萨拉生态旅游景区,景点景区,国家4A旅游景区。所属地：四川·攀枝花市·盐边县。地址：四川攀枝花市盐边县格萨拉彝族乡大湾村攀枝花市格萨拉生态旅游景区。,27.1413281,101.2674589,wgs84
南充市凌云山景区,4A,四川,南充市,高坪区,四川南充市高坪区青莲街道办凌云山景区游客中心南充市凌云山景区,景点景区,国家4A旅游景区。所属地：四川·南充市·高坪区。地址：四川南充市高坪区青莲街道办凌云山景区游客中心南充市凌云山景区。,30.7629417,106.2023147,wgs84
宜宾市李庄古镇,4A,四川,宜宾市,翠屏区,四川宜宾市翠屏区李庄镇宜宾市李庄古镇,景点景区,国家4A旅游景区。所属地：四川·宜宾市·翠屏区。地址：四川宜宾市翠屏区李庄镇宜宾市李庄古镇。,28.8032194,104.7980881,wgs84
广元市昭化古城,4A,四川,广元市,昭化区,四川广元市元坝区昭化镇广元市昭化古城,景点景区,国家4A旅游景区。所属地：四川·广元市·昭化区。地址：四川广元市元坝区昭化镇广元市昭化古城。,32.3352657,105.7126202,wgs84
苍溪红军渡·西武当山景区,4A,四川,广元市,苍溪县,四川广元市苍溪县陵江镇苍溪红军渡·西武当山景区,景点景区,国家4A旅游景区。所属地：四川·广元市·苍溪县。地址：四川广元市苍溪县陵江镇苍溪红军渡·西武当山景区。,31.7292867,105.9606197,wgs84
泸州老窖旅游区,4A,四川,泸州市,江阳区,四川泸州市江阳区三星街国窖广场1号楼泸州老窖旅游区,景点景区,国家4A旅游景区。所属地：四川·泸州市·江阳区。地址：四川泸州市江阳区三星街国窖广场1号楼泸州老窖旅游区。,28.8874161,105.4498339,wgs84
成都欢乐谷,4A,四川,成都市,金牛区,四川成都市金牛区西华大道16号成都欢乐谷,景点景区,国家4A旅游景区。所属地：四川·成都市·金牛区。地址：四川成都市金牛区西华大道16号成都欢乐谷。,30.7227825,104.0324521,wgs84
嘉陵第一桑梓风景区,4A,四川,南充市,蓬安县,四川南充市蓬安县嘉陵第一桑梓风景区,景点景区,国家4A旅游景区。所属地：四川·南充市·蓬安县。地址：四川南充市蓬安县嘉陵第一桑梓风景区。,31.0354347,106.3967631,wgs84
三苏祠景区,4A,四川,眉山市,东坡区,四川眉山市东坡区纱縠行南段72号三苏祠景区,景点景区,国家4A旅游景区。所属地：四川·眉山市·东坡区。地址：四川眉山市东坡区纱縠行南段72号三苏祠景区。,30.0721364,103.8562628,wgs84
资阳市陈毅故里景区,4A,四川,资阳市,乐至县,四川资阳市乐至县劳动镇资阳市陈毅故里景区,景点景区,国家4A旅游景区。所属地：四川·资阳市·乐至县。地址：四川资阳市乐至县劳动镇资阳市陈毅故里景区。,30.3837802,104.9518320,wgs84
达州市真佛山景区,4A,四川,达州市,达川区,四川达州市达川区福善镇达州市真佛山景区,景点景区,国家4A旅游景区。所属地：四川·达州市·达川区。地址：四川达州市达川区福善镇达州市真佛山景区。,31.0470578,107.5885340,wgs84
康定情歌(木格措)风景区,4A,四川,甘孜藏族自治州,康定市,四川甘孜州康定县雅拉乡木格措康定情歌(木格措)风景区,景点景区,国家4A旅游景区。所属地：四川·甘孜藏族自治州·康定市。地址：四川甘孜州康定县雅拉乡木格措康定情歌(木格措)风景区。,30.1904002,101.9032957,wgs84
成都崇州街子古镇,4A,四川,成都市,崇州市,四川成都市崇州街子镇成都崇州街子古镇,景点景区,国家4A旅游景区。所属地：四川·成都市·崇州市。地址：四川成都市崇州街子镇成都崇州街子古镇。,30.8166167,103.5587951,wgs84
阆中天宫院风水文化景区,4A,四川,南充市,阆中市,四川南充市阆中市天宫镇天宫院街1号阆中天宫院风水文化景区,景点景区,国家4A旅游景区。所属地：四川·南充市·阆中市。地址：四川南充市阆中市天宫镇天宫院街1号阆中天宫院风水文化景区。,31.4630547,105.8599131,wgs84
青川东河口地震遗址公园,4A,四川,广元市,青川县,四川广元市青川县红光乡青川东河口地震遗址公园,景点景区,国家4A旅游景区。所属地：四川·广元市·青川县。地址：四川广元市青川县红光乡青川东河口地震遗址公园。,32.4137600,105.1239701,wgs84
成都市西岭雪山景区,4A,四川,成都市,大邑县,四川成都市大邑县西岭镇西岭雪山滑雪场成都市西岭雪山景区,景点景区,国家4A旅游景区。所属地：四川·成都市·大邑县。地址：四川成都市大邑县西岭镇西岭雪山滑雪场成都市西岭雪山景区。,30.7048518,103.2314191,wgs84
成都市花水湾温泉度假旅游区,4A,四川,成都市,大邑县,四川成都市大邑县花水湾镇成都市花水湾温泉度假旅游区,景点景区,国家4A旅游景区。所属地：四川·成都市·大邑县。地址：四川成都市大邑县花水湾镇成都市花水湾温泉度假旅游区。,30.5613286,103.2552880,wgs84
自贡市荣县大佛文化旅游区,4A,四川,自贡市,荣县,四川自贡市荣县旭阳镇大佛街大佛寺1号自贡市荣县大佛文化旅游区,景点景区,国家4A旅游景区。所属地：四川·自贡市·荣县。地址：四川自贡市荣县旭阳镇大佛街大佛寺1号自贡市荣县大佛文化旅游区。,29.4561028,104.4286025,wgs84
广元市明月峡景区,4A,四川,广元市,朝天区,四川广元市朝天区朝天镇广元市明月峡景区,景点景区,国家4A旅游景区。所属地：四川·广元市·朝天区。地址：四川广元市朝天区朝天镇广元市明月峡景区。,32.6246745,105.8614936,wgs84
广元市鼓城山—七里峡景区,4A,四川,广元市,旺苍县,四川广元市旺苍县米仓山镇广元市鼓城山—七里峡景区,景点景区,国家4A旅游景区。所属地：四川·广元市·旺苍县。地址：四川广元市旺苍县米仓山镇广元市鼓城山—七里峡景区。,32.2304253,106.2819797,wgs84
遂宁市中华侏罗纪探秘旅游区,4A,四川,遂宁市,射洪市,四川遂宁市射洪市明星镇龙凤社区遂宁市中华侏罗纪探秘旅游区,景点景区,国家4A旅游景区。所属地：四川·遂宁市·射洪市。地址：四川遂宁市射洪市明星镇龙凤社区遂宁市中华侏罗纪探秘旅游区。,30.6650126,105.3659005,wgs84
乐山市乌木文化博览苑,4A,四川,乐山市,市中区,四川乐山市市中区苏稽镇乐峨路西段768号乐山市乌木文化博览苑,景点景区,国家4A旅游景区。所属地：四川·乐山市·市中区。地址：四川乐山市市中区苏稽镇乐峨路西段768号乐山市乌木文化博览苑。,29.5887780,103.6541162,wgs84
乐山市峨眉山大佛禅院佛教文化旅游区,4A,四川,乐山市,峨眉山市,四川乐山市峨眉山市佛光南路274号乐山市峨眉山大佛禅院佛教文化旅游区,景点景区,国家4A旅游景区。所属地：四川·乐山市·峨眉山市。地址：四川乐山市峨眉山市佛光南路274号乐山市峨眉山大佛禅院佛教文化旅游区。,29.5925820,103.4965588,wgs84
南部县升钟湖旅游景区,4A,四川,南充市,南部县,四川南充市南部县升水镇南部县升钟湖旅游景区,景点景区,国家4A旅游景区。所属地：四川·南充市·南部县。地址：四川南充市南部县升水镇南部县升钟湖旅游景区。,31.5246762,105.7336520,wgs84
达古冰川风景名胜区,4A,四川,阿坝藏族羌族自治州,黑水县,四川阿坝州黑水县芦花镇马桥达古冰川风景名胜区,景点景区,国家4A旅游景区。所属地：四川·阿坝藏族羌族自治州·黑水县。地址：四川阿坝州黑水县芦花镇马桥达古冰川风景名胜区。,32.1335054,102.9093980,wgs84
成都市虹口旅游景区,4A,四川,成都市,都江堰市,四川成都市都江堰市龙池镇成都市虹口旅游景区,景点景区,国家4A旅游景区。所属地：四川·成都市·都江堰市。地址：四川成都市都江堰市龙池镇成都市虹口旅游景区。,31.0723354,103.6271162,wgs84
汶川大禹文化旅游区,4A,四川,阿坝藏族羌族自治州,汶川县,四川阿坝州汶川县威州镇科艺楼309室汶川大禹文化旅游区,景点景区,国家4A旅游景区。所属地：四川·阿坝藏族羌族自治州·汶川县。地址：四川阿坝州汶川县威州镇科艺楼309室汶川大禹文化旅游区。,31.4784797,103.5798167,wgs84
绵竹市九龙山—麓棠山旅游区,4A,四川,德阳市,绵竹市,四川德阳市绵竹市九龙镇绵竹市九龙山—麓棠山旅游区,景点景区,国家4A旅游景区。所属地：四川·德阳市·绵竹市。地址：四川德阳市绵竹市九龙镇绵竹市九龙山—麓棠山旅游区。,31.3953974,104.1425802,wgs84
中国绵竹年画村景区,4A,四川,德阳市,绵竹市,四川德阳市绵竹市孝德镇年画村中国绵竹年画村景区,景点景区,国家4A旅游景区。所属地：四川·德阳市·绵竹市。地址：四川德阳市绵竹市孝德镇年画村中国绵竹年画村景区。,31.2806985,104.2207383,wgs84
成都市花舞人间旅游景区,4A,四川,成都市,新津区,四川成都市新津区永商镇梨花大道1段555号成都市花舞人间旅游景区,景点景区,国家4A旅游景区。所属地：四川·成都市·新津区。地址：四川成都市新津区永商镇梨花大道1段555号成都市花舞人间旅游景区。,30.4008568,103.7982514,wgs84
成都市海昌极地海洋世界景区,4A,四川,成都市,双流区,四川成都市天府新区华阳海洋路68号成都市海昌极地海洋世界景区,景点景区,国家4A旅游景区。所属地：四川·成都市·双流区。地址：四川成都市天府新区华阳海洋路68号成都市海昌极地海洋世界景区。,30.4966335,104.0712504,wgs84
乐山市黑竹沟风景区,4A,四川,乐山市,峨边彝族自治县,四川乐山市峨边县黑竹沟镇乐山市黑竹沟风景区,景点景区,国家4A旅游景区。所属地：四川·乐山市·峨边彝族自治县。地址：四川乐山市峨边县黑竹沟镇乐山市黑竹沟风景区。,29.0512831,103.1536090,wgs84
金川观音桥旅游景区,4A,四川,阿坝藏族羌族自治州,金川县,四川阿坝州金川县观音桥镇金川观音桥旅游景区,景点景区,国家4A旅游景区。所属地：四川·阿坝藏族羌族自治州·金川县。地址：四川阿坝州金川县观音桥镇金川观音桥旅游景区。,31.8000939,101.6533591,wgs84
成都市桃花故里旅游景区,4A,四川,成都市,龙泉驿区,四川成都市龙泉驿区山泉镇桃源村6组成都市桃花故里旅游景区,景点景区,国家4A旅游景区。所属地：四川·成都市·龙泉驿区。地址：四川成都市龙泉驿区山泉镇桃源村6组成都市桃花故里旅游景区。,30.5487116,104.3183637,wgs84
达州市渠县賨人谷旅游景区,4A,四川,达州市,渠县,四川达州市渠县临巴镇老龙村达州市渠县賨人谷旅游景区,景点景区,国家4A旅游景区。所属地：四川·达州市·渠县。地址：四川达州市渠县临巴镇老龙村达州市渠县賨人谷旅游景区。,30.8604181,107.0850611,wgs84
广元市唐家河景区,4A,四川,广元市,青川县,四川广元市青川县青溪镇广元市唐家河景区,景点景区,国家4A旅游景区。所属地：四川·广元市·青川县。地址：四川广元市青川县青溪镇广元市唐家河景区。,32.5461303,104.8315752,wgs84
广元天曌山景区,4A,四川,广元市,利州区,四川广元市利州区河西街道办事处天曌山广元天曌山景区,景点景区,国家4A旅游景区。所属地：四川·广元市·利州区。地址：四川广元市利州区河西街道办事处天曌山广元天曌山景区。,32.4738151,105.7142672,wgs84
资阳市安岳石刻·圆觉洞景区,4A,四川,资阳市,安岳县,四川资阳市安岳县岳城街道陈抟路西段圆觉洞景区资阳市安岳石刻·圆觉洞景区,景点景区,国家4A旅游景区。所属地：四川·资阳市·安岳县。地址：四川资阳市安岳县岳城街道陈抟路西段圆觉洞景区资阳市安岳石刻·圆觉洞景区。,30.0898112,105.3413743,wgs84
遂宁市龙凤古镇景区,4A,四川,遂宁市,船山区,四川遂宁市船山区龙凤镇遂宁市龙凤古镇景区,景点景区,国家4A旅游景区。所属地：四川·遂宁市·船山区。地址：四川遂宁市船山区龙凤镇遂宁市龙凤古镇景区。,30.4404276,105.6303214,wgs84
农科村景区,4A,四川,成都市,郫都区,四川成都市郫都区友爱街道农科村农科村景区,景点景区,国家4A旅游景区。所属地：四川·成都市·郫都区。地址：四川成都市郫都区友爱街道农科村农科村景区。,30.8203445,103.7915966,wgs84
黄荆老林旅游景区,4A,四川,泸州市,古蔺县,四川泸州市古蔺县黄荆乡黄荆老林旅游景区,景点景区,国家4A旅游景区。所属地：四川·泸州市·古蔺县。地址：四川泸州市古蔺县黄荆乡黄荆老林旅游景区。,28.2416507,105.7325874,wgs84
太平古镇景区,4A,四川,泸州市,古蔺县,四川泸州市古蔺县太平镇太平古镇景区,景点景区,国家4A旅游景区。所属地：四川·泸州市·古蔺县。地址：四川泸州市古蔺县太平镇太平古镇景区。,28.1385342,106.0376510,wgs84
广元市千佛崖石刻艺术博物馆,4A,四川,广元市,利州区,四川广元市利州区工农镇千佛村一组广元市千佛崖石刻艺术博物馆,景点景区,国家4A旅游景区。所属地：四川·广元市·利州区。地址：四川广元市利州区工农镇千佛村一组广元市千佛崖石刻艺术博物馆。,32.4731637,105.8428911,wgs84
乐山东方佛都旅游区,4A,四川,乐山市,市中区,四川乐山市市中区凌云路362号乐山东方佛都旅游区,景点景区,国家4A旅游景区。所属地：四川·乐山市·市中区。地址：四川乐山市市中区凌云路362号乐山东方佛都旅游区。,29.5416675,103.7743610,wgs84
江油李白纪念馆景区,4A,四川,绵阳市,江油市,四川绵阳市江油市文风街1号江油李白纪念馆景区,景点景区,国家4A旅游景区。所属地：四川·绵阳市·江油市。地址：四川绵阳市江油市文风街1号江油李白纪念馆景区。,31.7814072,104.7364525,wgs84
甘堡藏寨-桃坪羌寨旅游景区,4A,四川,阿坝藏族羌族自治州,理县,四川阿坝州理县红叶大道文休中心甘堡藏寨-桃坪羌寨旅游景区,景点景区,国家4A旅游景区。所属地：四川·阿坝藏族羌族自治州·理县。地址：四川阿坝州理县红叶大道文休中心甘堡藏寨-桃坪羌寨旅游景区。,31.4867924,103.1982207,wgs84
毕棚沟旅游景区,4A,四川,阿坝藏族羌族自治州,理县,四川阿坝州理县杂谷脑镇西大街31号毕棚沟旅游景区,景点景区,国家4A旅游景区。所属地：四川·阿坝藏族羌族自治州·理县。地址：四川阿坝州理县杂谷脑镇西大街31号毕棚沟旅游景区。,31.4375959,103.1631958,wgs84
新场古镇,4A,四川,成都市,大邑县,四川成都市大邑县新场镇新场古镇,景点景区,国家4A旅游景区。所属地：四川·成都市·大邑县。地址：四川成都市大邑县新场镇新场古镇。,30.5337966,103.4239139,wgs84
国际非物质文化遗产博览园,4A,四川,成都市,青羊区,四川成都市青羊区光华大道二段601号国际非物质文化遗产博览园,景点景区,国家4A旅游景区。所属地：四川·成都市·青羊区。地址：四川成都市青羊区光华大道二段601号国际非物质文化遗产博览园。,30.6709946,103.9280540,wgs84
子昂故里文化旅游区,4A,四川,遂宁市,射洪市,四川遂宁市射洪市金华镇子昂故里文化旅游区,景点景区,国家4A旅游景区。所属地：四川·遂宁市·射洪市。地址：四川遂宁市射洪市金华镇子昂故里文化旅游区。,30.9984701,105.2739609,wgs84
内江市隆昌县石牌坊旅游区,4A,四川,内江市,隆昌市,四川内江市隆昌县莲峰公园内江市隆昌县石牌坊旅游区,景点景区,国家4A旅游景区。所属地：四川·内江市·隆昌市。地址：四川内江市隆昌县莲峰公园内江市隆昌县石牌坊旅游区。,29.3412896,105.2743510,wgs84
雅安市雨城区上里古镇,4A,四川,雅安市,雨城区,四川雅安市雨城区上里古镇景区管理局雅安市雨城区上里古镇,景点景区,国家4A旅游景区。所属地：四川·雅安市·雨城区。地址：四川雅安市雨城区上里古镇景区管理局雅安市雨城区上里古镇。,30.1780216,103.0706714,wgs84
王坪旅游景区,4A,四川,巴中市,通江县,四川巴中市通江县川陕革命根据地红军烈士陵园管理局王坪旅游景区,景点景区,国家4A旅游景区。所属地：四川·巴中市·通江县。地址：四川巴中市通江县川陕革命根据地红军烈士陵园管理局王坪旅游景区。,32.1089235,107.4135821,wgs84
米仓山国家森林公园,4A,四川,巴中市,南江县,四川巴中市南江县南江镇米仓山大道断灌渠段68号米仓山国家森林公园,景点景区,国家4A旅游景区。所属地：四川·巴中市·南江县。地址：四川巴中市南江县南江镇米仓山大道断灌渠段68号米仓山国家森林公园。,32.6937477,106.9223884,wgs84
东郊记忆,4A,四川,成都市,成华区,四川成都市成华区建设南支路4号东郊记忆,景点景区,国家4A旅游景区。所属地：四川·成都市·成华区。地址：四川成都市成华区建设南支路4号东郊记忆。,30.6711782,104.1203563,wgs84
青溪古城,4A,四川,广元市,青川县,四川广元市青溪镇场镇青溪古城,景点景区,国家4A旅游景区。所属地：四川·广元市·青川县。地址：四川广元市青溪镇场镇青溪古城。,32.4605331,104.8384057,wgs84
乐山市郭沫若故居,4A,四川,乐山市,沙湾区,四川乐山市沙湾区文豪路351号乐山市郭沫若故居,景点景区,国家4A旅游景区。所属地：四川·乐山市·沙湾区。地址：四川乐山市沙湾区文豪路351号乐山市郭沫若故居。,29.4155047,103.5443293,wgs84
东拉山大峡谷,4A,四川,雅安市,宝兴县,四川雅安市宝兴县陇东镇东拉山大峡谷,景点景区,国家4A旅游景区。所属地：四川·雅安市·宝兴县。地址：四川雅安市宝兴县陇东镇东拉山大峡谷。,30.4080275,102.6474156,wgs84
石棉县安顺场景区,4A,四川,雅安市,石棉县,四川雅安市石棉县安顺乡石棉县安顺场景区,景点景区,国家4A旅游景区。所属地：四川·雅安市·石棉县。地址：四川雅安市石棉县安顺乡石棉县安顺场景区。,29.2723689,102.2829460,wgs84
绵阳市北川药王谷旅游景区,4A,四川,绵阳市,北川羌族自治县,四川绵阳市北川羌族自治县桂溪镇辛夷村绵阳市北川药王谷旅游景区,景点景区,国家4A旅游景区。所属地：四川·绵阳市·北川羌族自治县。地址：四川绵阳市北川羌族自治县桂溪镇辛夷村绵阳市北川药王谷旅游景区。,31.8923360,104.6776064,wgs84
叠溪--松坪沟景区,4A,四川,阿坝藏族羌族自治州,茂县,四川阿坝州茂县西北叠溪镇新磨村叠溪--松坪沟景区,景点景区,国家4A旅游景区。所属地：四川·阿坝藏族羌族自治州·茂县。地址：四川阿坝州茂县西北叠溪镇新磨村叠溪--松坪沟景区。,32.0830747,103.6564967,wgs84
望丛祠,4A,四川,成都市,郫都区,四川成都市郫都区郫筒街道望丛中路5号望丛祠,景点景区,国家4A旅游景区。所属地：四川·成都市·郫都区。地址：四川成都市郫都区郫筒街道望丛中路5号望丛祠。,30.8120528,103.8721249,wgs84
西部最美水乡·三道堰旅游景区,4A,四川,成都市,郫都区,四川成都市郫都区永宁北路189号西部最美水乡·三道堰旅游景区,景点景区,国家4A旅游景区。所属地：四川·成都市·郫都区。地址：四川成都市郫都区永宁北路189号西部最美水乡·三道堰旅游景区。,30.8727966,103.9158325,wgs84
广元市平乐旅游区,4A,四川,广元市,昭化区,四川广元市昭化区柳桥乡柳桥村广元市平乐旅游区,景点景区,国家4A旅游景区。所属地：四川·广元市·昭化区。地址：四川广元市昭化区柳桥乡柳桥村广元市平乐旅游区。,32.3093029,105.9723444,wgs84
观音湖湿地公园旅游景区,4A,四川,遂宁市,船山区,四川遂宁市河东新区灵云路1号观音湖湿地公园旅游景区,景点景区,国家4A旅游景区。所属地：四川·遂宁市·船山区。地址：四川遂宁市河东新区灵云路1号观音湖湿地公园旅游景区。,30.5280842,105.5808124,wgs84
黑龙滩旅游景区,4A,四川,眉山市,仁寿县,四川眉山市仁寿县黑龙滩镇黑龙滩旅游景区,景点景区,国家4A旅游景区。所属地：四川·眉山市·仁寿县。地址：四川眉山市仁寿县黑龙滩镇黑龙滩旅游景区。,30.1061434,104.0158348,wgs84
武胜县宝箴塞,4A,四川,广安市,武胜县,四川广安市武胜县宝箴塞镇方家沟村武胜县宝箴塞,景点景区,国家4A旅游景区。所属地：四川·广安市·武胜县。地址：四川广安市武胜县宝箴塞镇方家沟村武胜县宝箴塞。,30.3601686,106.0692939,wgs84
神龙山巴人石头城,4A,四川,广安市,广安区,四川广安市城南公园街188号神龙山巴人石头城,景点景区,国家4A旅游景区。所属地：四川·广安市·广安区。地址：四川广安市城南公园街188号神龙山巴人石头城。,30.4520768,106.6485612,wgs84
熊猫古城景区,4A,四川,雅安市,宝兴县,四川雅安市宝兴县穆坪镇熊猫古城景区,景点景区,国家4A旅游景区。所属地：四川·雅安市·宝兴县。地址：四川雅安市宝兴县穆坪镇熊猫古城景区。,30.3655676,102.8116960,wgs84
巴中市诺水河景区,4A,四川,巴中市,通江县,四川巴中市通江县诺水河镇巴中市诺水河景区,景点景区,国家4A旅游景区。所属地：四川·巴中市·通江县。地址：四川巴中市通江县诺水河镇巴中市诺水河景区。,32.3742507,107.1771014,wgs84
卓克基土司官寨文化旅游景区,4A,四川,阿坝藏族羌族自治州,马尔康市,四川阿坝州马尔康县卓克基镇卓克基土司官寨文化旅游景区,景点景区,国家4A旅游景区。所属地：四川·阿坝藏族羌族自治州·马尔康市。地址：四川阿坝州马尔康县卓克基镇卓克基土司官寨文化旅游景区。,31.8698699,102.2916196,wgs84
五凤溪景区,4A,四川,成都市,金堂县,四川成都市金堂县五凤镇五凤溪景区,景点景区,国家4A旅游景区。所属地：四川·成都市·金堂县。地址：四川成都市金堂县五凤镇五凤溪景区。,30.6066706,104.4748614,wgs84
石象湖景区,4A,四川,成都市,蒲江县,四川成都市浦江县朝阳湖镇石象湖景区（成雅高速86公里出口处）石象湖景区,景点景区,国家4A旅游景区。所属地：四川·成都市·蒲江县。地址：四川成都市浦江县朝阳湖镇石象湖景区（成雅高速86公里出口处）石象湖景区。,30.1969835,103.4218082,wgs84
白鹿音乐小镇,4A,四川,成都市,彭州市,四川成都市彭州市白鹿镇白鹿音乐小镇,景点景区,国家4A旅游景区。所属地：四川·成都市·彭州市。地址：四川成都市彭州市白鹿镇白鹿音乐小镇。,31.1919552,103.9104633,wgs84
宝山旅游区,4A,四川,成都市,彭州市,四川成都市彭州市龙门山镇宝山村宝山旅游区,景点景区,国家4A旅游景区。所属地：四川·成都市·彭州市。地址：四川成都市彭州市龙门山镇宝山村宝山旅游区。,31.2410875,103.7892161,wgs84
天仙硐旅游景区,4A,四川,泸州市,纳溪区,四川泸州市纳溪区天仙镇天仙硐旅游景区,景点景区,国家4A旅游景区。所属地：四川·泸州市·纳溪区。地址：四川泸州市纳溪区天仙镇天仙硐旅游景区。,28.7269405,105.4105903,wgs84
泸州市张坝桂圆林旅游景区,4A,四川,泸州市,江阳区,四川泸州市江阳区张坝桂圆林泸州市张坝桂圆林旅游景区,景点景区,国家4A旅游景区。所属地：四川·泸州市·江阳区。地址：四川泸州市江阳区张坝桂圆林泸州市张坝桂圆林旅游景区。,28.8712451,105.2102189,wgs84
绵阳市科技馆旅游景区,4A,四川,绵阳市,游仙区,四川绵阳市游仙区一环路东段232号绵阳市科技馆旅游景区,景点景区,国家4A旅游景区。所属地：四川·绵阳市·游仙区。地址：四川绵阳市游仙区一环路东段232号绵阳市科技馆旅游景区。,31.4818493,104.7697295,wgs84
巴中市佛头山旅游景区,4A,四川,巴中市,平昌县,四川巴中市平昌县佛头山文化产业园管委会巴中市佛头山旅游景区,景点景区,国家4A旅游景区。所属地：四川·巴中市·平昌县。地址：四川巴中市平昌县佛头山文化产业园管委会巴中市佛头山旅游景区。,31.5724193,107.1029050,wgs84
白坪—飞龙旅游区,4A,四川,广安市,武胜县,四川广安市武胜县飞龙镇、三溪镇、鸣钟镇白坪—飞龙旅游区,景点景区,国家4A旅游景区。所属地：四川·广安市·武胜县。地址：四川广安市武胜县飞龙镇、三溪镇、鸣钟镇白坪—飞龙旅游区。,30.3832110,106.3653297,wgs84
天意谷景区,4A,四川,广安市,邻水县,四川广安市邻水县牟家镇苏家村二组天意谷景区,景点景区,国家4A旅游景区。所属地：四川·广安市·邻水县。地址：四川广安市邻水县牟家镇苏家村二组天意谷景区。,30.2635139,106.8159306,wgs84
金凤山景区,4A,四川,雅安市,雨城区,四川雅安市雨城区雅洲大道387号金凤山景区,景点景区,国家4A旅游景区。所属地：四川·雅安市·雨城区。地址：四川雅安市雨城区雅洲大道387号金凤山景区。,30.0079447,103.0311708,wgs84
黄河九曲第一湾,4A,四川,阿坝藏族羌族自治州,若尔盖县,四川阿坝州若尔盖县达扎寺镇麦溪路黄河九曲第一湾,景点景区,国家4A旅游景区。所属地：四川·阿坝藏族羌族自治州·若尔盖县。地址：四川阿坝州若尔盖县达扎寺镇麦溪路黄河九曲第一湾。,33.5833714,102.9520170,wgs84
罗江白马关景区,4A,四川,德阳市,罗江区,四川德阳市罗江区白马关镇凤雏村罗江白马关景区,景点景区,国家4A旅游景区。所属地：四川·德阳市·罗江区。地址：四川德阳市罗江区白马关镇凤雏村罗江白马关景区。,31.2822092,104.4680459,wgs84
绵阳市江油李白故居旅游景区,4A,四川,绵阳市,江油市,四川绵阳市江油市青莲镇粉竹路绵阳市江油李白故居旅游景区,景点景区,国家4A旅游景区。所属地：四川·绵阳市·江油市。地址：四川绵阳市江油市青莲镇粉竹路绵阳市江油李白故居旅游景区。,31.6776454,104.6829598,wgs84
绵阳市北川维斯特农业休闲旅游区,4A,四川,绵阳市,北川羌族自治县,四川绵阳市北川羌族自治县永昌镇东升村绵阳市北川维斯特农业休闲旅游区,景点景区,国家4A旅游景区。所属地：四川·绵阳市·北川羌族自治县。地址：四川绵阳市北川羌族自治县永昌镇东升村绵阳市北川维斯特农业休闲旅游区。,31.6141172,104.4479073,wgs84
龙门阁景区,4A,四川,广元市,朝天区,四川广元市朝天区朝天镇龙门阁景区,景点景区,国家4A旅游景区。所属地：四川·广元市·朝天区。地址：四川广元市朝天区朝天镇龙门阁景区。,32.6854554,105.9474504,wgs84
遂宁市安居区七彩明珠景区,4A,四川,遂宁市,安居区,四川遂宁市安居区玉丰镇金鸡村2社遂宁市安居区七彩明珠景区,景点景区,国家4A旅游景区。所属地：四川·遂宁市·安居区。地址：四川遂宁市安居区玉丰镇金鸡村2社遂宁市安居区七彩明珠景区。,30.4022487,105.5340518,wgs84
乐山市犍为县嘉阳.桫椤湖景区,4A,四川,乐山市,犍为县,四川乐山市犍为县芭沟镇、双溪镇乐山市犍为县嘉阳.桫椤湖景区,景点景区,国家4A旅游景区。所属地：四川·乐山市·犍为县。地址：四川乐山市犍为县芭沟镇、双溪镇乐山市犍为县嘉阳.桫椤湖景区。,29.1802247,103.8609768,wgs84
张澜故里旅游区,4A,四川,南充市,西充县,四川南充市西充县莲池镇观音堂村张澜故里旅游区,景点景区,国家4A旅游景区。所属地：四川·南充市·西充县。地址：四川南充市西充县莲池镇观音堂村张澜故里旅游区。,30.9086660,105.8579503,wgs84
巴灵台旅游景区,4A,四川,巴中市,平昌县,四川巴中市平昌县灵山镇锦绣大道巴灵台旅游景区,景点景区,国家4A旅游景区。所属地：四川·巴中市·平昌县。地址：四川巴中市平昌县灵山镇锦绣大道巴灵台旅游景区。,31.7160835,107.1964701,wgs84
达州市宣汉县洋烈水乡景区,4A,四川,达州市,宣汉县,四川达州市宣汉县蒲江街道达州市宣汉县洋烈水乡景区,景点景区,国家4A旅游景区。所属地：四川·达州市·宣汉县。地址：四川达州市宣汉县蒲江街道达州市宣汉县洋烈水乡景区。,31.3050215,107.6332674,wgs84
荥经县云峰山景区,4A,四川,雅安市,荥经县,四川雅安市荥经县青龙乡柏香村荥经县云峰山景区,景点景区,国家4A旅游景区。所属地：四川·雅安市·荥经县。地址：四川雅安市荥经县青龙乡柏香村荥经县云峰山景区。,29.7690596,102.8686481,wgs84
江湾神木园,4A,四川,眉山市,青神县,四川眉山市青神县外南街73号江湾神木园,景点景区,国家4A旅游景区。所属地：四川·眉山市·青神县。地址：四川眉山市青神县外南街73号江湾神木园。,29.8262618,103.8450561,wgs84
硗碛藏寨·神木垒景区,4A,四川,雅安市,宝兴县,四川雅安市宝兴县硗碛藏族乡硗碛藏寨·神木垒景区,景点景区,国家4A旅游景区。所属地：四川·雅安市·宝兴县。地址：四川雅安市宝兴县硗碛藏族乡硗碛藏寨·神木垒景区。,30.6786453,102.6749995,wgs84
宜宾市长宁县七洞沟旅游景区,4A,四川,宜宾市,长宁县,四川宜宾市长宁县古河镇幸福村五组宜宾市长宁县七洞沟旅游景区,景点景区,国家4A旅游景区。所属地：四川·宜宾市·长宁县。地址：四川宜宾市长宁县古河镇幸福村五组宜宾市长宁县七洞沟旅游景区。,28.5809084,104.9115355,wgs84
宜宾市流杯池公园,4A,四川,宜宾市,翠屏区,四川宜宾市翠屏区岷江东路4号宜宾市流杯池公园,景点景区,国家4A旅游景区。所属地：四川·宜宾市·翠屏区。地址：四川宜宾市翠屏区岷江东路4号宜宾市流杯池公园。,28.7853986,104.6170317,wgs84
南溪古街旅游景区,4A,四川,宜宾市,南溪区,四川宜宾市南溪区正信路文体中心南溪古街旅游景区,景点景区,国家4A旅游景区。所属地：四川·宜宾市·南溪区。地址：四川宜宾市南溪区正信路文体中心南溪古街旅游景区。,28.8263586,104.9579551,wgs84
桃源山居旅游景区,4A,四川,乐山市,沐川县,四川乐山市沐川县沐溪镇三溪村桃源山居旅游景区,景点景区,国家4A旅游景区。所属地：四川·乐山市·沐川县。地址：四川乐山市沐川县沐溪镇三溪村桃源山居旅游景区。,28.9526072,103.8900124,wgs84
广元水磨沟景区,4A,四川,广元市,朝天区,四川广元市朝天区青林乡清凉村二组广元水磨沟景区,景点景区,国家4A旅游景区。所属地：四川·广元市·朝天区。地址：四川广元市朝天区青林乡清凉村二组广元水磨沟景区。,32.7997743,106.0507933,wgs84
成都市崇州元通古镇景区,4A,四川,成都市,崇州市,四川成都市崇州元通镇成都市崇州元通古镇景区,景点景区,国家4A旅游景区。所属地：四川·成都市·崇州市。地址：四川成都市崇州元通镇成都市崇州元通古镇景区。,30.7407297,103.6219218,wgs84
绵阳市仙海旅游景区,4A,四川,绵阳市,游仙区,四川绵阳市游仙区沉抗镇场镇仙山路32号绵阳市仙海旅游景区,景点景区,国家4A旅游景区。所属地：四川·绵阳市·游仙区。地址：四川绵阳市游仙区沉抗镇场镇仙山路32号绵阳市仙海旅游景区。,31.5377601,104.8528568,wgs84
寻龙山景区,4A,四川,绵阳市,北川羌族自治县,四川绵阳市北川羌族自治县安昌镇沙汀路寻龙山景区,景点景区,国家4A旅游景区。所属地：四川·绵阳市·北川羌族自治县。地址：四川绵阳市北川羌族自治县安昌镇沙汀路寻龙山景区。,31.6311557,104.4323934,wgs84
花海果乡旅游景区,4A,四川,雅安市,汉源县,四川雅安市汉源县九襄镇三强村花海果乡旅游景区,景点景区,国家4A旅游景区。所属地：四川·雅安市·汉源县。地址：四川雅安市汉源县九襄镇三强村花海果乡旅游景区。,29.4955076,102.6407542,wgs84
雅安周公山景区,4A,四川,雅安市,雨城区,四川雅安市雨城区周公山镇雅安周公山景区,景点景区,国家4A旅游景区。所属地：四川·雅安市·雨城区。地址：四川雅安市雨城区周公山镇雅安周公山景区。,29.9467449,103.0410764,wgs84
最美玉湖-七彩长滩旅游景区,4A,四川,巴中市,南江县,四川巴中市南江县南江镇 最美玉湖-七彩长滩旅游景区,景点景区,国家4A旅游景区。所属地：四川·巴中市·南江县。地址：四川巴中市南江县南江镇 最美玉湖-七彩长滩旅游景区。,32.1132274,106.6561320,wgs84
驷马水乡旅游景区,4A,四川,巴中市,平昌县,四川巴中市平昌县驷马镇解放街50号驷马水乡旅游景区,景点景区,国家4A旅游景区。所属地：四川·巴中市·平昌县。地址：四川巴中市平昌县驷马镇解放街50号驷马水乡旅游景区。,31.7360896,107.0210761,wgs84
柳江古镇旅游景区,4A,四川,眉山市,洪雅县,四川眉山市洪雅县柳江古镇玉屏北街19号柳江古镇旅游景区,景点景区,国家4A旅游景区。所属地：四川·眉山市·洪雅县。地址：四川眉山市洪雅县柳江古镇玉屏北街19号柳江古镇旅游景区。,29.7215829,103.2290072,wgs84
松潘县川主寺旅游景区,4A,四川,阿坝藏族羌族自治州,松潘县,四川阿坝州松潘县川主寺镇松潘县川主寺旅游景区,景点景区,国家4A旅游景区。所属地：四川·阿坝藏族羌族自治州·松潘县。地址：四川阿坝州松潘县川主寺镇松潘县川主寺旅游景区。,32.7797400,103.6178322,wgs84
会理古城旅游景区,4A,四川,凉山彝族自治州,会理市,四川凉山州会理县城关镇公园路会理古城旅游景区,景点景区,国家4A旅游景区。所属地：四川·凉山彝族自治州·会理市。地址：四川凉山州会理县城关镇公园路会理古城旅游景区。,26.6621594,102.2436683,wgs84
灌县古城,4A,四川,成都市,都江堰市,四川成都都江堰市灌口街道灌县古城,景点景区,国家4A旅游景区。所属地：四川·成都市·都江堰市。地址：四川成都都江堰市灌口街道灌县古城。,31.0017605,103.6201638,wgs84
成都市锦门景区,4A,四川,成都市,新都区,四川成都市新都区三河街道承顺街成都市锦门景区,景点景区,国家4A旅游景区。所属地：四川·成都市·新都区。地址：四川成都市新都区三河街道承顺街成都市锦门景区。,30.7810185,104.1280916,wgs84
成都市双流区海滨城景区,4A,四川,成都市,双流区,四川成都蛟龙港双流园区双楠大道88号成都市双流区海滨城景区,景点景区,国家4A旅游景区。所属地：四川·成都市·双流区。地址：四川成都蛟龙港双流园区双楠大道88号成都市双流区海滨城景区。,30.6060090,103.9092983,wgs84
隆昌县古宇湖旅游区,4A,四川,内江市,隆昌市,四川内江市隆昌县古宇湖旅游区隆昌县古宇湖旅游区,景点景区,国家4A旅游景区。所属地：四川·内江市·隆昌市。地址：四川内江市隆昌县古宇湖旅游区隆昌县古宇湖旅游区。,29.3333312,105.2399385,wgs84
雅安二郎山·喇叭河景区,4A,四川,雅安市,天全县,四川雅安市天全县喇叭河蓝水晶宾馆雅安二郎山·喇叭河景区,景点景区,国家4A旅游景区。所属地：四川·雅安市·天全县。地址：四川雅安市天全县喇叭河蓝水晶宾馆雅安二郎山·喇叭河景区。,29.8576777,102.3112287,wgs84
芦山县龙门古镇旅游景区,4A,四川,雅安市,芦山县,四川雅安市芦山县龙门古镇芦山县龙门古镇旅游景区,景点景区,国家4A旅游景区。所属地：四川·雅安市·芦山县。地址：四川雅安市芦山县龙门古镇芦山县龙门古镇旅游景区。,30.2570619,103.0161815,wgs84
花田酒地旅游景区,4A,四川,泸州市,纳溪区,四川泸州市纳溪区大渡镇花田酒地旅游景区,景点景区,国家4A旅游景区。所属地：四川·泸州市·纳溪区。地址：四川泸州市纳溪区大渡镇花田酒地旅游景区。,28.7293302,105.2549785,wgs84
达州市大竹县五峰山旅游景区,4A,四川,达州市,大竹县,四川达州市大竹县月华镇井岗村11组46号达州市大竹县五峰山旅游景区,景点景区,国家4A旅游景区。所属地：四川·达州市·大竹县。地址：四川达州市大竹县月华镇井岗村11组46号达州市大竹县五峰山旅游景区。,30.8109078,107.3262155,wgs84
中国酒村—邛酒文化风情旅游村落,4A,四川,成都市,邛崃市,四川成都邛崃市邛镇文笔山村中国酒村—邛酒文化风情旅游村落,景点景区,国家4A旅游景区。所属地：四川·成都市·邛崃市。地址：四川成都邛崃市邛镇文笔山村中国酒村—邛酒文化风情旅游村落。,30.3799959,103.4574767,wgs84
天艺浓园艺术博览园,4A,四川,成都市,武侯区,四川成都市武侯区武侯大道三河段20号天艺浓园艺术博览园,景点景区,国家4A旅游景区。所属地：四川·成都市·武侯区。地址：四川成都市武侯区武侯大道三河段20号天艺浓园艺术博览园。,30.5903709,104.0042528,wgs84
飞仙关旅游景区,4A,四川,雅安市,芦山县,四川雅安市芦山县飞仙关镇飞仙关旅游景区,景点景区,国家4A旅游景区。所属地：四川·雅安市·芦山县。地址：四川雅安市芦山县飞仙关镇飞仙关旅游景区。,30.0429541,102.8885179,wgs84
西昌安哈彝寨仙人洞,4A,四川,凉山彝族自治州,西昌市,四川凉山州西昌市安哈镇西昌安哈彝寨仙人洞,景点景区,国家4A旅游景区。所属地：四川·凉山彝族自治州·西昌市。地址：四川凉山州西昌市安哈镇西昌安哈彝寨仙人洞。,27.7011997,102.3199713,wgs84
蜂桶寨邓池沟景区,4A,四川,雅安市,宝兴县,四川雅安市宝兴县蜂桶寨乡蜂桶寨邓池沟景区,景点景区,国家4A旅游景区。所属地：四川·雅安市·宝兴县。地址：四川雅安市宝兴县蜂桶寨乡蜂桶寨邓池沟景区。,30.5374631,102.9395775,wgs84
灵关石城旅游景区,4A,四川,雅安市,宝兴县,四川雅安市宝兴县灵关镇灵关石城旅游景区,景点景区,国家4A旅游景区。所属地：四川·雅安市·宝兴县。地址：四川雅安市宝兴县灵关镇灵关石城旅游景区。,30.2543591,102.8254238,wgs84
汉姜古城旅游景区,4A,四川,雅安市,芦山县,四川雅安市芦山县芦阳街道汉姜古城汉姜古城旅游景区,景点景区,国家4A旅游景区。所属地：四川·雅安市·芦山县。地址：四川雅安市芦山县芦阳街道汉姜古城汉姜古城旅游景区。,30.1522689,102.9206875,wgs84
四川旅博天地,4A,四川,乐山市,峨眉山市,四川乐山市峨眉山市旅博大道四川旅博天地,景点景区,国家4A旅游景区。所属地：四川·乐山市·峨眉山市。地址：四川乐山市峨眉山市旅博大道四川旅博天地。,29.5978864,103.5184574,wgs84
丹巴县甲居藏寨旅游景区,4A,四川,甘孜藏族自治州,丹巴县,四川甘孜州丹巴县甲居景区管理局丹巴县甲居藏寨旅游景区,景点景区,国家4A旅游景区。所属地：四川·甘孜藏族自治州·丹巴县。地址：四川甘孜州丹巴县甲居景区管理局丹巴县甲居藏寨旅游景区。,30.9196635,101.8727752,wgs84
国际竹艺城景区,4A,四川,眉山市,青神县,四川眉山市青神县青竹街道竹艺大道406号国际竹艺城景区,景点景区,国家4A旅游景区。所属地：四川·眉山市·青神县。地址：四川眉山市青神县青竹街道竹艺大道406号国际竹艺城景区。,29.8246793,103.8343426,wgs84
南龛山景区,4A,四川,巴中市,巴州区,四川巴中市巴州区红碑路南龛段南龛山景区,景点景区,国家4A旅游景区。所属地：四川·巴中市·巴州区。地址：四川巴中市巴州区红碑路南龛段南龛山景区。,31.8458233,106.7596422,wgs84
空山天盆旅游景区,4A,四川,巴中市,通江县,四川巴中市通江县空山乡空山天盆旅游景区,景点景区,国家4A旅游景区。所属地：四川·巴中市·通江县。地址：四川巴中市通江县空山乡空山天盆旅游景区。,32.4792395,107.3732289,wgs84
云顶茶乡,4A,四川,巴中市,南江县,四川巴中市南江县南江镇云顶茶乡,景点景区,国家4A旅游景区。所属地：四川·巴中市·南江县。地址：四川巴中市南江县南江镇云顶茶乡。,32.0187625,106.7127390,wgs84
山水化湖,4A,四川,巴中市,巴州区,四川巴中市巴州区化成镇山水化湖,景点景区,国家4A旅游景区。所属地：四川·巴中市·巴州区。地址：四川巴中市巴州区化成镇山水化湖。,31.9081520,106.9009785,wgs84
恩阳区恩阳古镇旅游景区,4A,四川,巴中市,恩阳区,四川巴中市恩阳区工业园恩阳区恩阳古镇旅游景区,景点景区,国家4A旅游景区。所属地：四川·巴中市·恩阳区。地址：四川巴中市恩阳区工业园恩阳区恩阳古镇旅游景区。,31.7946295,106.6245915,wgs84
平昌南天门旅游景区,4A,四川,巴中市,平昌县,四川巴中市平昌县五木镇平昌南天门旅游景区,景点景区,国家4A旅游景区。所属地：四川·巴中市·平昌县。地址：四川巴中市平昌县五木镇平昌南天门旅游景区。,31.7626145,107.1478405,wgs84
平昌县三十二梁旅游景区,4A,四川,巴中市,平昌县,四川巴中市平昌县云台镇平昌县三十二梁旅游景区,景点景区,国家4A旅游景区。所属地：四川·巴中市·平昌县。地址：四川巴中市平昌县云台镇平昌县三十二梁旅游景区。,31.5650584,107.2711138,wgs84
宣汉县巴山大峡谷旅游景区,4A,四川,达州市,宣汉县,四川达州市宣汉县渡口土家族乡宣汉县巴山大峡谷旅游景区,景点景区,国家4A旅游景区。所属地：四川·达州市·宣汉县。地址：四川达州市宣汉县渡口土家族乡宣汉县巴山大峡谷旅游景区。,31.6784067,108.3710450,wgs84
达州市宣汉县峨城山旅游景区,4A,四川,达州市,宣汉县,四川达州市宣汉县天生镇峨城社区达州市宣汉县峨城山旅游景区,景点景区,国家4A旅游景区。所属地：四川·达州市·宣汉县。地址：四川达州市宣汉县天生镇峨城社区达州市宣汉县峨城山旅游景区。,31.2804345,107.8131591,wgs84
龙桥文化生态园,4A,四川,泸州市,泸县,四川泸州市泸县玉蟾街道以北3公里处龙桥文化生态园,景点景区,国家4A旅游景区。所属地：四川·泸州市·泸县。地址：四川泸州市泸县玉蟾街道以北3公里处龙桥文化生态园。,29.1872798,105.3767442,wgs84
绵阳市江油佛爷洞旅游景区,4A,四川,绵阳市,江油市,四川绵阳市江油市大康镇因明村9组绵阳市江油佛爷洞旅游景区,景点景区,国家4A旅游景区。所属地：四川·绵阳市·江油市。地址：四川绵阳市江油市大康镇因明村9组绵阳市江油佛爷洞旅游景区。,31.8356571,104.6973773,wgs84
甘孜州泸定桥旅游景区,4A,四川,甘孜藏族自治州,泸定县,四川甘孜州泸定县泸桥镇丰碑街2号甘孜州泸定桥旅游景区,景点景区,国家4A旅游景区。所属地：四川·甘孜藏族自治州·泸定县。地址：四川甘孜州泸定县泸桥镇丰碑街2号甘孜州泸定桥旅游景区。,29.9145031,102.2300680,wgs84
越西县文昌故里旅游景区,4A,四川,凉山彝族自治州,越西县,四川凉山州越西县中所镇越西县文昌故里旅游景区,景点景区,国家4A旅游景区。所属地：四川·凉山彝族自治州·越西县。地址：四川凉山州越西县中所镇越西县文昌故里旅游景区。,28.5896173,102.4976469,wgs84
中国泡菜城景区,4A,四川,眉山市,东坡区,四川眉山市东坡区泡菜风情街5栋1层3号中国泡菜城景区,景点景区,国家4A旅游景区。所属地：四川·眉山市·东坡区。地址：四川眉山市东坡区泡菜风情街5栋1层3号中国泡菜城景区。,30.0293491,103.8513042,wgs84
仁寿城市湿地公园,4A,四川,眉山市,仁寿县,四川眉山市仁寿县文林镇仁寿城市湿地公园,景点景区,国家4A旅游景区。所属地：四川·眉山市·仁寿县。地址：四川眉山市仁寿县文林镇仁寿城市湿地公园。,30.0015721,104.1688092,wgs84
道孚县八美墨石公园景区,4A,四川,甘孜藏族自治州,道孚县,四川甘孜州道孚县八美镇乾宁路8号道孚县八美墨石公园景区,景点景区,国家4A旅游景区。所属地：四川·甘孜藏族自治州·道孚县。地址：四川甘孜州道孚县八美镇乾宁路8号道孚县八美墨石公园景区。,30.4417735,101.5338382,wgs84
内江大千园旅游景区,4A,四川,内江市,东兴区,四川内江市东兴区东桐路圆顶山内江大千园旅游景区,景点景区,国家4A旅游景区。所属地：四川·内江市·东兴区。地址：四川内江市东兴区东桐路圆顶山内江大千园旅游景区。,29.5968979,105.0645511,wgs84
内江市范长江文化旅游园区,4A,四川,内江市,东兴区,四川内江市东兴区田家镇正子村内江市范长江文化旅游园区,景点景区,国家4A旅游景区。所属地：四川·内江市·东兴区。地址：四川内江市东兴区田家镇正子村内江市范长江文化旅游园区。,29.6442848,105.1556105,wgs84
江油百年好合爱情谷旅游景区,4A,四川,绵阳市,江油市,四川绵阳市江油市大康镇旧县村11组江油百年好合爱情谷旅游景区,景点景区,国家4A旅游景区。所属地：四川·绵阳市·江油市。地址：四川绵阳市江油市大康镇旧县村11组江油百年好合爱情谷旅游景区。,31.8541220,104.7263478,wgs84
五粮液旅游景区,4A,四川,宜宾市,翠屏区,四川宜宾市岷江西路150号五粮液旅游景区,景点景区,国家4A旅游景区。所属地：四川·宜宾市·翠屏区。地址：四川宜宾市岷江西路150号五粮液旅游景区。,28.7891069,104.5990302,wgs84
尧坝古镇,4A,四川,泸州市,合江县,四川泸州市合江县尧坝镇人民政府尧坝古镇,景点景区,国家4A旅游景区。所属地：四川·泸州市·合江县。地址：四川泸州市合江县尧坝镇人民政府尧坝古镇。,28.7433919,105.6407206,wgs84
苍溪·梨文化博览园,4A,四川,广元市,苍溪县,四川广元市苍溪县陵江镇红旗村二组苍溪·梨文化博览园,景点景区,国家4A旅游景区。所属地：四川·广元市·苍溪县。地址：四川广元市苍溪县陵江镇红旗村二组苍溪·梨文化博览园。,31.7847441,105.9435573,wgs84
幸福田园,4A,四川,成都市,温江区,四川成都市温江区万春镇幸福村幸福田园,景点景区,国家4A旅游景区。所属地：四川·成都市·温江区。地址：四川成都市温江区万春镇幸福村幸福田园。,30.7649615,103.7898195,wgs84
成佳茶乡旅游景区,4A,四川,成都市,蒲江县,四川成都市蒲江县成佳镇人民政府成佳茶乡旅游景区,景点景区,国家4A旅游景区。所属地：四川·成都市·蒲江县。地址：四川成都市蒲江县成佳镇人民政府成佳茶乡旅游景区。,30.1781719,103.3750948,wgs84
三道堰青杠树景区,4A,四川,成都市,郫都区,四川成都市郫都区三道堰镇青杠树村三道堰青杠树景区,景点景区,国家4A旅游景区。所属地：四川·成都市·郫都区。地址：四川成都市郫都区三道堰镇青杠树村三道堰青杠树景区。,30.8649512,103.9138645,wgs84
泸州市凤凰湖旅游景区,4A,四川,泸州市,纳溪区,四川泸州市纳溪区大渡口镇泸州市凤凰湖旅游景区,景点景区,国家4A旅游景区。所属地：四川·泸州市·纳溪区。地址：四川泸州市纳溪区大渡口镇泸州市凤凰湖旅游景区。,28.7033366,105.3105004,wgs84
青川县城战国木牍文化生态园,4A,四川,广元市,青川县,四川广元市青川县城乔庄镇青川县城战国木牍文化生态园,景点景区,国家4A旅游景区。所属地：四川·广元市·青川县。地址：四川广元市青川县城乔庄镇青川县城战国木牍文化生态园。,32.5841325,105.2360216,wgs84
斑竹林,4A,四川,成都市,新津区,四川成都市新津区兴义镇万兴路288号斑竹林,景点景区,国家4A旅游景区。所属地：四川·成都市·新津区。地址：四川成都市新津区兴义镇万兴路288号斑竹林。,30.4924849,103.8105267,wgs84
达州市万源八台山旅游景区,4A,四川,达州市,万源市,四川达州市万源市八台镇天池坝村八台山景区达州市万源八台山旅游景区,景点景区,国家4A旅游景区。所属地：四川·达州市·万源市。地址：四川达州市万源市八台镇天池坝村八台山景区达州市万源八台山旅游景区。,31.9328291,108.2782129,wgs84
僰王山风景名胜区,4A,四川,宜宾市,兴文县,四川宜宾市兴文县僰王山镇僰王山风景名胜区,景点景区,国家4A旅游景区。所属地：四川·宜宾市·兴文县。地址：四川宜宾市兴文县僰王山镇僰王山风景名胜区。,28.3348155,105.0965981,wgs84
红原县花海景区,4A,四川,阿坝藏族羌族自治州,红原县,四川阿坝州红原县壤口乡壤口村红原县花海景区,景点景区,国家4A旅游景区。所属地：四川·阿坝藏族羌族自治州·红原县。地址：四川阿坝州红原县壤口乡壤口村红原县花海景区。,32.2121422,102.4942481,wgs84
绵阳市越王楼·三江半岛景区,4A,四川,绵阳市,游仙区,四川绵阳市游仙区剑南路东段326号绵阳市越王楼·三江半岛景区,景点景区,国家4A旅游景区。所属地：四川·绵阳市·游仙区。地址：四川绵阳市游仙区剑南路东段326号绵阳市越王楼·三江半岛景区。,31.4714881,104.7532580,wgs84
蜀南花海,4A,四川,宜宾市,长宁县,四川宜宾市长宁县古河镇幸福村六组蜀南花海,景点景区,国家4A旅游景区。所属地：四川·宜宾市·长宁县。地址：四川宜宾市长宁县古河镇幸福村六组蜀南花海。,28.7087433,105.0191319,wgs84
茂县中国古羌城景区,4A,四川,阿坝藏族羌族自治州,茂县,四川阿坝州茂县西羌大道北段中国古羌城景区茂县中国古羌城景区,景点景区,国家4A旅游景区。所属地：四川·阿坝藏族羌族自治州·茂县。地址：四川阿坝州茂县西羌大道北段中国古羌城景区茂县中国古羌城景区。,31.6767831,103.8366445,wgs84
红原县月亮湾景区,4A,四川,阿坝藏族羌族自治州,红原县,四川阿坝州红原县下哈拉玛村红原县月亮湾景区,景点景区,国家4A旅游景区。所属地：四川·阿坝藏族羌族自治州·红原县。地址：四川阿坝州红原县下哈拉玛村红原县月亮湾景区。,32.7797793,102.4767683,wgs84
宁南金钟山景区,4A,四川,凉山彝族自治州,宁南县,四川凉山州宁南县宁府路上段109号宁南金钟山景区,景点景区,国家4A旅游景区。所属地：四川·凉山彝族自治州·宁南县。地址：四川凉山州宁南县宁府路上段109号宁南金钟山景区。,27.0699967,102.7609863,wgs84
凯地里拉温泉旅游区,4A,四川,凉山彝族自治州,宁南县,四川凉山州宁南县披砂镇下村韩家梁子凯地里拉温泉旅游区,景点景区,国家4A旅游景区。所属地：四川·凉山彝族自治州·宁南县。地址：四川凉山州宁南县披砂镇下村韩家梁子凯地里拉温泉旅游区。,27.0673870,102.7200931,wgs84
箭竹大黑洞景区,4A,四川,泸州市,古蔺县,四川泸州市古蔺县箭竹乡大黑洞景区箭竹大黑洞景区,景点景区,国家4A旅游景区。所属地：四川·泸州市·古蔺县。地址：四川泸州市古蔺县箭竹乡大黑洞景区箭竹大黑洞景区。,28.0637523,105.5815480,wgs84
广元市旺苍县木门景区,4A,四川,广元市,旺苍县,四川广元市旺苍县木门镇广元市旺苍县木门景区,景点景区,国家4A旅游景区。所属地：四川·广元市·旺苍县。地址：四川广元市旺苍县木门镇广元市旺苍县木门景区。,32.1130250,106.5245407,wgs84
广元市旺苍县红军城景区,4A,四川,广元市,旺苍县,四川广元市旺苍县东河镇广元市旺苍县红军城景区,景点景区,国家4A旅游景区。所属地：四川·广元市·旺苍县。地址：四川广元市旺苍县东河镇广元市旺苍县红军城景区。,32.2336584,106.3012742,wgs84
柏林古镇景区,4A,四川,广元市,昭化区,四川广元市昭化区柏林沟镇柏林古镇景区,景点景区,国家4A旅游景区。所属地：四川·广元市·昭化区。地址：四川广元市昭化区柏林沟镇柏林古镇景区。,32.0835497,105.8835329,wgs84
市中区黄鹤湖旅游区,4A,四川,内江市,市中区,四川内江市市中区永安镇黄鹤湖旅游区市中区黄鹤湖旅游区,景点景区,国家4A旅游景区。所属地：四川·内江市·市中区。地址：四川内江市市中区永安镇黄鹤湖旅游区市中区黄鹤湖旅游区。,29.5147222,104.9291002,wgs84
罗城古镇,4A,四川,乐山市,犍为县,四川乐山市犍为县罗城镇罗城古镇,景点景区,国家4A旅游景区。所属地：四川·乐山市·犍为县。地址：四川乐山市犍为县罗城镇罗城古镇。,29.3859745,104.0296646,wgs84
西部竹石林景区,4A,四川,宜宾市,长宁县,四川宜宾市长宁县铜鼓镇西部竹石林景区,景点景区,国家4A旅游景区。所属地：四川·宜宾市·长宁县。地址：四川宜宾市长宁县铜鼓镇西部竹石林景区。,28.5809084,104.9115355,wgs84
兴文石菊古地旅游景区,4A,四川,宜宾市,兴文县,四川宜宾市兴文县石海镇兴文石菊古地旅游景区,景点景区,国家4A旅游景区。所属地：四川·宜宾市·兴文县。地址：四川宜宾市兴文县石海镇兴文石菊古地旅游景区。,28.1727033,105.1371563,wgs84
通川区磐石月湖旅游景区,4A,四川,达州市,通川区,四川达州市通川区磐石镇通川区磐石月湖旅游景区,景点景区,国家4A旅游景区。所属地：四川·达州市·通川区。地址：四川达州市通川区磐石镇通川区磐石月湖旅游景区。,31.2333993,107.5939277,wgs84
万源市红军公园旅游景区,4A,四川,达州市,万源市,四川达州市万源市驮山南路1号万源市红军公园旅游景区,景点景区,国家4A旅游景区。所属地：四川·达州市·万源市。地址：四川达州市万源市驮山南路1号万源市红军公园旅游景区。,32.0719880,108.0381072,wgs84
碧瑶湾旅游景区,4A,四川,达州市,渠县,四川达州市渠县万寿镇碧瑶湾旅游景区,景点景区,国家4A旅游景区。所属地：四川·达州市·渠县。地址：四川达州市渠县万寿镇碧瑶湾旅游景区。,30.9759529,106.9331281,wgs84
木雅圣地景区,4A,四川,甘孜藏族自治州,康定市,四川甘孜州康定市G318国道贡卡布2号桥木雅圣地景区,景点景区,国家4A旅游景区。所属地：四川·甘孜藏族自治州·康定市。地址：四川甘孜州康定市G318国道贡卡布2号桥木雅圣地景区。,30.0012720,101.9556443,wgs84
成都市彭州丹景山旅游景区,4A,四川,成都市,大邑县,四川成都市大邑县金星乡成都市彭州丹景山旅游景区,景点景区,国家4A旅游景区。所属地：四川·成都市·大邑县。地址：四川成都市大邑县金星乡成都市彭州丹景山旅游景区。,30.6816240,103.4777363,wgs84
天府花溪谷,4A,四川,成都市,彭州市,四川成都市丹景山镇丹景村天府花溪谷,景点景区,国家4A旅游景区。所属地：四川·成都市·彭州市。地址：四川成都市丹景山镇丹景村天府花溪谷。,31.1790077,103.8110415,wgs84
仙市古镇旅游景区,4A,四川,自贡市,沿滩区,四川自贡市沿滩区仙市古镇人民政府仙市古镇旅游景区,景点景区,国家4A旅游景区。所属地：四川·自贡市·沿滩区。地址：四川自贡市沿滩区仙市古镇人民政府仙市古镇旅游景区。,29.2493227,104.9133788,wgs84
自贡市燊海井景区,4A,四川,自贡市,大安区,四川自贡市大安区大安街289号自贡市燊海井景区,景点景区,国家4A旅游景区。所属地：四川·自贡市·大安区。地址：四川自贡市大安区大安街289号自贡市燊海井景区。,29.3772714,104.7852433,wgs84
自贡市尖山风景区,4A,四川,自贡市,自流井区,四川自贡市自流井区荣边镇尖山村自贡市尖山风景区,景点景区,国家4A旅游景区。所属地：四川·自贡市·自流井区。地址：四川自贡市自流井区荣边镇尖山村自贡市尖山风景区。,29.2682043,104.6501869,wgs84
自贡市玉章故里景区,4A,四川,自贡市,荣县,四川荣县双石镇蔡家堰村6组自贡市玉章故里景区,景点景区,国家4A旅游景区。所属地：四川·自贡市·荣县。地址：四川荣县双石镇蔡家堰村6组自贡市玉章故里景区。,29.3770877,104.5237179,wgs84
富顺文庙·西湖景区,4A,四川,自贡市,富顺县,四川自贡市富顺县富世镇顺城街75号富顺文庙·西湖景区,景点景区,国家4A旅游景区。所属地：四川·自贡市·富顺县。地址：四川自贡市富顺县富世镇顺城街75号富顺文庙·西湖景区。,29.1823912,104.9980444,wgs84
巴中市白衣古镇旅游景区,4A,四川,巴中市,平昌县,四川巴中市平昌县白衣镇巴中市白衣古镇旅游景区,景点景区,国家4A旅游景区。所属地：四川·巴中市·平昌县。地址：四川巴中市平昌县白衣镇巴中市白衣古镇旅游景区。,31.4363615,107.1299676,wgs84
皇家山景区,4A,四川,巴中市,平昌县,四川巴中市平昌县西兴镇皇家山景区,景点景区,国家4A旅游景区。所属地：四川·巴中市·平昌县。地址：四川巴中市平昌县西兴镇皇家山景区。,31.3729238,107.0477402,wgs84
恩阳区万寿养生谷旅游景区,4A,四川,巴中市,恩阳区,四川巴中市恩阳区观音井镇恩阳区万寿养生谷旅游景区,景点景区,国家4A旅游景区。所属地：四川·巴中市·恩阳区。地址：四川巴中市恩阳区观音井镇恩阳区万寿养生谷旅游景区。,31.5925651,106.4653840,wgs84
七彩佛龛景区,4A,四川,巴中市,巴州区,四川巴中市巴州区清江镇巾字村七彩佛龛景区,景点景区,国家4A旅游景区。所属地：四川·巴中市·巴州区。地址：四川巴中市巴州区清江镇巾字村七彩佛龛景区。,31.8519908,106.9799570,wgs84
石渠县邓玛湿地公园景区,4A,四川,甘孜藏族自治州,石渠县,四川甘孜州石渠县正科乡石渠县邓玛湿地公园景区,景点景区,国家4A旅游景区。所属地：四川·甘孜藏族自治州·石渠县。地址：四川甘孜州石渠县正科乡石渠县邓玛湿地公园景区。,32.5162217,97.8422868,wgs84
石渠县真达神鹿谷旅游景区,4A,四川,甘孜藏族自治州,石渠县,四川甘孜州石渠县真达乡石渠县真达神鹿谷旅游景区,景点景区,国家4A旅游景区。所属地：四川·甘孜藏族自治州·石渠县。地址：四川甘孜州石渠县真达乡石渠县真达神鹿谷旅游景区。,32.8958216,97.3550217,wgs84
茂县坪头羌寨,4A,四川,阿坝藏族羌族自治州,茂县,四川阿坝藏族羌族自治州茂县凤仪镇坪头村茂县坪头羌寨,景点景区,国家4A旅游景区。所属地：四川·阿坝藏族羌族自治州·茂县。地址：四川阿坝藏族羌族自治州茂县凤仪镇坪头村茂县坪头羌寨。,31.6850947,103.8409957,wgs84
神座景区,4A,四川,阿坝藏族羌族自治州,阿坝县,四川阿坝藏族羌族自治州阿坝县查理乡神座村神座景区,景点景区,国家4A旅游景区。所属地：四川·阿坝藏族羌族自治州·阿坝县。地址：四川阿坝藏族羌族自治州阿坝县查理乡神座村神座景区。,32.7319688,101.9538509,wgs84
绵阳市罗浮山景区,4A,四川,绵阳市,安州区,四川绵阳市安州区桑枣镇绵阳市罗浮山景区,景点景区,国家4A旅游景区。所属地：四川·绵阳市·安州区。地址：四川绵阳市安州区桑枣镇绵阳市罗浮山景区。,31.5929835,104.3365431,wgs84
农夫山泉峨眉山工业旅游区,4A,四川,乐山市,峨眉山市,四川乐山市峨眉山市高桥镇万佛岭路北段1号农夫山泉峨眉山工业旅游区,景点景区,国家4A旅游景区。所属地：四川·乐山市·峨眉山市。地址：四川乐山市峨眉山市高桥镇万佛岭路北段1号农夫山泉峨眉山工业旅游区。,29.4951088,103.3791972,wgs84
龙苍沟叠翠溪景区,4A,四川,雅安市,荥经县,四川雅安市荥经县龙苍沟镇龙苍沟叠翠溪景区,景点景区,国家4A旅游景区。所属地：四川·雅安市·荥经县。地址：四川雅安市荥经县龙苍沟镇龙苍沟叠翠溪景区。,29.6116610,102.8913961,wgs84
新都花香果居旅游景区,4A,四川,成都市,新都区,四川成都市新都区新繁镇东湖路中段新都花香果居旅游景区,景点景区,国家4A旅游景区。所属地：四川·成都市·新都区。地址：四川成都市新都区新繁镇东湖路中段新都花香果居旅游景区。,30.8663239,104.0255405,wgs84
五华山旅游区,4A,四川,广安市,邻水县,四川广安市邻水县丰禾镇五华山旅游区,景点景区,国家4A旅游景区。所属地：四川·广安市·邻水县。地址：四川广安市邻水县丰禾镇五华山旅游区。,30.1608640,107.1487827,wgs84
彝海景区,4A,四川,凉山彝族自治州,冕宁县,四川凉山州冕宁县彝海镇彝海景区,景点景区,国家4A旅游景区。所属地：四川·凉山彝族自治州·冕宁县。地址：四川凉山州冕宁县彝海镇彝海景区。,28.7356293,102.2341266,wgs84
会理会议纪念地,4A,四川,凉山彝族自治州,会理市,四川凉山州会理县铁厂村会理会议纪念地,景点景区,国家4A旅游景区。所属地：四川·凉山彝族自治州·会理市。地址：四川凉山州会理县铁厂村会理会议纪念地。,26.7020423,102.2827403,wgs84
理塘县勒通古镇-千户藏寨景区,4A,四川,甘孜藏族自治州,理塘县,四川甘孜州理塘县高城镇车马村仁康古街理塘县勒通古镇-千户藏寨景区,景点景区,国家4A旅游景区。所属地：四川·甘孜藏族自治州·理塘县。地址：四川甘孜州理塘县高城镇车马村仁康古街理塘县勒通古镇-千户藏寨景区。,29.9948766,100.2630485,wgs84
石渠县色须部落文化园,4A,四川,甘孜藏族自治州,石渠县,四川石渠县色须镇石渠县色须部落文化园,景点景区,国家4A旅游景区。所属地：四川·甘孜藏族自治州·石渠县。地址：四川石渠县色须镇石渠县色须部落文化园。,33.1306439,97.7930486,wgs84
道孚木雅噶达旅游景区,4A,四川,甘孜藏族自治州,道孚县,四川道孚县协德乡境内道孚木雅噶达旅游景区,景点景区,国家4A旅游景区。所属地：四川·甘孜藏族自治州·道孚县。地址：四川道孚县协德乡境内道孚木雅噶达旅游景区。,30.5641618,101.4999911,wgs84
石渠县巴格嘛呢景区,4A,四川,甘孜藏族自治州,石渠县,四川石渠县长沙贡马乡石渠县巴格嘛呢景区,景点景区,国家4A旅游景区。所属地：四川·甘孜藏族自治州·石渠县。地址：四川石渠县长沙贡马乡石渠县巴格嘛呢景区。,33.2462721,97.9687649,wgs84
阿坝州红原县日干乔景区,4A,四川,阿坝藏族羌族自治州,红原县,四川阿坝州红原县瓦切镇阿坝州红原县日干乔景区,景点景区,国家4A旅游景区。所属地：四川·阿坝藏族羌族自治州·红原县。地址：四川阿坝州红原县瓦切镇阿坝州红原县日干乔景区。,33.1501891,102.7743099,wgs84
理县鹧鸪山自然公园旅游景区,4A,四川,阿坝藏族羌族自治州,理县,四川阿坝州理县米亚罗镇理县鹧鸪山自然公园旅游景区,景点景区,国家4A旅游景区。所属地：四川·阿坝藏族羌族自治州·理县。地址：四川阿坝州理县米亚罗镇理县鹧鸪山自然公园旅游景区。,31.8399127,102.6695993,wgs84
世界荷花博览园,4A,四川,遂宁市,船山区,四川遂宁市船山区世界荷花博览园景区世界荷花博览园,景点景区,国家4A旅游景区。所属地：四川·遂宁市·船山区。地址：四川遂宁市船山区世界荷花博览园景区世界荷花博览园。,30.5158993,105.5860798,wgs84
金色清平景区,4A,四川,德阳市,绵竹市,四川德阳市绵竹市清平镇金色清平景区,景点景区,国家4A旅游景区。所属地：四川·德阳市·绵竹市。地址：四川德阳市绵竹市清平镇金色清平景区。,31.5487934,104.1125763,wgs84
瓦屋山景区,4A,四川,眉山市,洪雅县,四川眉山市洪雅县瓦屋山镇射亭村金花桥瓦屋山景区,景点景区,国家4A旅游景区。所属地：四川·眉山市·洪雅县。地址：四川眉山市洪雅县瓦屋山镇射亭村金花桥瓦屋山景区。,29.6432623,102.9470817,wgs84
成都市龙泉驿区蔚然花海景区,4A,四川,成都市,龙泉驿区,四川成都市龙泉驿区同安街道花海路8号成都市龙泉驿区蔚然花海景区,景点景区,国家4A旅游景区。所属地：四川·成都市·龙泉驿区。地址：四川成都市龙泉驿区同安街道花海路8号成都市龙泉驿区蔚然花海景区。,30.6334507,104.3102388,wgs84
成都麓湖水城景区,4A,四川,成都市,双流区,四川天府大道南沿线麓湖生态城艺展中心成都麓湖水城景区,景点景区,国家4A旅游景区。所属地：四川·成都市·双流区。地址：四川天府大道南沿线麓湖生态城艺展中心成都麓湖水城景区。,30.4687091,104.0566741,wgs84
战旗村景区,4A,四川,成都市,郫都区,四川成都市郫都区唐昌街道战旗村战旗村景区,景点景区,国家4A旅游景区。所属地：四川·成都市·郫都区。地址：四川成都市郫都区唐昌街道战旗村战旗村景区。,30.9407517,103.7917957,wgs84
古郎景区,4A,四川,泸州市,古蔺县,四川泸州市古蔺县东新镇李家寨古郎景区,景点景区,国家4A旅游景区。所属地：四川·泸州市·古蔺县。地址：四川泸州市古蔺县东新镇李家寨古郎景区。,28.0598995,106.1462178,wgs84
乐贤半岛旅游区,4A,四川,内江市,市中区,四川内江市市中区乐贤半岛乐贤半岛旅游区,景点景区,国家4A旅游景区。所属地：四川·内江市·市中区。地址：四川内江市市中区乐贤半岛乐贤半岛旅游区。,29.5574916,105.0641324,wgs84
金口河区大渡河金口大峡谷旅游景区,4A,四川,乐山市,金口河区,四川乐山市金口河区滨河路三段169号金口河区大渡河金口大峡谷旅游景区,景点景区,国家4A旅游景区。所属地：四川·乐山市·金口河区。地址：四川乐山市金口河区滨河路三段169号金口河区大渡河金口大峡谷旅游景区。,29.2903116,103.0223856,wgs84
大川河旅游景区,4A,四川,雅安市,芦山县,四川雅安市芦山县大川镇大川河旅游景区,景点景区,国家4A旅游景区。所属地：四川·雅安市·芦山县。地址：四川雅安市芦山县大川镇大川河旅游景区。,30.4888967,103.1003206,wgs84
宜宾横江古镇景区,4A,四川,宜宾市,叙州区,四川宜宾市叙州区横江镇宜宾横江古镇景区,景点景区,国家4A旅游景区。所属地：四川·宜宾市·叙州区。地址：四川宜宾市叙州区横江镇宜宾横江古镇景区。,28.5570251,104.3517803,wgs84
宜宾市珙县龙茶花海景区,4A,四川,宜宾市,珙县,四川宜宾市珙县巡场镇三合村宜宾市珙县龙茶花海景区,景点景区,国家4A旅游景区。所属地：四川·宜宾市·珙县。地址：四川宜宾市珙县巡场镇三合村宜宾市珙县龙茶花海景区。,28.4901801,104.6743360,wgs84
宜宾高县胜天红岩山旅游景区,4A,四川,宜宾市,高县,四川宜宾市高县胜天镇流米村宜宾高县胜天红岩山旅游景区,景点景区,国家4A旅游景区。所属地：四川·宜宾市·高县。地址：四川宜宾市高县胜天镇流米村宜宾高县胜天红岩山旅游景区。,28.7044925,104.7576478,wgs84
黑水奶子沟彩林公园旅游区,4A,四川,阿坝藏族羌族自治州,黑水县,四川阿坝州黑水县沙石多乡黑水奶子沟彩林公园旅游区,景点景区,国家4A旅游景区。所属地：四川·阿坝藏族羌族自治州·黑水县。地址：四川阿坝州黑水县沙石多乡黑水奶子沟彩林公园旅游区。,32.1773557,102.6910965,wgs84
金川县世外梨园景区,4A,四川,阿坝藏族羌族自治州,金川县,四川阿坝州金川县沙耳乡、庆宁乡金川县世外梨园景区,景点景区,国家4A旅游景区。所属地：四川·阿坝藏族羌族自治州·金川县。地址：四川阿坝州金川县沙耳乡、庆宁乡金川县世外梨园景区。,31.5513409,102.0600269,wgs84
马尔康市柯盘天街文化旅游景区,4A,四川,阿坝藏族羌族自治州,马尔康市,四川阿坝州马尔康市松岗镇马尔康市柯盘天街文化旅游景区,景点景区,国家4A旅游景区。所属地：四川·阿坝藏族羌族自治州·马尔康市。地址：四川阿坝州马尔康市松岗镇马尔康市柯盘天街文化旅游景区。,31.9221546,102.1076614,wgs84
若尔盖县花湖生态旅游区,4A,四川,阿坝藏族羌族自治州,若尔盖县,四川阿坝藏族羌族自治州若尔盖县213国道若尔盖县花湖生态旅游区,景点景区,国家4A旅游景区。所属地：四川·阿坝藏族羌族自治州·若尔盖县。地址：四川阿坝藏族羌族自治州若尔盖县213国道若尔盖县花湖生态旅游区。,33.5622049,102.9959595,wgs84
小金县两河口会议纪念地旅游景区,4A,四川,阿坝藏族羌族自治州,小金县,四川阿坝藏族羌族自治州小金县两河口镇小金县两河口会议纪念地旅游景区,景点景区,国家4A旅游景区。所属地：四川·阿坝藏族羌族自治州·小金县。地址：四川阿坝藏族羌族自治州小金县两河口镇小金县两河口会议纪念地旅游景区。,31.0711641,102.8772578,wgs84
广汉市易家河坝乡村旅游区,4A,四川,德阳市,广汉市,四川德阳市广汉市三水镇友谊村广汉市易家河坝乡村旅游区,景点景区,国家4A旅游景区。所属地：四川·德阳市·广汉市。地址：四川德阳市广汉市三水镇友谊村广汉市易家河坝乡村旅游区。,30.9479871,104.3803418,wgs84
岳池县岳池农家生态文化旅游区,4A,四川,广安市,岳池县,四川广安市岳池县白庙镇岳池县岳池农家生态文化旅游区,景点景区,国家4A旅游景区。所属地：四川·广安市·岳池县。地址：四川广安市岳池县白庙镇岳池县岳池农家生态文化旅游区。,30.5616879,106.3795206,wgs84
威远县世界无花果博览园旅游景区,4A,四川,内江市,威远县,四川内江市威远县向义镇威远县世界无花果博览园旅游景区,景点景区,国家4A旅游景区。所属地：四川·内江市·威远县。地址：四川内江市威远县向义镇威远县世界无花果博览园旅游景区。,29.4257496,104.6977321,wgs84
通江县唱歌石林旅游景区,4A,四川,巴中市,通江县,四川巴中市通江县唱歌乡通江县唱歌石林旅游景区,景点景区,国家4A旅游景区。所属地：四川·巴中市·通江县。地址：四川巴中市通江县唱歌乡通江县唱歌石林旅游景区。,31.9404808,107.4387368,wgs84
利州区芳香南山景区,4A,四川,广元市,利州区,四川广元市利州区龙潭乡利州区芳香南山景区,景点景区,国家4A旅游景区。所属地：四川·广元市·利州区。地址：四川广元市利州区龙潭乡利州区芳香南山景区。,32.3757920,105.7556344,wgs84
乡城县青德藏乡田园景区,4A,四川,甘孜藏族自治州,乡城县,四川乡城县青德镇仲德村乡城县青德藏乡田园景区,景点景区,国家4A旅游景区。所属地：四川·甘孜藏族自治州·乡城县。地址：四川乡城县青德镇仲德村乡城县青德藏乡田园景区。,28.8509611,99.8437286,wgs84
成都市崇州市天府国际慢城景区,4A,四川,成都市,崇州市,四川崇州市白头镇成都市崇州市天府国际慢城景区,景点景区,国家4A旅游景区。所属地：四川·成都市·崇州市。地址：四川崇州市白头镇成都市崇州市天府国际慢城景区。,30.6047183,103.6302179,wgs84
成都市武侯区天府芙蓉园景区,4A,四川,成都市,武侯区,四川 成都市武侯区金花桥街道新苗社区成都市武侯区天府芙蓉园景区,景点景区,国家4A旅游景区。所属地：四川·成都市·武侯区。地址：四川 成都市武侯区金花桥街道新苗社区成都市武侯区天府芙蓉园景区。,30.5932915,103.9901355,wgs84
泸州市江阳区董允坝伞乡景区,4A,四川,泸州市,江阳区,四川泸州市江阳区分水岭镇董允坝村泸州市江阳区董允坝伞乡景区,景点景区,国家4A旅游景区。所属地：四川·泸州市·江阳区。地址：四川泸州市江阳区分水岭镇董允坝村泸州市江阳区董允坝伞乡景区。,28.8289708,105.5906592,wgs84
泸州市叙永县中国沈酒庄景区,4A,四川,泸州市,叙永县,四川泸州市叙永县向林镇泸州市叙永县中国沈酒庄景区,景点景区,国家4A旅游景区。所属地：四川·泸州市·叙永县。地址：四川泸州市叙永县向林镇泸州市叙永县中国沈酒庄景区。,28.4143485,105.4897044,wgs84
绵阳市梓潼县两弹城旅游景区,4A,四川,绵阳市,梓潼县,四川绵阳市梓潼县长卿镇绵阳市梓潼县两弹城旅游景区,景点景区,国家4A旅游景区。所属地：四川·绵阳市·梓潼县。地址：四川绵阳市梓潼县长卿镇绵阳市梓潼县两弹城旅游景区。,31.6113288,105.1359661,wgs84
广元市旺苍县米仓山大峡谷旅游景区,4A,四川,广元市,旺苍县,四川广元市旺苍县盐河镇广元市旺苍县米仓山大峡谷旅游景区,景点景区,国家4A旅游景区。所属地：四川·广元市·旺苍县。地址：四川广元市旺苍县盐河镇广元市旺苍县米仓山大峡谷旅游景区。,32.2304253,106.2819797,wgs84
南充市仪陇县德园景区,4A,四川,南充市,仪陇县,四川南充市仪陇县新政镇春晖路一段南充市仪陇县德园景区,景点景区,国家4A旅游景区。所属地：四川·南充市·仪陇县。地址：四川南充市仪陇县新政镇春晖路一段南充市仪陇县德园景区。,31.2665521,106.3037717,wgs84
达州市渠县文峰山文化旅游景区,4A,四川,达州市,渠县,四川达州市渠县天星街道文峰大道南路100米达州市渠县文峰山文化旅游景区,景点景区,国家4A旅游景区。所属地：四川·达州市·渠县。地址：四川达州市渠县天星街道文峰大道南路100米达州市渠县文峰山文化旅游景区。,30.8302078,106.9791445,wgs84
雅安市名山区牛碾坪景区,4A,四川,雅安市,名山区,四川雅安市名山区中峰镇海棠村雅安市名山区牛碾坪景区,景点景区,国家4A旅游景区。所属地：四川·雅安市·名山区。地址：四川雅安市名山区中峰镇海棠村雅安市名山区牛碾坪景区。,30.2010362,103.2046545,wgs84
雅安市名山区月亮湖景区,4A,四川,雅安市,名山区,四川雅安市名山区百丈镇解放村雅安市名山区月亮湖景区,景点景区,国家4A旅游景区。所属地：四川·雅安市·名山区。地址：四川雅安市名山区百丈镇解放村雅安市名山区月亮湖景区。,30.1620220,103.2520665,wgs84
甘孜州甘孜县格萨尔王城景区,4A,四川,甘孜藏族自治州,甘孜县,四川甘孜州甘孜县甘孜镇国道317旁甘孜州甘孜县格萨尔王城景区,景点景区,国家4A旅游景区。所属地：四川·甘孜藏族自治州·甘孜县。地址：四川甘孜州甘孜县甘孜镇国道317旁甘孜州甘孜县格萨尔王城景区。,31.6056997,100.0106376,wgs84
甘孜州德格县印经院景区,4A,四川,甘孜藏族自治州,德格县,四川甘孜州德格县更庆镇巴宫街甘孜州德格县印经院景区,景点景区,国家4A旅游景区。所属地：四川·甘孜藏族自治州·德格县。地址：四川甘孜州德格县更庆镇巴宫街甘孜州德格县印经院景区。,31.8075175,98.5795197,wgs84
甘孜州石渠县松格嘛尼石经城旅游景区,4A,四川,甘孜藏族自治州,石渠县,四川甘孜州石渠县阿日扎乡甘孜州石渠县松格嘛尼石经城旅游景区,景点景区,国家4A旅游景区。所属地：四川·甘孜藏族自治州·石渠县。地址：四川甘孜州石渠县阿日扎乡甘孜州石渠县松格嘛尼石经城旅游景区。,32.9952470,98.5326242,wgs84
凉山州会东县老君峰旅游景区,4A,四川,凉山彝族自治州,会东县,四川凉山州会东县铁柳镇人民村凉山州会东县老君峰旅游景区,景点景区,国家4A旅游景区。所属地：四川·凉山彝族自治州·会东县。地址：四川凉山州会东县铁柳镇人民村凉山州会东县老君峰旅游景区。,26.3603508,102.5133177,wgs84
凉山州西昌市茅坡樱红旅游景区,4A,四川,凉山彝族自治州,西昌市,四川凉山州西昌市樟木箐镇丘陵村凉山州西昌市茅坡樱红旅游景区,景点景区,国家4A旅游景区。所属地：四川·凉山彝族自治州·西昌市。地址：四川凉山州西昌市樟木箐镇丘陵村凉山州西昌市茅坡樱红旅游景区。,27.8369315,102.3420679,wgs84
成都市崇州市竹艺村景区,4A,四川,成都市,崇州市,四川四川省崇州市道明镇龙黄村十一组成都市崇州市竹艺村景区,景点景区,国家4A旅游景区。所属地：四川·成都市·崇州市。地址：四川四川省崇州市道明镇龙黄村十一组成都市崇州市竹艺村景区。,30.6573621,103.5962042,wgs84
攀枝花市米易县颛顼龙洞景区,4A,四川,攀枝花市,米易县,四川四川省攀枝花市米易县白马镇龙塘村攀枝花市米易县颛顼龙洞景区,景点景区,国家4A旅游景区。所属地：四川·攀枝花市·米易县。地址：四川四川省攀枝花市米易县白马镇龙塘村攀枝花市米易县颛顼龙洞景区。,27.0080907,102.2011143,wgs84
遂宁市射洪市舍得酒文化旅游区,4A,四川,遂宁市,射洪市,四川四川省遂宁市射洪沱牌镇沱牌大道999号遂宁市射洪市舍得酒文化旅游区,景点景区,国家4A旅游景区。所属地：四川·遂宁市·射洪市。地址：四川四川省遂宁市射洪沱牌镇沱牌大道999号遂宁市射洪市舍得酒文化旅游区。,30.7382218,105.4206402,wgs84
内江市威远县石板河旅游区,4A,四川,内江市,威远县,四川威远县连界镇五堡墩村、民新村、石板河社区内江市威远县石板河旅游区,景点景区,国家4A旅游景区。所属地：四川·内江市·威远县。地址：四川威远县连界镇五堡墩村、民新村、石板河社区内江市威远县石板河旅游区。,29.6966593,104.5058035,wgs84
内江市资中县罗泉古镇旅游景区,4A,四川,内江市,资中县,四川资中县罗泉镇禹王宫社区一组内江市资中县罗泉古镇旅游景区,景点景区,国家4A旅游景区。所属地：四川·内江市·资中县。地址：四川资中县罗泉镇禹王宫社区一组内江市资中县罗泉古镇旅游景区。,29.8289721,104.5034533,wgs84
乐山市夹江县东风堰-千佛岩景区,4A,四川,乐山市,夹江县,四川乐山市夹江县青衣街道千佛社区乐山市夹江县东风堰-千佛岩景区,景点景区,国家4A旅游景区。所属地：四川·乐山市·夹江县。地址：四川乐山市夹江县青衣街道千佛社区乐山市夹江县东风堰-千佛岩景区。,29.7441329,103.5620404,wgs84
南充市营山县进士文化旅游景区,4A,四川,南充市,营山县,四川营山县朗池镇白塔大道 南充市营山县进士文化旅游景区,景点景区,国家4A旅游景区。所属地：四川·南充市·营山县。地址：四川营山县朗池镇白塔大道 南充市营山县进士文化旅游景区。,31.0808428,106.5596652,wgs84
宜宾市长宁县佛来山旅游景区,4A,四川,宜宾市,长宁县,四川四川省长宁县长宁镇佛梨村宜宾市长宁县佛来山旅游景区,景点景区,国家4A旅游景区。所属地：四川·宜宾市·长宁县。地址：四川四川省长宁县长宁镇佛梨村宜宾市长宁县佛来山旅游景区。,28.6332797,104.9610540,wgs84
宜宾市高县大雁岭旅游景区,4A,四川,宜宾市,高县,四川四川省高县来复镇大屋村宜宾市高县大雁岭旅游景区,景点景区,国家4A旅游景区。所属地：四川·宜宾市·高县。地址：四川四川省高县来复镇大屋村宜宾市高县大雁岭旅游景区。,28.4385147,104.5158134,wgs84
宜宾市兴文县僰人巨石阵景区,4A,四川,宜宾市,兴文县,四川四川省兴文县僰王山镇永寿村宜宾市兴文县僰人巨石阵景区,景点景区,国家4A旅游景区。所属地：四川·宜宾市·兴文县。地址：四川四川省兴文县僰王山镇永寿村宜宾市兴文县僰人巨石阵景区。,28.2962189,105.1269440,wgs84
达州市达川区乌梅山旅游景区,4A,四川,达州市,达川区,四川达州市达川区百节镇赵家坝村达州市达川区乌梅山旅游景区,景点景区,国家4A旅游景区。所属地：四川·达州市·达川区。地址：四川达州市达川区百节镇赵家坝村达州市达川区乌梅山旅游景区。,31.0149036,107.4797454,wgs84
巴中市经开区九寨山景区,4A,四川,巴中市,巴州区,四川巴中经济开发区兴文街道九寨山景区（火车东站斜对面）巴中市经开区九寨山景区,景点景区,国家4A旅游景区。所属地：四川·巴中市·巴州区。地址：四川巴中经济开发区兴文街道九寨山景区（火车东站斜对面）巴中市经开区九寨山景区。,31.8390118,106.8552211,wgs84
阿坝州壤塘县壤巴拉文化旅游景区,4A,四川,阿坝藏族羌族自治州,壤塘县,四川阿坝州壤塘县中壤塘镇境内阿坝州壤塘县壤巴拉文化旅游景区,景点景区,国家4A旅游景区。所属地：四川·阿坝藏族羌族自治州·壤塘县。地址：四川阿坝州壤塘县中壤塘镇境内阿坝州壤塘县壤巴拉文化旅游景区。,32.3489489,101.1748641,wgs84
阿坝州九寨沟县嫩恩桑措旅游景区,4A,四川,阿坝藏族羌族自治州,九寨沟县,四川阿坝州九寨沟县漳扎镇和大录乡境内阿坝州九寨沟县嫩恩桑措旅游景区,景点景区,国家4A旅游景区。所属地：四川·阿坝藏族羌族自治州·九寨沟县。地址：四川阿坝州九寨沟县漳扎镇和大录乡境内阿坝州九寨沟县嫩恩桑措旅游景区。,33.3730804,103.6859557,wgs84
道孚县亚拉雪山景区,4A,四川,甘孜藏族自治州,道孚县,四川道孚县泰宁镇道孚县亚拉雪山景区,景点景区,国家4A旅游景区。所属地：四川·甘孜藏族自治州·道孚县。地址：四川道孚县泰宁镇道孚县亚拉雪山景区。,30.5417091,101.5906168,wgs84
甘孜州色达县瓦须部落文化旅游景区,4A,四川,甘孜藏族自治州,色达县,四川色达县洛若镇甘孜州色达县瓦须部落文化旅游景区,景点景区,国家4A旅游景区。所属地：四川·甘孜藏族自治州·色达县。地址：四川色达县洛若镇甘孜州色达县瓦须部落文化旅游景区。,32.1632475,100.4611410,wgs84
甘孜州理塘县藏巴拉花海景区,4A,四川,甘孜藏族自治州,理塘县,四川理塘县濯桑乡甘孜州理塘县藏巴拉花海景区,景点景区,国家4A旅游景区。所属地：四川·甘孜藏族自治州·理塘县。地址：四川理塘县濯桑乡甘孜州理塘县藏巴拉花海景区。,29.6756117,100.3710308,wgs84
甘孜州巴塘县措普沟景区,4A,四川,甘孜藏族自治州,巴塘县,四川巴塘县察洛乡甘孜州巴塘县措普沟景区,景点景区,国家4A旅游景区。所属地：四川·甘孜藏族自治州·巴塘县。地址：四川巴塘县察洛乡甘孜州巴塘县措普沟景区。,30.3452577,99.4466261,wgs84
甘孜州稻城县桑堆河谷红草湿地景区,4A,四川,甘孜藏族自治州,稻城县,四川稻城县桑堆镇国道227沿线甘孜州稻城县桑堆河谷红草湿地景区,景点景区,国家4A旅游景区。所属地：四川·甘孜藏族自治州·稻城县。地址：四川稻城县桑堆镇国道227沿线甘孜州稻城县桑堆河谷红草湿地景区。,29.1940021,100.1075597,wgs84
巴中市平昌县大石童话小镇旅游景区,4A,四川,巴中市,平昌县,四川巴中市平昌县板庙镇大石社区巴中市平昌县大石童话小镇旅游景区,景点景区,国家4A旅游景区。所属地：四川·巴中市·平昌县。地址：四川巴中市平昌县板庙镇大石社区巴中市平昌县大石童话小镇旅游景区。,31.5464856,107.1832783,wgs84
凉山州雷波县马湖旅游景区,4A,四川,凉山彝族自治州,雷波县,四川四川省凉山彝族自治州雷波县黄琅镇大海村凉山州雷波县马湖旅游景区,景点景区,国家4A旅游景区。所属地：四川·凉山彝族自治州·雷波县。地址：四川四川省凉山彝族自治州雷波县黄琅镇大海村凉山州雷波县马湖旅游景区。,28.4141447,103.7708299,wgs84
白鹤滩国家湿地公园,4A,四川,成都市,新津区,四川四川省成都市新津区五津街道兴园三路251号白鹤滩国家湿地公园,景点景区,国家4A旅游景区。所属地：四川·成都市·新津区。地址：四川四川省成都市新津区五津街道兴园三路251号白鹤滩国家湿地公园。,30.4393881,103.8092927,wgs84
凤凰湖旅游景区,4A,四川,成都市,青白江区,四川四川省成都市青白江区凤凰大道三道299号凤凰湖旅游景区,景点景区,国家4A旅游景区。所属地：四川·成都市·青白江区。地址：四川四川省成都市青白江区凤凰大道三道299号凤凰湖旅游景区。,30.8911099,104.2842855,wgs84
赵化古镇景区,4A,四川,自贡市,富顺县,四川富顺县赵化镇普安路350号赵化古镇景区,景点景区,国家4A旅游景区。所属地：四川·自贡市·富顺县。地址：四川富顺县赵化镇普安路350号赵化古镇景区。,29.0250012,105.1199534,wgs84
米易傈僳梯田景区,4A,四川,攀枝花市,米易县,四川攀枝花市米易县新山傈僳族乡米易傈僳梯田景区,景点景区,国家4A旅游景区。所属地：四川·攀枝花市·米易县。地址：四川攀枝花市米易县新山傈僳族乡米易傈僳梯田景区。,26.8144332,102.1648685,wgs84
孝泉大孝故里景区,4A,四川,德阳市,旌阳区,四川四川省德阳市旌阳区孝泉镇孝泉大孝故里景区,景点景区,国家4A旅游景区。所属地：四川·德阳市·旌阳区。地址：四川四川省德阳市旌阳区孝泉镇孝泉大孝故里景区。,31.2404457,104.2750339,wgs84
平武县印象梅林景区,4A,四川,绵阳市,平武县,四川四川省绵阳市平武县平通羌族乡桅杆村平武县印象梅林景区,景点景区,国家4A旅游景区。所属地：四川·绵阳市·平武县。地址：四川四川省绵阳市平武县平通羌族乡桅杆村平武县印象梅林景区。,32.0563082,104.6856625,wgs84
古佛顶旅游景区,4A,四川,内江市,威远县,四川威远县新场镇曹胜村12、16、17、18、24组古佛顶旅游景区,景点景区,国家4A旅游景区。所属地：四川·内江市·威远县。地址：四川威远县新场镇曹胜村12、16、17、18、24组古佛顶旅游景区。,29.5958442,104.5693826,wgs84
沫若戏剧文创园景区,4A,四川,乐山市,沙湾区,四川乐山市沙湾区乐沙城际生态大道生态河二桥沫若戏剧小镇沫若戏剧文创园景区,景点景区,国家4A旅游景区。所属地：四川·乐山市·沙湾区。地址：四川乐山市沙湾区乐沙城际生态大道生态河二桥沫若戏剧小镇沫若戏剧文创园景区。,29.4362442,103.5585921,wgs84
鹤鸣山旅游景区,4A,四川,南充市,高坪区,四川南充市高坪区环塔路112号鹤鸣山旅游景区,景点景区,国家4A旅游景区。所属地：四川·南充市·高坪区。地址：四川南充市高坪区环塔路112号鹤鸣山旅游景区。,30.7871444,106.0985973,wgs84
翠屏山景区,4A,四川,宜宾市,翠屏区,四川宜宾市翠屏区翠屏路239号翠屏山景区,景点景区,国家4A旅游景区。所属地：四川·宜宾市·翠屏区。地址：四川宜宾市翠屏区翠屏路239号翠屏山景区。,28.7619861,104.6421534,wgs84
神剑园景区,4A,四川,达州市,通川区,四川达州市通川区罗江镇将军路288号神剑园景区,景点景区,国家4A旅游景区。所属地：四川·达州市·通川区。地址：四川达州市通川区罗江镇将军路288号神剑园景区。,31.3086242,107.5290887,wgs84
王岗坪景区,4A,四川,雅安市,石棉县,四川雅安市石棉县王岗坪乡王岗坪景区,景点景区,国家4A旅游景区。所属地：四川·雅安市·石棉县。地址：四川雅安市石棉县王岗坪乡王岗坪景区。,29.4378597,102.2347373,wgs84
彭祖山景区,4A,四川,眉山市,彭山区,四川彭山区江口镇彭祖山景区,景点景区,国家4A旅游景区。所属地：四川·眉山市·彭山区。地址：四川彭山区江口镇彭祖山景区。,30.2263330,103.9225818,wgs84
老峨山旅游景区,4A,四川,眉山市,丹棱县,四川丹棱县张场镇峨山村5组老峨山旅游景区,景点景区,国家4A旅游景区。所属地：四川·眉山市·丹棱县。地址：四川丹棱县张场镇峨山村5组老峨山旅游景区。,30.0743823,103.3380375,wgs84
莲宝叶则·石头山景区,4A,四川,阿坝藏族羌族自治州,阿坝县,四川阿坝县龙藏乡塔拉村莲宝叶则·石头山景区,景点景区,国家4A旅游景区。所属地：四川·阿坝藏族羌族自治州·阿坝县。地址：四川阿坝县龙藏乡塔拉村莲宝叶则·石头山景区。,32.9291792,101.6992991,wgs84
爱情海景区,4A,四川,阿坝藏族羌族自治州,九寨沟县,四川四川省阿坝州九寨沟县漳扎镇甘海子村爱情海景区,景点景区,国家4A旅游景区。所属地：四川·阿坝藏族羌族自治州·九寨沟县。地址：四川四川省阿坝州九寨沟县漳扎镇甘海子村爱情海景区。,33.2482334,103.7531823,wgs84
康巴汉子村旅游景区,4A,四川,甘孜藏族自治州,雅江县,四川甘孜州雅江县西俄洛镇杰珠村康巴汉子村旅游景区,景点景区,国家4A旅游景区。所属地：四川·甘孜藏族自治州·雅江县。地址：四川甘孜州雅江县西俄洛镇杰珠村康巴汉子村旅游景区。,30.0219746,100.7172945,wgs84
查呈沟天浴温泉景区,4A,四川,甘孜藏族自治州,乡城县,四川甘孜州乡城县克麦村查呈沟天浴温泉景区,景点景区,国家4A旅游景区。所属地：四川·甘孜藏族自治州·乡城县。地址：四川甘孜州乡城县克麦村查呈沟天浴温泉景区。,28.7185209,99.8881183,wgs84
瓦卡情舞花海景区,4A,四川,甘孜藏族自治州,得荣县,四川甘孜州得荣县瓦卡镇瓦卡情舞花海景区,景点景区,国家4A旅游景区。所属地：四川·甘孜藏族自治州·得荣县。地址：四川甘孜州得荣县瓦卡镇瓦卡情舞花海景区。,28.2826171,99.3377176,wgs84
康巴文都景区,4A,四川,甘孜藏族自治州,德格县,四川德格县更庆镇八一桥村康巴文都景区,景点景区,国家4A旅游景区。所属地：四川·甘孜藏族自治州·德格县。地址：四川德格县更庆镇八一桥村康巴文都景区。,31.7692435,98.5581396,wgs84
拉龙措古冰漂湿地旅游景区,4A,四川,甘孜藏族自治州,白玉县,四川甘孜州白玉县纳塔乡纳塔村拉龙措古冰漂湿地旅游景区,景点景区,国家4A旅游景区。所属地：四川·甘孜藏族自治州·白玉县。地址：四川甘孜州白玉县纳塔乡纳塔村拉龙措古冰漂湿地旅游景区。,31.0212276,99.6895930,wgs84
公母山景区,4A,四川,凉山彝族自治州,盐源县,四川盐源县润盐镇龙口河村公母山景区,景点景区,国家4A旅游景区。所属地：四川·凉山彝族自治州·盐源县。地址：四川盐源县润盐镇龙口河村公母山景区。,27.3837961,101.5866445,wgs84
丹景台旅游景区,4A,四川,成都市,彭州市,四川成都市东部新区丹景街道丹景台旅游景区,景点景区,国家4A旅游景区。所属地：四川·成都市·彭州市。地址：四川成都市东部新区丹景街道丹景台旅游景区。,31.0906423,103.8313802,wgs84
中华彩灯大世界景区,4A,四川,自贡市,大安区,四川四川省自贡市大安区东盐都大道中华彩灯大世界中华彩灯大世界景区,景点景区,国家4A旅游景区。所属地：四川·自贡市·大安区。地址：四川四川省自贡市大安区东盐都大道中华彩灯大世界中华彩灯大世界景区。,29.3732436,104.8452829,wgs84
迤沙拉景区,4A,四川,攀枝花市,仁和区,四川攀枝花市仁和区平地镇迤沙拉村二组迤沙拉景区,景点景区,国家4A旅游景区。所属地：四川·攀枝花市·仁和区。地址：四川攀枝花市仁和区平地镇迤沙拉村二组迤沙拉景区。,26.2185297,101.8705465,wgs84
中华洞天旅游景区,4A,四川,绵阳市,江油市,四川绵阳市江油市含增镇含增村中华洞天旅游景区,景点景区,国家4A旅游景区。所属地：四川·绵阳市·江油市。地址：四川绵阳市江油市含增镇含增村中华洞天旅游景区。,31.7669851,104.6101403,wgs84
海龙凯歌景区,4A,四川,遂宁市,安居区,四川安居区常理镇海龙村海龙凯歌景区,景点景区,国家4A旅游景区。所属地：四川·遂宁市·安居区。地址：四川安居区常理镇海龙村海龙凯歌景区。,30.5094811,105.4163299,wgs84
高峰山景区,4A,四川,遂宁市,蓬溪县,四川遂宁市蓬溪县文井镇高峰山景区,景点景区,国家4A旅游景区。所属地：四川·遂宁市·蓬溪县。地址：四川遂宁市蓬溪县文井镇高峰山景区。,30.9179404,105.6467473,wgs84
世界茉莉博览园,4A,四川,乐山市,犍为县,四川犍为县清溪镇灌引村世界茉莉博览园,景点景区,国家4A旅游景区。所属地：四川·乐山市·犍为县。地址：四川犍为县清溪镇灌引村世界茉莉博览园。,29.1736892,103.9012723,wgs84
相如故城旅游景区,4A,四川,南充市,蓬安县,四川南充市蓬安县相如街道办滨河北路二段金博国际二楼相如故城旅游景区,景点景区,国家4A旅游景区。所属地：四川·南充市·蓬安县。地址：四川南充市蓬安县相如街道办滨河北路二段金博国际二楼相如故城旅游景区。,31.0241167,106.4227042,wgs84
渔人部落旅游景区,4A,四川,达州市,大竹县,四川达州市大竹县庙坝镇五桂村7组渔人部落旅游景区,景点景区,国家4A旅游景区。所属地：四川·达州市·大竹县。地址：四川达州市大竹县庙坝镇五桂村7组渔人部落旅游景区。,30.6200879,107.1019391,wgs84
金山景区,4A,四川,达州市,开江县,四川达州市开江县普安镇玉皇观村六组金山景区,景点景区,国家4A旅游景区。所属地：四川·达州市·开江县。地址：四川达州市开江县普安镇玉皇观村六组金山景区。,31.1015166,107.7917414,wgs84
严道古城旅游景区,4A,四川,雅安市,荥经县,四川雅安市荥经县严道街道青华街严道古城旅游景区,景点景区,国家4A旅游景区。所属地：四川·雅安市·荥经县。地址：四川雅安市荥经县严道街道青华街严道古城旅游景区。,29.7982362,102.8247565,wgs84
宝森柠檬旅游区,4A,四川,资阳市,安岳县,四川资阳市安岳县文化镇燕桥村宝森柠檬旅游区,景点景区,国家4A旅游景区。所属地：四川·资阳市·安岳县。地址：四川资阳市安岳县文化镇燕桥村宝森柠檬旅游区。,30.0029935,105.2788427,wgs84
三奥雪山景区,4A,四川,阿坝藏族羌族自治州,黑水县,四川黑水县芦花镇三奥雪山景区,景点景区,国家4A旅游景区。所属地：四川·阿坝藏族羌族自治州·黑水县。地址：四川黑水县芦花镇三奥雪山景区。,32.0652284,102.9886862,wgs84
漫泽塘景区,4A,四川,阿坝藏族羌族自治州,阿坝县,四川阿坝县贾洛镇漫泽塘景区,景点景区,国家4A旅游景区。所属地：四川·阿坝藏族羌族自治州·阿坝县。地址：四川阿坝县贾洛镇漫泽塘景区。,33.1601106,102.0190947,wgs84
十八军窑洞群遗址景区,4A,四川,甘孜藏族自治州,甘孜县,四川甘孜县甘孜镇布绒郎山十八军窑洞群遗址景区,景点景区,国家4A旅游景区。所属地：四川·甘孜藏族自治州·甘孜县。地址：四川甘孜县甘孜镇布绒郎山十八军窑洞群遗址景区。,31.6273443,99.9886375,wgs84
建昌古城景区,4A,四川,凉山彝族自治州,西昌市,四川凉山州西昌市府街老统部巷19号建昌古城景区,景点景区,国家4A旅游景区。所属地：四川·凉山彝族自治州·西昌市。地址：四川凉山州西昌市府街老统部巷19号建昌古城景区。,27.8955707,102.2724106,wgs84
色拉尼布景区,4A,四川,凉山彝族自治州,木里藏族自治县,四川木里县瓦厂镇色拉尼布景区,景点景区,国家4A旅游景区。所属地：四川·凉山彝族自治州·木里藏族自治县。地址：四川木里县瓦厂镇色拉尼布景区。,28.1483498,100.8420370,wgs84
贵阳市花溪青岩古镇景区,5A,贵州,贵阳市,花溪区,贵州省贵阳市花溪区青岩镇南门游客中心贵阳市花溪青岩古镇景区,景点景区,国家5A旅游景区。所属地：贵州·贵阳市·花溪区。地址：贵州省贵阳市花溪区青岩镇南门游客中心贵阳市花溪青岩古镇景区。,26.3333365,106.6847824,wgs84
贵阳市乌当万象温泉景区,4A,贵州,贵阳市,乌当区,贵州省贵阳市乌当区新添大道北段150号贵阳市乌当万象温泉景区,景点景区,国家4A旅游景区。所属地：贵州·贵阳市·乌当区。地址：贵州省贵阳市乌当区新添大道北段150号贵阳市乌当万象温泉景区。,26.6537039,106.7786451,wgs84
贵阳市白云泉湖公园景区,4A,贵州,贵阳市,白云区,贵州省贵阳市白云区泉湖景区贵阳市白云泉湖公园景区,景点景区,国家4A旅游景区。所属地：贵州·贵阳市·白云区。地址：贵州省贵阳市白云区泉湖景区贵阳市白云泉湖公园景区。,26.6770804,106.6172968,wgs84
贵阳市乌当乐湾国际温泉旅游区,4A,贵州,贵阳市,乌当区,贵州省贵阳市乌当区东风镇渔洞峡路88号乐湾国际后所新村1号楼1层1号、2层1号贵阳市乌当乐湾国际温泉旅游区,景点景区,国家4A旅游景区。所属地：贵州·贵阳市·乌当区。地址：贵州省贵阳市乌当区东风镇渔洞峡路88号乐湾国际后所新村1号楼1层1号、2层1号贵阳市乌当乐湾国际温泉旅游区。,26.6362781,106.8203946,wgs84
贵阳市双龙多彩贵州风景眼文创园,4A,贵州,贵阳市,南明区,贵州省贵阳市双龙航空港经济区龙洞堡小碧乡多彩品牌研发基地贵阳市双龙多彩贵州风景眼文创园,景点景区,国家4A旅游景区。所属地：贵州·贵阳市·南明区。地址：贵州省贵阳市双龙航空港经济区龙洞堡小碧乡多彩品牌研发基地贵阳市双龙多彩贵州风景眼文创园。,26.5353295,106.7711992,wgs84
贵阳市修文黔贵六广温泉旅游景区,4A,贵州,贵阳市,修文县,贵州省贵阳市修文县六广镇阳明码头贵阳市修文黔贵六广温泉旅游景区,景点景区,国家4A旅游景区。所属地：贵州·贵阳市·修文县。地址：贵州省贵阳市修文县六广镇阳明码头贵阳市修文黔贵六广温泉旅游景区。,27.0028155,106.4339235,wgs84
贵阳市清镇乡愁贵州景区,4A,贵州,贵阳市,清镇市,贵州省贵阳市清镇市乡愁大道中段乡愁溯源学堂贵阳市清镇乡愁贵州景区,景点景区,国家4A旅游景区。所属地：贵州·贵阳市·清镇市。地址：贵州省贵阳市清镇市乡愁大道中段乡愁溯源学堂贵阳市清镇乡愁贵州景区。,26.5858744,106.4055483,wgs84
贵阳市贵安云漫湖休闲旅游景区,4A,贵州,贵阳市,花溪区,贵州省贵安新区黔中路与北斗湖支路交汇处贵阳市贵安云漫湖休闲旅游景区,景点景区,国家4A旅游景区。所属地：贵州·贵阳市·花溪区。地址：贵州省贵安新区黔中路与北斗湖支路交汇处贵阳市贵安云漫湖休闲旅游景区。,26.4092845,106.5449469,wgs84
贵阳市修文阳明文化园旅游景区,4A,贵州,贵阳市,修文县,贵州省贵阳市修文县阳明洞街道格致路贵阳市修文阳明文化园旅游景区,景点景区,国家4A旅游景区。所属地：贵州·贵阳市·修文县。地址：贵州省贵阳市修文县阳明洞街道格致路贵阳市修文阳明文化园旅游景区。,26.8489733,106.6034086,wgs84
贵阳市清镇时光贵州旅游区,4A,贵州,贵阳市,云岩区,贵州省清镇金清快速通道与百花大道交汇处贵阳市清镇时光贵州旅游区,景点景区,国家4A旅游景区。所属地：贵州·贵阳市·云岩区。地址：贵州省清镇金清快速通道与百花大道交汇处贵阳市清镇时光贵州旅游区。,26.5802477,106.6438401,wgs84
贵阳市双龙多彩贵州城旅游综合体,4A,贵州,贵阳市,南明区,贵州省贵阳市双龙航空港经济区龙洞堡老里坡1号贵阳市双龙多彩贵州城旅游综合体,景点景区,国家4A旅游景区。所属地：贵州·贵阳市·南明区。地址：贵州省贵阳市双龙航空港经济区龙洞堡老里坡1号贵阳市双龙多彩贵州城旅游综合体。,26.5324032,106.7870007,wgs84
贵阳市息烽集中营革命历史纪念馆景区,4A,贵州,贵阳市,息烽县,贵州省贵阳市息烽县永阳街道猫洞村贵阳市息烽集中营革命历史纪念馆景区,景点景区,国家4A旅游景区。所属地：贵州·贵阳市·息烽县。地址：贵州省贵阳市息烽县永阳街道猫洞村贵阳市息烽集中营革命历史纪念馆景区。,27.0448642,106.7375656,wgs84
贵阳市白云蓬莱仙界·白云休闲农业旅游景区,4A,贵州,贵阳市,白云区,贵州省贵阳市白云区牛场乡蓬莱村贵阳市白云蓬莱仙界·白云休闲农业旅游景区,景点景区,国家4A旅游景区。所属地：贵州·贵阳市·白云区。地址：贵州省贵阳市白云区牛场乡蓬莱村贵阳市白云蓬莱仙界·白云休闲农业旅游景区。,26.7500403,106.7278044,wgs84
贵阳市花溪湿地公园（孔学堂）景区,4A,贵州,贵阳市,花溪区,贵州省贵阳花溪区花溪大道南段2609号贵阳市花溪湿地公园（孔学堂）景区,景点景区,国家4A旅游景区。所属地：贵州·贵阳市·花溪区。地址：贵州省贵阳花溪区花溪大道南段2609号贵阳市花溪湿地公园（孔学堂）景区。,26.4429422,106.6730532,wgs84
贵阳市开阳白马峪旅游景区,4A,贵州,贵阳市,开阳县,贵州省开阳县双流镇白马村热水组贵阳市开阳白马峪旅游景区,景点景区,国家4A旅游景区。所属地：贵州·贵阳市·开阳县。地址：贵州省开阳县双流镇白马村热水组贵阳市开阳白马峪旅游景区。,27.0457406,106.9732471,wgs84
贵阳市修文桃源河旅游景区,4A,贵州,贵阳市,修文县,贵州省修文县桃源河旅游景区贵阳市修文桃源河旅游景区,景点景区,国家4A旅游景区。所属地：贵州·贵阳市·修文县。地址：贵州省修文县桃源河旅游景区贵阳市修文桃源河旅游景区。,26.8878381,106.7908061,wgs84
贵阳市乌当贵御温泉旅游景区,4A,贵州,贵阳市,乌当区,贵州省贵阳市乌当区新添寨温泉路479号贵阳市乌当贵御温泉旅游景区,景点景区,国家4A旅游景区。所属地：贵州·贵阳市·乌当区。地址：贵州省贵阳市乌当区新添寨温泉路479号贵阳市乌当贵御温泉旅游景区。,26.6191962,106.7668541,wgs84
贵阳市花溪天河潭景区,4A,贵州,贵阳市,花溪区,贵州省贵阳市花溪区石板镇天河潭风景区贵阳市花溪天河潭景区,景点景区,国家4A旅游景区。所属地：贵州·贵阳市·花溪区。地址：贵州省贵阳市花溪区石板镇天河潭风景区贵阳市花溪天河潭景区。,26.4413031,106.5750200,wgs84
贵阳市开阳南江大峡谷景区,4A,贵州,贵阳市,开阳县,贵州省贵阳市开阳县南江乡龙广村贵阳市开阳南江大峡谷景区,景点景区,国家4A旅游景区。所属地：贵州·贵阳市·开阳县。地址：贵州省贵阳市开阳县南江乡龙广村贵阳市开阳南江大峡谷景区。,26.9375998,106.9704995,wgs84
贵阳市乌当保利国际温泉景区,4A,贵州,贵阳市,乌当区,贵州省贵阳市乌当区顺海中路88号贵阳市乌当保利国际温泉景区,景点景区,国家4A旅游景区。所属地：贵州·贵阳市·乌当区。地址：贵州省贵阳市乌当区顺海中路88号贵阳市乌当保利国际温泉景区。,26.6127590,106.7557148,wgs84
贵阳市修文森林野生动物园景区,4A,贵州,贵阳市,修文县,贵州省贵阳市修文县景阳街道贵阳市修文森林野生动物园景区,景点景区,国家4A旅游景区。所属地：贵州·贵阳市·修文县。地址：贵州省贵阳市修文县景阳街道贵阳市修文森林野生动物园景区。,26.8637915,106.6901027,wgs84
贵阳市云岩黔灵山公园旅游景区,4A,贵州,贵阳市,云岩区,贵州省贵阳市枣山路187号贵阳市云岩黔灵山公园旅游景区,景点景区,国家4A旅游景区。所属地：贵州·贵阳市·云岩区。地址：贵州省贵阳市枣山路187号贵阳市云岩黔灵山公园旅游景区。,26.5911934,106.6940603,wgs84
贵阳市乌当羊昌·花画小镇旅游景区,4A,贵州,贵阳市,乌当区,贵州省贵阳市乌当区羊昌镇花画小镇贵阳市乌当羊昌·花画小镇旅游景区,景点景区,国家4A旅游景区。所属地：贵州·贵阳市·乌当区。地址：贵州省贵阳市乌当区羊昌镇花画小镇贵阳市乌当羊昌·花画小镇旅游景区。,26.8335331,106.8863360,wgs84
遵义市赤水丹霞旅游区,5A,贵州,遵义市,赤水市,贵州省遵义市赤水市复兴镇长江新村游客接待中心遵义市赤水丹霞旅游区,景点景区,国家5A旅游景区。所属地：贵州·遵义市·赤水市。地址：贵州省遵义市赤水市复兴镇长江新村游客接待中心遵义市赤水丹霞旅游区。,28.5314025,105.7010989,wgs84
遵义市播州太阳坪景区,4A,贵州,遵义市,播州区,贵州省遵义市播州区洪关苗族乡小坝场村青云路遵义市播州太阳坪景区,景点景区,国家4A旅游景区。所属地：贵州·遵义市·播州区。地址：贵州省遵义市播州区洪关苗族乡小坝场村青云路遵义市播州太阳坪景区。,27.6025731,106.3291263,wgs84
遵义市赤水丙安古镇景区,4A,贵州,遵义市,赤水市,贵州省赤水市丙安镇古景社区遵义市赤水丙安古镇景区,景点景区,国家4A旅游景区。所属地：贵州·遵义市·赤水市。地址：贵州省赤水市丙安镇古景社区遵义市赤水丙安古镇景区。,28.4721395,105.8279115,wgs84
遵义市绥阳清溪峡景区,4A,贵州,遵义市,绥阳县,贵州省绥阳县青杠塘镇遵义市绥阳清溪峡景区,景点景区,国家4A旅游景区。所属地：贵州·遵义市·绥阳县。地址：贵州省绥阳县青杠塘镇遵义市绥阳清溪峡景区。,28.3398386,107.1357741,wgs84
遵义市桐梓水银河大峡谷旅游景区,4A,贵州,遵义市,桐梓县,贵州省桐梓县木瓜镇水银村水银组遵义市桐梓水银河大峡谷旅游景区,景点景区,国家4A旅游景区。所属地：贵州·遵义市·桐梓县。地址：贵州省桐梓县木瓜镇水银村水银组遵义市桐梓水银河大峡谷旅游景区。,28.6406650,106.9572662,wgs84
遵义市播州苟坝红色旅游景区,4A,贵州,遵义市,播州区,贵州省遵义市播州区枫香镇苟坝村遵义市播州苟坝红色旅游景区,景点景区,国家4A旅游景区。所属地：贵州·遵义市·播州区。地址：贵州省遵义市播州区枫香镇苟坝村遵义市播州苟坝红色旅游景区。,27.6448290,106.5697360,wgs84
遵义市正安桃花源记景区,4A,贵州,遵义市,正安县,贵州省正安县市坪乡龙坪村遵义市正安桃花源记景区,景点景区,国家4A旅游景区。所属地：贵州·遵义市·正安县。地址：贵州省正安县市坪乡龙坪村遵义市正安桃花源记景区。,28.2374055,107.5995153,wgs84
遵义市汇川海龙屯旅游景区,4A,贵州,遵义市,汇川区,贵州省遵义市汇川区高坪街道办遵义市汇川海龙屯旅游景区,景点景区,国家4A旅游景区。所属地：贵州·遵义市·汇川区。地址：贵州省遵义市汇川区高坪街道办遵义市汇川海龙屯旅游景区。,27.8121996,106.8162639,wgs84
遵义市绥阳红果树旅游景区,4A,贵州,遵义市,绥阳县,贵州省绥阳县大路槽乡遵义市绥阳红果树旅游景区,景点景区,国家4A旅游景区。所属地：贵州·遵义市·绥阳县。地址：贵州省绥阳县大路槽乡遵义市绥阳红果树旅游景区。,28.0127490,107.2995276,wgs84
遵义市桐梓杉坪旅游景区,4A,贵州,遵义市,桐梓县,贵州省桐梓县娄山关街道杉坪村遵义市桐梓杉坪旅游景区,景点景区,国家4A旅游景区。所属地：贵州·遵义市·桐梓县。地址：贵州省桐梓县娄山关街道杉坪村遵义市桐梓杉坪旅游景区。,28.0749215,106.8384298,wgs84
遵义市绥阳双门峡旅游景区,4A,贵州,遵义市,绥阳县,贵州省绥阳县风华镇莲峰村遵义市绥阳双门峡旅游景区,景点景区,国家4A旅游景区。所属地：贵州·遵义市·绥阳县。地址：贵州省绥阳县风华镇莲峰村遵义市绥阳双门峡旅游景区。,28.0156482,107.1066618,wgs84
遵义市习水土城古镇景区,4A,贵州,遵义市,习水县,贵州省遵义市习水县土城镇遵义市习水土城古镇景区,景点景区,国家4A旅游景区。所属地：贵州·遵义市·习水县。地址：贵州省遵义市习水县土城镇遵义市习水土城古镇景区。,28.2811172,105.9930813,wgs84
遵义市赤水四洞沟旅游景区,4A,贵州,遵义市,赤水市,贵州省赤水市大同镇四洞村遵义市赤水四洞沟旅游景区,景点景区,国家4A旅游景区。所属地：贵州·遵义市·赤水市。地址：贵州省赤水市大同镇四洞村遵义市赤水四洞沟旅游景区。,28.4808506,105.6500695,wgs84
遵义市仁怀茅台酒镇旅游区,4A,贵州,遵义市,仁怀市,贵州省仁怀市茅台镇中茅快速路牌坊旁遵义市仁怀茅台酒镇旅游区,景点景区,国家4A旅游景区。所属地：贵州·遵义市·仁怀市。地址：贵州省仁怀市茅台镇中茅快速路牌坊旁遵义市仁怀茅台酒镇旅游区。,27.8551596,106.3718364,wgs84
遵义市绥阳双河洞旅游景区,4A,贵州,遵义市,绥阳县,贵州省遵义市绥阳县温泉镇双河洞景区遵义市绥阳双河洞旅游景区,景点景区,国家4A旅游景区。所属地：贵州·遵义市·绥阳县。地址：贵州省遵义市绥阳县温泉镇双河洞景区遵义市绥阳双河洞旅游景区。,28.2419387,107.3004002,wgs84
遵义市习水中国丹霞谷旅游景区,4A,贵州,遵义市,习水县,贵州省习水县三岔河镇遵义市习水中国丹霞谷旅游景区,景点景区,国家4A旅游景区。所属地：贵州·遵义市·习水县。地址：贵州省习水县三岔河镇遵义市习水中国丹霞谷旅游景区。,28.5010625,106.4043104,wgs84
遵义市习水四渡赤水纪念馆景区,4A,贵州,遵义市,习水县,贵州省习水县土城镇遵义市习水四渡赤水纪念馆景区,景点景区,国家4A旅游景区。所属地：贵州·遵义市·习水县。地址：贵州省习水县土城镇遵义市习水四渡赤水纪念馆景区。,28.2796333,105.9950613,wgs84
遵义市湄潭茶海生态园景区,4A,贵州,遵义市,湄潭县,贵州省湄潭县湄江镇湄江北路遵义市湄潭茶海生态园景区,景点景区,国家4A旅游景区。所属地：贵州·遵义市·湄潭县。地址：贵州省湄潭县湄江镇湄江北路遵义市湄潭茶海生态园景区。,27.8016417,107.5520818,wgs84
遵义市务川仡佬文化旅游景区,4A,贵州,遵义市,绥阳县,贵州省务川县大坪镇遵义市务川仡佬文化旅游景区,景点景区,国家4A旅游景区。所属地：贵州·遵义市·绥阳县。地址：贵州省务川县大坪镇遵义市务川仡佬文化旅游景区。,27.9435412,107.0872146,wgs84
遵义市凤冈茶海之心景区,4A,贵州,遵义市,凤冈县,贵州省凤冈县茶海之心景区游客服务中心遵义市凤冈茶海之心景区,景点景区,国家4A旅游景区。所属地：贵州·遵义市·凤冈县。地址：贵州省凤冈县茶海之心景区游客服务中心遵义市凤冈茶海之心景区。,28.0803690,107.5668664,wgs84
遵义市仁怀中国酒文化城旅游景区,4A,贵州,遵义市,仁怀市,贵州省仁怀市茅台镇遵义市仁怀中国酒文化城旅游景区,景点景区,国家4A旅游景区。所属地：贵州·遵义市·仁怀市。地址：贵州省仁怀市茅台镇遵义市仁怀中国酒文化城旅游景区。,27.8533903,106.3670917,wgs84
遵义市新蒲水上大天门旅游景区,4A,贵州,遵义市,红花岗区,贵州省遵义市新蒲新区三渡镇花桥村遵义市新蒲水上大天门旅游景区,景点景区,国家4A旅游景区。所属地：贵州·遵义市·红花岗区。地址：贵州省遵义市新蒲新区三渡镇花桥村遵义市新蒲水上大天门旅游景区。,27.6380270,107.2867507,wgs84
遵义市赤水竹海旅游景区,4A,贵州,遵义市,赤水市,贵州省赤水市复兴镇长江村游客接待中心遵义市赤水竹海旅游景区,景点景区,国家4A旅游景区。所属地：贵州·遵义市·赤水市。地址：贵州省赤水市复兴镇长江村游客接待中心遵义市赤水竹海旅游景区。,28.5314025,105.7010989,wgs84
遵义市余庆飞龙寨景区,4A,贵州,遵义市,余庆县,贵州省余庆县花山乡花山村遵义市余庆飞龙寨景区,景点景区,国家4A旅游景区。所属地：贵州·遵义市·余庆县。地址：贵州省余庆县花山乡花山村遵义市余庆飞龙寨景区。,27.3835700,107.4559850,wgs84
遵义市汇川娄山关景区,4A,贵州,遵义市,汇川区,贵州省遵义市汇川区210国道板桥镇遵义市汇川娄山关景区,景点景区,国家4A旅游景区。所属地：贵州·遵义市·汇川区。地址：贵州省遵义市汇川区210国道板桥镇遵义市汇川娄山关景区。,28.0245043,106.8514124,wgs84
遵义市湄潭天下第一壶茶文化旅游景区,4A,贵州,遵义市,湄潭县,贵州省湄潭县湄江镇塔坪路遵义市湄潭天下第一壶茶文化旅游景区,景点景区,国家4A旅游景区。所属地：贵州·遵义市·湄潭县。地址：贵州省湄潭县湄江镇塔坪路遵义市湄潭天下第一壶茶文化旅游景区。,27.7632996,107.4820317,wgs84
遵义市红花岗遵义会议会址旅游景区,4A,贵州,遵义市,红花岗区,贵州省遵义市红花岗区子尹路96号遵义市红花岗遵义会议会址旅游景区,景点景区,国家4A旅游景区。所属地：贵州·遵义市·红花岗区。地址：贵州省遵义市红花岗区子尹路96号遵义市红花岗遵义会议会址旅游景区。,27.6912284,106.9157787,wgs84
安顺市黄果树旅游景区,5A,贵州,安顺市,镇宁布依族苗族自治县,贵州省安顺市黄果树风景名胜区安顺市黄果树旅游景区,景点景区,国家5A旅游景区。所属地：贵州·安顺市·镇宁布依族苗族自治县。地址：贵州省安顺市黄果树风景名胜区安顺市黄果树旅游景区。,25.9835716,105.6717991,wgs84
安顺市龙宫旅游景区,5A,贵州,安顺市,西秀区,贵州省安顺市龙宫风景名胜区龙宫镇安顺市龙宫旅游景区,景点景区,国家5A旅游景区。所属地：贵州·安顺市·西秀区。地址：贵州省安顺市龙宫风景名胜区龙宫镇安顺市龙宫旅游景区。,26.1237106,105.8926955,wgs84
安顺市平坝塘约旅游景区,4A,贵州,安顺市,平坝区,贵州省安顺市平坝区乐平镇塘约村安顺市平坝塘约旅游景区,景点景区,国家4A旅游景区。所属地：贵州·安顺市·平坝区。地址：贵州省安顺市平坝区乐平镇塘约村安顺市平坝塘约旅游景区。,26.4431016,106.1624226,wgs84
安顺市关岭古生物化石群旅游景区,4A,贵州,安顺市,关岭布依族苗族自治县,贵州省安顺市关岭县新铺镇卧龙村安顺市关岭古生物化石群旅游景区,景点景区,国家4A旅游景区。所属地：贵州·安顺市·关岭布依族苗族自治县。地址：贵州省安顺市关岭县新铺镇卧龙村安顺市关岭古生物化石群旅游景区。,25.6365079,105.7328937,wgs84
安顺市平坝小河湾美丽乡村旅游景区,4A,贵州,安顺市,平坝区,贵州省安顺市平坝区夏云镇安顺市平坝小河湾美丽乡村旅游景区,景点景区,国家4A旅游景区。所属地：贵州·安顺市·平坝区。地址：贵州省安顺市平坝区夏云镇安顺市平坝小河湾美丽乡村旅游景区。,26.4120618,106.3312922,wgs84
安顺市镇宁高荡千年布依古寨旅游景区,4A,贵州,安顺市,镇宁布依族苗族自治县,贵州省镇宁县环翠街道办高荡村安顺市镇宁高荡千年布依古寨旅游景区,景点景区,国家4A旅游景区。所属地：贵州·安顺市·镇宁布依族苗族自治县。地址：贵州省镇宁县环翠街道办高荡村安顺市镇宁高荡千年布依古寨旅游景区。,26.0756660,105.6900018,wgs84
安顺市西秀虹山湖旅游景区,4A,贵州,安顺市,西秀区,贵州省安顺市西秀区虹山湖路安顺市西秀虹山湖旅游景区,景点景区,国家4A旅游景区。所属地：贵州·安顺市·西秀区。地址：贵州省安顺市西秀区虹山湖路安顺市西秀虹山湖旅游景区。,26.2537542,105.9341424,wgs84
安顺市平坝天龙屯堡旅游景区,4A,贵州,安顺市,平坝区,贵州省平坝区天龙镇安顺市平坝天龙屯堡旅游景区,景点景区,国家4A旅游景区。所属地：贵州·安顺市·平坝区。地址：贵州省平坝区天龙镇安顺市平坝天龙屯堡旅游景区。,26.3577427,106.1595808,wgs84
安顺市紫云格凸河户外休闲旅游景区,4A,贵州,安顺市,紫云苗族布依族自治县,贵州省紫云县格凸河镇格凸河景区安顺市紫云格凸河户外休闲旅游景区,景点景区,国家4A旅游景区。所属地：贵州·安顺市·紫云苗族布依族自治县。地址：贵州省紫云县格凸河镇格凸河景区安顺市紫云格凸河户外休闲旅游景区。,25.6815030,106.2635128,wgs84
安顺市经开贵州多彩万象旅游综合体,4A,贵州,安顺市,西秀区,贵州省安顺市西航大道安顺市经开贵州多彩万象旅游综合体,景点景区,国家4A旅游景区。所属地：贵州·安顺市·西秀区。地址：贵州省安顺市西航大道安顺市经开贵州多彩万象旅游综合体。,26.2465534,105.9138323,wgs84
安顺市经开兴伟石博园,4A,贵州,安顺市,西秀区,贵州省安顺市开发区迎宾路安顺市经开兴伟石博园,景点景区,国家4A旅游景区。所属地：贵州·安顺市·西秀区。地址：贵州省安顺市开发区迎宾路安顺市经开兴伟石博园。,26.2341149,105.8814660,wgs84
安顺市西秀旧州生态文化旅游古镇景区,4A,贵州,安顺市,西秀区,贵州省安顺市旧州镇安顺市西秀旧州生态文化旅游古镇景区,景点景区,国家4A旅游景区。所属地：贵州·安顺市·西秀区。地址：贵州省安顺市旧州镇安顺市西秀旧州生态文化旅游古镇景区。,26.2534460,106.1387553,wgs84
安顺市西秀云峰八寨文化旅游区,4A,贵州,安顺市,西秀区,贵州省安顺市西秀区七眼桥镇雷屯村安顺市西秀云峰八寨文化旅游区,景点景区,国家4A旅游景区。所属地：贵州·安顺市·西秀区。地址：贵州省安顺市西秀区七眼桥镇雷屯村安顺市西秀云峰八寨文化旅游区。,26.2967962,106.0939623,wgs84
安顺市镇宁夜郎洞景区,4A,贵州,安顺市,镇宁布依族苗族自治县,贵州省镇宁自治县扁担山乡上硐村安顺市镇宁夜郎洞景区,景点景区,国家4A旅游景区。所属地：贵州·安顺市·镇宁布依族苗族自治县。地址：贵州省镇宁自治县扁担山乡上硐村安顺市镇宁夜郎洞景区。,26.0914133,105.6281784,wgs84
六盘水市盘州市胜境温泉旅游景区,4A,贵州,六盘水市,盘州市,贵州省盘州市刘官街道刘家湾村六盘水市盘州市胜境温泉旅游景区,景点景区,国家4A旅游景区。所属地：贵州·六盘水市·盘州市。地址：贵州省盘州市刘官街道刘家湾村六盘水市盘州市胜境温泉旅游景区。,25.8215113,104.6848773,wgs84
六盘水市六枝瀑布源龙井布依风情景区,4A,贵州,六盘水市,六枝特区,贵州省六盘水市六枝特区落别乡落别村龙井组六盘水市六枝瀑布源龙井布依风情景区,景点景区,国家4A旅游景区。所属地：贵州·六盘水市·六枝特区。地址：贵州省六盘水市六枝特区落别乡落别村龙井组六盘水市六枝瀑布源龙井布依风情景区。,26.1225579,105.5669547,wgs84
六盘水市六枝牂牁江景区,4A,贵州,六盘水市,六枝特区,贵州省六枝特区交通路政务服务中心四楼六盘水市六枝牂牁江景区,景点景区,国家4A旅游景区。所属地：贵州·六盘水市·六枝特区。地址：贵州省六枝特区交通路政务服务中心四楼六盘水市六枝牂牁江景区。,26.2265103,105.4619615,wgs84
六盘水市六枝迴龙溪康养休闲度假旅游景区,4A,贵州,六盘水市,六枝特区,贵州省六盘水六枝岩脚镇六盘水市六枝迴龙溪康养休闲度假旅游景区,景点景区,国家4A旅游景区。所属地：贵州·六盘水市·六枝特区。地址：贵州省六盘水六枝岩脚镇六盘水市六枝迴龙溪康养休闲度假旅游景区。,26.3472961,105.3852372,wgs84
六盘水市钟山贵州三线建设博物馆景区,4A,贵州,六盘水市,钟山区,贵州省六盘水市荷城街道六盘水市钟山贵州三线建设博物馆景区,景点景区,国家4A旅游景区。所属地：贵州·六盘水市·钟山区。地址：贵州省六盘水市荷城街道六盘水市钟山贵州三线建设博物馆景区。,26.5783245,104.8754001,wgs84
六盘水市水城百车河景区,4A,贵州,六盘水市,水城区,贵州省六盘水市水城区蟠龙镇百车河村六盘水市水城百车河景区,景点景区,国家4A旅游景区。所属地：贵州·六盘水市·水城区。地址：贵州省六盘水市水城区蟠龙镇百车河村六盘水市水城百车河景区。,26.4212784,105.0986846,wgs84
六盘水市钟山梅花山旅游景区,4A,贵州,六盘水市,钟山区,贵州省六盘水市钟山区双戛乡六盘水市钟山梅花山旅游景区,景点景区,国家4A旅游景区。所属地：贵州·六盘水市·钟山区。地址：贵州省六盘水市钟山区双戛乡六盘水市钟山梅花山旅游景区。,26.6168739,104.7773717,wgs84
六盘水市盘州乌蒙大草原景区,4A,贵州,六盘水市,盘州市,贵州省六盘水市盘州市坪地乡六盘水市盘州乌蒙大草原景区,景点景区,国家4A旅游景区。所属地：贵州·六盘水市·盘州市。地址：贵州省六盘水市盘州市坪地乡六盘水市盘州乌蒙大草原景区。,26.1588027,104.6146068,wgs84
六盘水市盘州娘娘山旅游景区,4A,贵州,六盘水市,盘州市,贵州省六盘水市盘州市普古乡舍烹村六盘水市盘州娘娘山旅游景区,景点景区,国家4A旅游景区。所属地：贵州·六盘水市·盘州市。地址：贵州省六盘水市盘州市普古乡舍烹村六盘水市盘州娘娘山旅游景区。,26.0784067,104.8540115,wgs84
六盘水市钟山韭菜坪旅游景区,4A,贵州,六盘水市,钟山区,贵州省六盘水市钟山区大湾镇韭菜坪景区六盘水市钟山韭菜坪旅游景区,景点景区,国家4A旅游景区。所属地：贵州·六盘水市·钟山区。地址：贵州省六盘水市钟山区大湾镇韭菜坪景区六盘水市钟山韭菜坪旅游景区。,26.8442101,104.6921504,wgs84
六盘水市盘州哒啦仙谷旅游景区,4A,贵州,六盘水市,盘州市,贵州省六盘水市盘州市两河街道办岩脚村六盘水市盘州哒啦仙谷旅游景区,景点景区,国家4A旅游景区。所属地：贵州·六盘水市·盘州市。地址：贵州省六盘水市盘州市两河街道办岩脚村六盘水市盘州哒啦仙谷旅游景区。,25.8763449,104.6065993,wgs84
六盘水市盘州妥乐古银杏旅游景区,4A,贵州,六盘水市,盘州市,贵州省六盘水市盘州市石桥镇妥乐村六盘水市盘州妥乐古银杏旅游景区,景点景区,国家4A旅游景区。所属地：贵州·六盘水市·盘州市。地址：贵州省六盘水市盘州市石桥镇妥乐村六盘水市盘州妥乐古银杏旅游景区。,25.6065453,104.5502511,wgs84
六盘水市水城玉舍森林旅游景区,4A,贵州,六盘水市,水城区,贵州省水城区海坪街道办海坪村六盘水市水城玉舍森林旅游景区,景点景区,国家4A旅游景区。所属地：贵州·六盘水市·水城区。地址：贵州省水城区海坪街道办海坪村六盘水市水城玉舍森林旅游景区。,26.4788085,104.7780675,wgs84
毕节市百里杜鹃景区,5A,贵州,毕节市,大方县,贵州省毕节市百里杜鹃管理区普底乡、金坡乡毕节市百里杜鹃景区,景点景区,国家5A旅游景区。所属地：贵州·毕节市·大方县。地址：贵州省毕节市百里杜鹃管理区普底乡、金坡乡毕节市百里杜鹃景区。,27.2268085,105.8368468,wgs84
毕节市织金洞景区,5A,贵州,毕节市,织金县,贵州省毕节市织金县官寨乡毕节市织金洞景区,景点景区,国家5A旅游景区。所属地：贵州·毕节市·织金县。地址：贵州省毕节市织金县官寨乡毕节市织金洞景区。,26.7631701,105.8856273,wgs84
毕节市百里杜鹃跳花坡景区,4A,贵州,毕节市,大方县,贵州省毕节市百里杜鹃管理区普底乡永兴村毕节市百里杜鹃跳花坡景区,景点景区,国家4A旅游景区。所属地：贵州·毕节市·大方县。地址：贵州省毕节市百里杜鹃管理区普底乡永兴村毕节市百里杜鹃跳花坡景区。,27.2149719,105.8641473,wgs84
毕节市大方油杉河景区,4A,贵州,毕节市,大方县,贵州省大方县雨冲乡油杉河村毕节市大方油杉河景区,景点景区,国家4A旅游景区。所属地：贵州·毕节市·大方县。地址：贵州省大方县雨冲乡油杉河村毕节市大方油杉河景区。,27.4158273,105.9227941,wgs84
毕节市大方九洞天景区,4A,贵州,毕节市,大方县,贵州省毕节市大方县猫场镇九洞天景区毕节市大方九洞天景区,景点景区,国家4A旅游景区。所属地：贵州·毕节市·大方县。地址：贵州省毕节市大方县猫场镇九洞天景区毕节市大方九洞天景区。,26.9864764,105.3466455,wgs84
毕节市纳雍总溪河旅游景区,4A,贵州,毕节市,纳雍县,贵州省毕节市纳雍县厍东关乡陶营村毕节市纳雍总溪河旅游景区,景点景区,国家4A旅游景区。所属地：贵州·毕节市·纳雍县。地址：贵州省毕节市纳雍县厍东关乡陶营村毕节市纳雍总溪河旅游景区。,27.0394298,105.2178006,wgs84
毕节市金海湖旅游区,4A,贵州,毕节市,大方县,贵州省毕节市金海湖新区金海湖办事处瓦厂村毕节市金海湖旅游区,景点景区,国家4A旅游景区。所属地：贵州·毕节市·大方县。地址：贵州省毕节市金海湖新区金海湖办事处瓦厂村毕节市金海湖旅游区。,27.2151137,105.4390909,wgs84
毕节市黔西中果河旅游景区,4A,贵州,毕节市,黔西市,贵州省黔西县中建乡中果河社区毕节市黔西中果河旅游景区,景点景区,国家4A旅游景区。所属地：贵州·毕节市·黔西市。地址：贵州省黔西县中建乡中果河社区毕节市黔西中果河旅游景区。,27.2795288,106.2866825,wgs84
毕节市大方奢香古镇景区,4A,贵州,毕节市,大方县,贵州省大方县九驿街道奢香古镇毕节市大方奢香古镇景区,景点景区,国家4A旅游景区。所属地：贵州·毕节市·大方县。地址：贵州省大方县九驿街道奢香古镇毕节市大方奢香古镇景区。,27.1901609,105.5978582,wgs84
毕节市赫章阿西里西韭菜坪旅游景区,4A,贵州,毕节市,赫章县,贵州省毕节市赫章县兴发乡中营村毕节市赫章阿西里西韭菜坪旅游景区,景点景区,国家4A旅游景区。所属地：贵州·毕节市·赫章县。地址：贵州省毕节市赫章县兴发乡中营村毕节市赫章阿西里西韭菜坪旅游景区。,26.9880673,104.7498905,wgs84
毕节市七星关森林公园拱拢坪景区,4A,贵州,毕节市,七星关区,贵州省毕节市七星关区杨家湾毕节市七星关森林公园拱拢坪景区,景点景区,国家4A旅游景区。所属地：贵州·毕节市·七星关区。地址：贵州省毕节市七星关区杨家湾毕节市七星关森林公园拱拢坪景区。,27.1784212,104.9756633,wgs84
毕节市大方慕俄格古彝文化旅游景区,4A,贵州,毕节市,大方县,贵州省大方县慕俄格古城管理处毕节市大方慕俄格古彝文化旅游景区,景点景区,国家4A旅游景区。所属地：贵州·毕节市·大方县。地址：贵州省大方县慕俄格古城管理处毕节市大方慕俄格古彝文化旅游景区。,27.1668064,105.6026601,wgs84
铜仁市江口梵净山生态旅游景区,5A,贵州,铜仁市,江口县,贵州省江口县太平镇梵净山村铜仁市江口梵净山生态旅游景区,景点景区,国家5A旅游景区。所属地：贵州·铜仁市·江口县。地址：贵州省江口县太平镇梵净山村铜仁市江口梵净山生态旅游景区。,27.8428359,108.7678163,wgs84
铜仁市碧江大明边城旅游景区,4A,贵州,铜仁市,碧江区,贵州省铜仁市碧江区灯塔街道办事处寨桂村铜仁市碧江大明边城旅游景区,景点景区,国家4A旅游景区。所属地：贵州·铜仁市·碧江区。地址：贵州省铜仁市碧江区灯塔街道办事处寨桂村铜仁市碧江大明边城旅游景区。,27.6894337,109.2406998,wgs84
铜仁市德江武陵陶源旅游景区,4A,贵州,铜仁市,德江县,贵州省铜仁市德江县煎茶镇铜仁市德江武陵陶源旅游景区,景点景区,国家4A旅游景区。所属地：贵州·铜仁市·德江县。地址：贵州省铜仁市德江县煎茶镇铜仁市德江武陵陶源旅游景区。,28.2671964,108.1153483,wgs84
铜仁市江口亚木沟旅游景区,4A,贵州,铜仁市,江口县,贵州省江口县太平镇寨抱村铜仁市江口亚木沟旅游景区,景点景区,国家4A旅游景区。所属地：贵州·铜仁市·江口县。地址：贵州省江口县太平镇寨抱村铜仁市江口亚木沟旅游景区。,27.7871624,108.7375342,wgs84
铜仁市江口云舍旅游景区,4A,贵州,铜仁市,江口县,贵州省江口县太平镇云舍村铜仁市江口云舍旅游景区,景点景区,国家4A旅游景区。所属地：贵州·铜仁市·江口县。地址：贵州省江口县太平镇云舍村铜仁市江口云舍旅游景区。,27.7477073,108.8164056,wgs84
铜仁市石阡夜郎古泉旅游景区,4A,贵州,铜仁市,石阡县,贵州省石阡县汤山镇温泉社区铜仁市石阡夜郎古泉旅游景区,景点景区,国家4A旅游景区。所属地：贵州·铜仁市·石阡县。地址：贵州省石阡县汤山镇温泉社区铜仁市石阡夜郎古泉旅游景区。,27.5188258,108.2239243,wgs84
铜仁市思南石林旅游景区,4A,贵州,铜仁市,思南县,贵州省铜仁市思南县长坝镇龙门村铜仁市思南石林旅游景区,景点景区,国家4A旅游景区。所属地：贵州·铜仁市·思南县。地址：贵州省铜仁市思南县长坝镇龙门村铜仁市思南石林旅游景区。,27.7149001,107.9531942,wgs84
铜仁市万山朱砂古镇旅游景区,4A,贵州,铜仁市,万山区,贵州省铜仁市万山区万山镇三角岩社区铜仁市万山朱砂古镇旅游景区,景点景区,国家4A旅游景区。所属地：贵州·铜仁市·万山区。地址：贵州省铜仁市万山区万山镇三角岩社区铜仁市万山朱砂古镇旅游景区。,27.5322022,109.2176563,wgs84
铜仁市松桃苗王城旅游景区,4A,贵州,铜仁市,松桃苗族自治县,贵州省松桃苗族自治县正大镇薅菜村铜仁市松桃苗王城旅游景区,景点景区,国家4A旅游景区。所属地：贵州·铜仁市·松桃苗族自治县。地址：贵州省松桃苗族自治县正大镇薅菜村铜仁市松桃苗王城旅游景区。,27.9618505,109.2529846,wgs84
铜仁市万山九丰农业博览园旅游景区,4A,贵州,铜仁市,万山区,贵州省铜仁市万山区高楼坪侗族乡大树林村铜仁市万山九丰农业博览园旅游景区,景点景区,国家4A旅游景区。所属地：贵州·铜仁市·万山区。地址：贵州省铜仁市万山区高楼坪侗族乡大树林村铜仁市万山九丰农业博览园旅游景区。,27.4932089,109.1775830,wgs84
铜仁市沿河乌江黎芝峡旅游景区,4A,贵州,铜仁市,沿河土家族自治县,贵州省沿河土家族自治县铜仁市沿河乌江黎芝峡旅游景区,景点景区,国家4A旅游景区。所属地：贵州·铜仁市·沿河土家族自治县。地址：贵州省沿河土家族自治县铜仁市沿河乌江黎芝峡旅游景区。,28.6631513,108.3700604,wgs84
铜仁市沿河南庄旅游景区,4A,贵州,铜仁市,沿河土家族自治县,贵州省铜仁市沿河土家族自治县沙子街道南庄村铜仁市沿河南庄旅游景区,景点景区,国家4A旅游景区。所属地：贵州·铜仁市·沿河土家族自治县。地址：贵州省铜仁市沿河土家族自治县沙子街道南庄村铜仁市沿河南庄旅游景区。,28.5627359,108.5441638,wgs84
铜仁市玉屏侗乡风情园旅游景区,4A,贵州,铜仁市,玉屏侗族自治县,贵州省铜仁市玉屏县田坪镇田坪村铜仁市玉屏侗乡风情园旅游景区,景点景区,国家4A旅游景区。所属地：贵州·铜仁市·玉屏侗族自治县。地址：贵州省铜仁市玉屏县田坪镇田坪村铜仁市玉屏侗乡风情园旅游景区。,27.2405417,108.9046406,wgs84
黔东南州镇远古城旅游景区,5A,贵州,黔东南苗族侗族自治州,镇远县,贵州省镇远县舞阳镇西秀街黔东南州镇远古城旅游景区,景点景区,国家5A旅游景区。所属地：贵州·黔东南苗族侗族自治州·镇远县。地址：贵州省镇远县舞阳镇西秀街黔东南州镇远古城旅游景区。,27.0508791,108.4184388,wgs84
黔东南州黎平翘街旅游景区,4A,贵州,黔东南苗族侗族自治州,黎平县,贵州省黎平县德凤街道黔东南州黎平翘街旅游景区,景点景区,国家4A旅游景区。所属地：贵州·黔东南苗族侗族自治州·黎平县。地址：贵州省黎平县德凤街道黔东南州黎平翘街旅游景区。,26.2336075,109.1320981,wgs84
黔东南州麻江蓝莓生态旅游区,4A,贵州,黔东南苗族侗族自治州,麻江县,贵州省麻江县龙山镇共和村蓝梦谷景区游客接待中心黔东南州麻江蓝莓生态旅游区,景点景区,国家4A旅游景区。所属地：贵州·黔东南苗族侗族自治州·麻江县。地址：贵州省麻江县龙山镇共和村蓝梦谷景区游客接待中心黔东南州麻江蓝莓生态旅游区。,26.4223114,107.7482403,wgs84
黔东南州黄平旧州古城旅游景区,4A,贵州,黔东南苗族侗族自治州,黄平县,贵州省黄平县旧州镇黔东南州黄平旧州古城旅游景区,景点景区,国家4A旅游景区。所属地：贵州·黔东南苗族侗族自治州·黄平县。地址：贵州省黄平县旧州镇黔东南州黄平旧州古城旅游景区。,26.9914766,107.7754402,wgs84
黔东南州镇远下㵲阳河旅游景区,4A,贵州,黔东南苗族侗族自治州,镇远县,贵州省镇远县舞阳镇柏杨坪村黔东南州镇远下㵲阳河旅游景区,景点景区,国家4A旅游景区。所属地：贵州·黔东南苗族侗族自治州·镇远县。地址：贵州省镇远县舞阳镇柏杨坪村黔东南州镇远下㵲阳河旅游景区。,27.0552034,108.3494342,wgs84
黔东南州丹寨万达旅游小镇景区,4A,贵州,黔东南苗族侗族自治州,丹寨县,贵州省丹寨县龙泉镇东湖旁黔东南州丹寨万达旅游小镇景区,景点景区,国家4A旅游景区。所属地：贵州·黔东南苗族侗族自治州·丹寨县。地址：贵州省丹寨县龙泉镇东湖旁黔东南州丹寨万达旅游小镇景区。,26.2017742,107.7932315,wgs84
黔东南州锦屏隆里古城旅游景区,4A,贵州,黔东南苗族侗族自治州,锦屏县,贵州省锦屏县隆里隆里乡隆里所村黔东南州锦屏隆里古城旅游景区,景点景区,国家4A旅游景区。所属地：贵州·黔东南苗族侗族自治州·锦屏县。地址：贵州省锦屏县隆里隆里乡隆里所村黔东南州锦屏隆里古城旅游景区。,26.4167020,109.1030677,wgs84
黔东南州从江岜沙原生态苗族文化旅游景区,4A,贵州,黔东南苗族侗族自治州,从江县,贵州省从江县丙妹镇岜沙村黔东南州从江岜沙原生态苗族文化旅游景区,景点景区,国家4A旅游景区。所属地：贵州·黔东南苗族侗族自治州·从江县。地址：贵州省从江县丙妹镇岜沙村黔东南州从江岜沙原生态苗族文化旅游景区。,25.7232368,108.8623396,wgs84
黔东南州剑河温泉文化旅游景区,4A,贵州,黔东南苗族侗族自治州,剑河县,贵州省剑河县岑松镇温泉村黔东南州剑河温泉文化旅游景区,景点景区,国家4A旅游景区。所属地：贵州·黔东南苗族侗族自治州·剑河县。地址：贵州省剑河县岑松镇温泉村黔东南州剑河温泉文化旅游景区。,26.7708940,108.4902198,wgs84
黔东南州凯里下司古镇景区,4A,贵州,黔东南苗族侗族自治州,凯里市,贵州省凯里市下司镇（下司镇政府内）黔东南州凯里下司古镇景区,景点景区,国家4A旅游景区。所属地：贵州·黔东南苗族侗族自治州·凯里市。地址：贵州省凯里市下司镇（下司镇政府内）黔东南州凯里下司古镇景区。,26.5209812,107.8010216,wgs84
黔东南州雷山郎德旅游景区,4A,贵州,黔东南苗族侗族自治州,雷山县,贵州省雷山县郎德镇下郎德村黔东南州雷山郎德旅游景区,景点景区,国家4A旅游景区。所属地：贵州·黔东南苗族侗族自治州·雷山县。地址：贵州省雷山县郎德镇下郎德村黔东南州雷山郎德旅游景区。,26.4771584,108.0669186,wgs84
黔东南州凯里云谷田园生态农业旅游区,4A,贵州,黔东南苗族侗族自治州,凯里市,贵州省凯里市舟溪镇新光村旁黔东南州凯里云谷田园生态农业旅游区,景点景区,国家4A旅游景区。所属地：贵州·黔东南苗族侗族自治州·凯里市。地址：贵州省凯里市舟溪镇新光村旁黔东南州凯里云谷田园生态农业旅游区。,26.5142546,107.9218086,wgs84
黔东南州施秉杉木河景区,4A,贵州,黔东南苗族侗族自治州,施秉县,贵州省施秉县城关镇潘家坝黔东南州施秉杉木河景区,景点景区,国家4A旅游景区。所属地：贵州·黔东南苗族侗族自治州·施秉县。地址：贵州省施秉县城关镇潘家坝黔东南州施秉杉木河景区。,27.0366822,108.1300920,wgs84
黔东南州黎平肇兴侗文化旅游景区,4A,贵州,黔东南苗族侗族自治州,黎平县,贵州省黎平县肇兴镇黔东南州黎平肇兴侗文化旅游景区,景点景区,国家4A旅游景区。所属地：贵州·黔东南苗族侗族自治州·黎平县。地址：贵州省黎平县肇兴镇黔东南州黎平肇兴侗文化旅游景区。,25.9095379,109.1713347,wgs84
黔东南州施秉云台山旅游景区,4A,贵州,黔东南苗族侗族自治州,施秉县,贵州省施秉县云台山黔东南州施秉云台山旅游景区,景点景区,国家4A旅游景区。所属地：贵州·黔东南苗族侗族自治州·施秉县。地址：贵州省施秉县云台山黔东南州施秉云台山旅游景区。,27.0334563,108.1198812,wgs84
黔东南州雷山西江千户苗寨景区,4A,贵州,黔东南苗族侗族自治州,雷山县,贵州省雷山县西江镇西江村黔东南州雷山西江千户苗寨景区,景点景区,国家4A旅游景区。所属地：贵州·黔东南苗族侗族自治州·雷山县。地址：贵州省雷山县西江镇西江村黔东南州雷山西江千户苗寨景区。,26.4978745,108.1689239,wgs84
黔南州荔波樟江旅游景区,5A,贵州,黔南布依族苗族自治州,荔波县,贵州省荔波县瑶山瑶族乡高桥村黔南州荔波樟江旅游景区,景点景区,国家5A旅游景区。所属地：贵州·黔南布依族苗族自治州·荔波县。地址：贵州省荔波县瑶山瑶族乡高桥村黔南州荔波樟江旅游景区。,25.4199702,107.8850641,wgs84
黔南州龙里油画大草原旅游区,4A,贵州,黔南布依族苗族自治州,龙里县,贵州省黔南州龙里县龙山镇余下村黔南州龙里油画大草原旅游区,景点景区,国家4A旅游景区。所属地：贵州·黔南布依族苗族自治州·龙里县。地址：贵州省黔南州龙里县龙山镇余下村黔南州龙里油画大草原旅游区。,26.4214322,106.9094191,wgs84
黔南州贵定金海雪山景区,4A,贵州,黔南布依族苗族自治州,贵定县,贵州省黔南州贵定县盘江镇黔南州贵定金海雪山景区,景点景区,国家4A旅游景区。所属地：贵州·黔南布依族苗族自治州·贵定县。地址：贵州省黔南州贵定县盘江镇黔南州贵定金海雪山景区。,26.4588168,107.1560451,wgs84
黔南州惠水好花红乡村旅游区,4A,贵州,黔南布依族苗族自治州,惠水县,贵州省惠水县好花红镇好花红村黔南州惠水好花红乡村旅游区,景点景区,国家4A旅游景区。所属地：贵州·黔南布依族苗族自治州·惠水县。地址：贵州省惠水县好花红镇好花红村黔南州惠水好花红乡村旅游区。,26.0267069,106.5836938,wgs84
黔南州都匀茶文化影视小镇景区（秦汉影视城）,4A,贵州,黔南布依族苗族自治州,都匀市,贵州省黔南州都匀经济开发区秦汉影视城游客接待中心黔南州都匀茶文化影视小镇景区（秦汉影视城）,景点景区,国家4A旅游景区。所属地：贵州·黔南布依族苗族自治州·都匀市。地址：贵州省黔南州都匀经济开发区秦汉影视城游客接待中心黔南州都匀茶文化影视小镇景区（秦汉影视城）。,26.2481452,107.6143929,wgs84
黔南州平塘中国天眼景区,4A,贵州,黔南布依族苗族自治州,平塘县,贵州省平塘县克度镇航龙文化园黔南州平塘中国天眼景区,景点景区,国家4A旅游景区。所属地：贵州·黔南布依族苗族自治州·平塘县。地址：贵州省平塘县克度镇航龙文化园黔南州平塘中国天眼景区。,25.6977260,106.8868579,wgs84
福泉古城文化旅游景区,4A,贵州,黔南布依族苗族自治州,福泉市,贵州省福泉市金山街道办事处福泉古城文化旅游景区,景点景区,国家4A旅游景区。所属地：贵州·黔南布依族苗族自治州·福泉市。地址：贵州省福泉市金山街道办事处福泉古城文化旅游景区。,26.6983666,107.5135835,wgs84
黔南州龙里中铁双龙镇巫山峡谷旅游区,4A,贵州,黔南布依族苗族自治州,龙里县,贵州省龙里县谷脚镇中铁生态城云栖谷双龙镇巫山峡谷景区黔南州龙里中铁双龙镇巫山峡谷旅游区,景点景区,国家4A旅游景区。所属地：贵州·黔南布依族苗族自治州·龙里县。地址：贵州省龙里县谷脚镇中铁生态城云栖谷双龙镇巫山峡谷景区黔南州龙里中铁双龙镇巫山峡谷旅游区。,26.5004802,106.8548714,wgs84
黔南州都匀杉木湖景区,4A,贵州,黔南布依族苗族自治州,都匀市,贵州省黔南州都匀经济开发区旗山大道中段环湖路黔南州都匀杉木湖景区,景点景区,国家4A旅游景区。所属地：贵州·黔南布依族苗族自治州·都匀市。地址：贵州省黔南州都匀经济开发区旗山大道中段环湖路黔南州都匀杉木湖景区。,26.2318963,107.5869040,wgs84
黔南州瓮安草塘千年古邑旅游区,4A,贵州,黔南布依族苗族自治州,瓮安县,贵州省瓮安县猴场镇下司社区游客接待中心黔南州瓮安草塘千年古邑旅游区,景点景区,国家4A旅游景区。所属地：贵州·黔南布依族苗族自治州·瓮安县。地址：贵州省瓮安县猴场镇下司社区游客接待中心黔南州瓮安草塘千年古邑旅游区。,27.1861242,107.5504875,wgs84
黔南州平塘掌布“藏字石”景区,4A,贵州,黔南布依族苗族自治州,平塘县,贵州省平塘县掌布镇桃坡村掌布景区黔南州平塘掌布“藏字石”景区,景点景区,国家4A旅游景区。所属地：贵州·黔南布依族苗族自治州·平塘县。地址：贵州省平塘县掌布镇桃坡村掌布景区黔南州平塘掌布“藏字石”景区。,26.0414578,107.0790107,wgs84
黔南州荔波瑶山古寨景区,4A,贵州,黔南布依族苗族自治州,荔波县,贵州省荔波县瑶山瑶族乡瑶山村黔南州荔波瑶山古寨景区,景点景区,国家4A旅游景区。所属地：贵州·黔南布依族苗族自治州·荔波县。地址：贵州省荔波县瑶山瑶族乡瑶山村黔南州荔波瑶山古寨景区。,25.2317486,107.7673188,wgs84
黔西南州晴隆阿妹戚托小镇景区,4A,贵州,黔西南布依族苗族自治州,晴隆县,贵州省黔西南晴隆县三宝街道阿妹戚托小镇黔西南州晴隆阿妹戚托小镇景区,景点景区,国家4A旅游景区。所属地：贵州·黔西南布依族苗族自治州·晴隆县。地址：贵州省黔西南晴隆县三宝街道阿妹戚托小镇黔西南州晴隆阿妹戚托小镇景区。,25.8331614,105.2419346,wgs84
黔西南州义龙山地旅游运动休闲博览园景区,4A,贵州,黔西南布依族苗族自治州,安龙县,贵州省义龙新区鲁屯镇樱花大道黔西南州义龙山地旅游运动休闲博览园景区,景点景区,国家4A旅游景区。所属地：贵州·黔西南布依族苗族自治州·安龙县。地址：贵州省义龙新区鲁屯镇樱花大道黔西南州义龙山地旅游运动休闲博览园景区。,25.1226455,105.4563290,wgs84
黔西南州普安茶文化生态旅游景区,4A,贵州,黔西南布依族苗族自治州,普安县,贵州省黔西南州普安县茶源街道布依茶源小镇黔西南州普安茶文化生态旅游景区,景点景区,国家4A旅游景区。所属地：贵州·黔西南布依族苗族自治州·普安县。地址：贵州省黔西南州普安县茶源街道布依茶源小镇黔西南州普安茶文化生态旅游景区。,25.7497752,105.0714028,wgs84
黔西南州安龙招堤旅游景区,4A,贵州,黔西南布依族苗族自治州,安龙县,贵州省安龙县招堤街道办事处招堤广场黔西南州安龙招堤旅游景区,景点景区,国家4A旅游景区。所属地：贵州·黔西南布依族苗族自治州·安龙县。地址：贵州省安龙县招堤街道办事处招堤广场黔西南州安龙招堤旅游景区。,25.1136927,105.4743629,wgs84
黔西南州兴义万峰湖旅游景区,4A,贵州,黔西南布依族苗族自治州,兴义市,贵州省兴义市则戎乡长冲村八组红椿码头黔西南州兴义万峰湖旅游景区,景点景区,国家4A旅游景区。所属地：贵州·黔西南布依族苗族自治州·兴义市。地址：贵州省兴义市则戎乡长冲村八组红椿码头黔西南州兴义万峰湖旅游景区。,24.9478468,105.0315280,wgs84
黔西南州兴义贵州醇景区,4A,贵州,黔西南布依族苗族自治州,兴义市,贵州省黔西南州兴义市醇新路1号黔西南州兴义贵州醇景区,景点景区,国家4A旅游景区。所属地：贵州·黔西南布依族苗族自治州·兴义市。地址：贵州省黔西南州兴义市醇新路1号黔西南州兴义贵州醇景区。,25.0686976,104.8715291,wgs84
黔西南州兴仁放马坪景区,4A,贵州,黔西南布依族苗族自治州,兴仁市,贵州省黔西南州兴仁市潘家庄镇与下山镇交界处黔西南州兴仁放马坪景区,景点景区,国家4A旅游景区。所属地：贵州·黔西南布依族苗族自治州·兴仁市。地址：贵州省黔西南州兴仁市潘家庄镇与下山镇交界处黔西南州兴仁放马坪景区。,25.5697623,105.1673988,wgs84
黔西南州晴隆史迪威·24道拐旅游景区,4A,贵州,黔西南布依族苗族自治州,晴隆县,贵州省黔西南晴隆县莲城街道南街社区黔西南州晴隆史迪威·24道拐旅游景区,景点景区,国家4A旅游景区。所属地：贵州·黔西南布依族苗族自治州·晴隆县。地址：贵州省黔西南晴隆县莲城街道南街社区黔西南州晴隆史迪威·24道拐旅游景区。,25.8227498,105.2102605,wgs84
黔西南州贞丰三岔河旅游景区,4A,贵州,黔西南布依族苗族自治州,贞丰县,贵州省黔西南布依族苗族自治州贞丰县者相镇纳孔村黔西南州贞丰三岔河旅游景区,景点景区,国家4A旅游景区。所属地：贵州·黔西南布依族苗族自治州·贞丰县。地址：贵州省黔西南布依族苗族自治州贞丰县者相镇纳孔村黔西南州贞丰三岔河旅游景区。,25.5181258,105.6312758,wgs84
黔西南州兴义马岭河峡谷景区,4A,贵州,黔西南布依族苗族自治州,兴义市,贵州省兴义市桔山街道办马岭河峡谷景区黔西南州兴义马岭河峡谷景区,景点景区,国家4A旅游景区。所属地：贵州·黔西南布依族苗族自治州·兴义市。地址：贵州省兴义市桔山街道办马岭河峡谷景区黔西南州兴义马岭河峡谷景区。,25.1056551,104.9129557,wgs84
黔西南州贞丰双玉峰景区,4A,贵州,黔西南布依族苗族自治州,贞丰县,贵州省贞丰县珉谷镇顶肖村黔西南州贞丰双玉峰景区,景点景区,国家4A旅游景区。所属地：贵州·黔西南布依族苗族自治州·贞丰县。地址：贵州省贞丰县珉谷镇顶肖村黔西南州贞丰双玉峰景区。,25.4716978,105.6277336,wgs84
黔西南州兴义万峰林景区,4A,贵州,黔西南布依族苗族自治州,兴义市,贵州省兴义市万峰林街道办万峰林景区黔西南州兴义万峰林景区,景点景区,国家4A旅游景区。所属地：贵州·黔西南布依族苗族自治州·兴义市。地址：贵州省兴义市万峰林街道办万峰林景区黔西南州兴义万峰林景区。,25.0098548,104.9212778,wgs84
昆明市石林风景名胜区,5A,云南,昆明市,石林彝族自治县,云南昆明市昆明市石林风景名胜区,景点景区,国家5A旅游景区。所属地：云南·昆明市·石林彝族自治县。地址：云南昆明市昆明市石林风景名胜区。,24.8151352,103.3224838,wgs84
丽江玉龙雪山景区,5A,云南,丽江市,玉龙纳西族自治县,云南丽江市丽江玉龙雪山景区,景点景区,国家5A旅游景区。所属地：云南·丽江市·玉龙纳西族自治县。地址：云南丽江市丽江玉龙雪山景区。,27.0443220,100.2543426,wgs84
大理崇圣寺三塔文化旅游区,5A,云南,大理白族自治州,大理市,云南大理州大理崇圣寺三塔文化旅游区,景点景区,国家5A旅游景区。所属地：云南·大理白族自治州·大理市。地址：云南大理州大理崇圣寺三塔文化旅游区。,25.7098527,100.1490214,wgs84
丽江古城景区,5A,云南,丽江市,古城区,云南丽江市丽江古城景区,景点景区,国家5A旅游景区。所属地：云南·丽江市·古城区。地址：云南丽江市丽江古城景区。,26.8754053,100.2319462,wgs84
中国科学院西双版纳热带植物园景区,5A,云南,西双版纳傣族自治州,勐腊县,云南西双版纳州中国科学院西双版纳热带植物园景区,景点景区,国家5A旅游景区。所属地：云南·西双版纳傣族自治州·勐腊县。地址：云南西双版纳州中国科学院西双版纳热带植物园景区。,21.9271531,101.2559394,wgs84
迪庆香格里拉普达措景区,5A,云南,迪庆藏族自治州,香格里拉市,云南迪庆州迪庆香格里拉普达措景区,景点景区,国家5A旅游景区。所属地：云南·迪庆藏族自治州·香格里拉市。地址：云南迪庆州迪庆香格里拉普达措景区。,27.8332449,99.6997476,wgs84
腾冲火山热海旅游区,5A,云南,保山市,腾冲市,云南保山市腾冲火山热海旅游区,景点景区,国家5A旅游景区。所属地：云南·保山市·腾冲市。地址：云南保山市腾冲火山热海旅游区。,24.9499045,98.4400914,wgs84
昆明世博园旅游区,5A,云南,昆明市,盘龙区,云南昆明市昆明世博园旅游区,景点景区,国家5A旅游景区。所属地：云南·昆明市·盘龙区。地址：云南昆明市昆明世博园旅游区。,25.0753755,102.7596526,wgs84
普者黑旅游景区,5A,云南,文山壮族苗族自治州,丘北县,云南文山州普者黑旅游景区,景点景区,国家5A旅游景区。所属地：云南·文山壮族苗族自治州·丘北县。地址：云南文山州普者黑旅游景区。,24.1135540,104.1366060,wgs84
九乡风景名胜区,4A,云南,昆明市,宜良县,云南昆明市九乡风景名胜区,景点景区,国家4A旅游景区。所属地：云南·昆明市·宜良县。地址：云南昆明市九乡风景名胜区。,25.0821534,103.3853502,wgs84
云南民族村景区,4A,云南,昆明市,西山区,云南昆明市云南民族村景区,景点景区,国家4A旅游景区。所属地：云南·昆明市·西山区。地址：云南昆明市云南民族村景区。,24.9691336,102.6595767,wgs84
昆明滇池国家级风景名胜区西山景区,4A,云南,昆明市,西山区,云南昆明市昆明滇池国家级风景名胜区西山景区,景点景区,国家4A旅游景区。所属地：云南·昆明市·西山区。地址：云南昆明市昆明滇池国家级风景名胜区西山景区。,24.9727493,102.6218539,wgs84
昆明市大观公园景区,4A,云南,昆明市,西山区,云南昆明市昆明市大观公园景区,景点景区,国家4A旅游景区。所属地：云南·昆明市·西山区。地址：云南昆明市昆明市大观公园景区。,25.0263276,102.6711556,wgs84
昆明市金殿名胜区,4A,云南,昆明市,盘龙区,云南昆明市昆明市金殿名胜区,景点景区,国家4A旅游景区。所属地：云南·昆明市·盘龙区。地址：云南昆明市昆明市金殿名胜区。,25.0886057,102.7697880,wgs84
昆明官渡古镇景区,4A,云南,昆明市,官渡区,云南昆明市昆明官渡古镇景区,景点景区,国家4A旅游景区。所属地：云南·昆明市·官渡区。地址：云南昆明市昆明官渡古镇景区。,24.9600351,102.7559478,wgs84
云南野生动物园景区,4A,云南,昆明市,盘龙区,云南昆明市云南野生动物园景区,景点景区,国家4A旅游景区。所属地：云南·昆明市·盘龙区。地址：云南昆明市云南野生动物园景区。,25.0986897,102.7874520,wgs84
石林杏林大观园景区,4A,云南,昆明市,石林彝族自治县,云南昆明市石林杏林大观园景区,景点景区,国家4A旅游景区。所属地：云南·昆明市·石林彝族自治县。地址：云南昆明市石林杏林大观园景区。,24.8820382,103.3711680,wgs84
昆明市翠湖·讲武堂景区,4A,云南,昆明市,五华区,云南昆明市昆明市翠湖·讲武堂景区,景点景区,国家4A旅游景区。所属地：云南·昆明市·五华区。地址：云南昆明市昆明市翠湖·讲武堂景区。,25.0516211,102.7021038,wgs84
昆明轿子山景区,4A,云南,昆明市,禄劝彝族苗族自治县,云南昆明市昆明轿子山景区,景点景区,国家4A旅游景区。所属地：云南·昆明市·禄劝彝族苗族自治县。地址：云南昆明市昆明轿子山景区。,26.0904935,102.8543964,wgs84
昆明市石林县乃古石林景区,4A,云南,昆明市,石林彝族自治县,云南昆明市昆明市石林县乃古石林景区,景点景区,国家4A旅游景区。所属地：云南·昆明市·石林彝族自治县。地址：云南昆明市昆明市石林县乃古石林景区。,24.7747433,103.2889204,wgs84
昆明青龙峡景区,4A,云南,昆明市,安宁市,云南昆明市昆明青龙峡景区,景点景区,国家4A旅游景区。所属地：云南·昆明市·安宁市。地址：云南昆明市昆明青龙峡景区。,25.0429105,102.3665921,wgs84
昆明凤龙湾旅游景区,4A,云南,昆明市,寻甸回族彝族自治县,云南昆明市昆明凤龙湾旅游景区,景点景区,国家4A旅游景区。所属地：云南·昆明市·寻甸回族彝族自治县。地址：云南昆明市昆明凤龙湾旅游景区。,25.4928252,103.3339936,wgs84
昆明玉龙湾景区,4A,云南,昆明市,安宁市,云南昆明市昆明玉龙湾景区,景点景区,国家4A旅游景区。所属地：云南·昆明市·安宁市。地址：云南昆明市昆明玉龙湾景区。,24.9113786,102.5589090,wgs84
昭通水富西部大峡谷景区,4A,云南,昭通市,水富市,云南昭通市昭通水富西部大峡谷景区,景点景区,国家4A旅游景区。所属地：云南·昭通市·水富市。地址：云南昭通市昭通水富西部大峡谷景区。,28.6412377,104.3675495,wgs84
昭通市扎西会议纪念地景区,4A,云南,昭通市,威信县,云南昭通市昭通市扎西会议纪念地景区,景点景区,国家4A旅游景区。所属地：云南·昭通市·威信县。地址：云南昭通市昭通市扎西会议纪念地景区。,27.8469902,105.0330363,wgs84
彝族六祖分支景区,4A,云南,昭通市,彝良县,云南昭通市彝族六祖分支景区,景点景区,国家4A旅游景区。所属地：云南·昭通市·彝良县。地址：云南昭通市彝族六祖分支景区。,27.3768047,104.2571268,wgs84
绥江金沙水上乐园景区,4A,云南,昭通市,绥江县,云南昭通市绥江金沙水上乐园景区,景点景区,国家4A旅游景区。所属地：云南·昭通市·绥江县。地址：云南昭通市绥江金沙水上乐园景区。,28.6031750,103.9714552,wgs84
水富邵女坪旅游度假区小镇景区,4A,云南,昭通市,水富市,云南昭通市水富邵女坪旅游度假区小镇景区,景点景区,国家4A旅游景区。所属地：云南·昭通市·水富市。地址：云南昭通市水富邵女坪旅游度假区小镇景区。,28.6302106,104.2930241,wgs84
大关黄连河景区,4A,云南,昭通市,大关县,云南昭通市大关黄连河景区,景点景区,国家4A旅游景区。所属地：云南·昭通市·大关县。地址：云南昭通市大关黄连河景区。,27.7291842,103.9165313,wgs84
陆良彩色沙林景区,4A,云南,曲靖市,陆良县,云南曲靖市陆良彩色沙林景区,景点景区,国家4A旅游景区。所属地：云南·曲靖市·陆良县。地址：云南曲靖市陆良彩色沙林景区。,24.8826402,103.7050428,wgs84
罗平九龙瀑布群风景区,4A,云南,曲靖市,罗平县,云南曲靖市罗平九龙瀑布群风景区,景点景区,国家4A旅游景区。所属地：云南·曲靖市·罗平县。地址：云南曲靖市罗平九龙瀑布群风景区。,25.0158351,104.4249241,wgs84
沾益县珠江源旅游景区,4A,云南,曲靖市,沾益区,云南曲靖市沾益县珠江源旅游景区,景点景区,国家4A旅游景区。所属地：云南·曲靖市·沾益区。地址：云南曲靖市沾益县珠江源旅游景区。,25.8905360,103.9348310,wgs84
师宗凤凰谷生命文化主题公园,4A,云南,曲靖市,师宗县,云南曲靖市师宗凤凰谷生命文化主题公园,景点景区,国家4A旅游景区。所属地：云南·曲靖市·师宗县。地址：云南曲靖市师宗凤凰谷生命文化主题公园。,24.6287148,104.2516866,wgs84
曲靖会泽大海草山景区,4A,云南,曲靖市,会泽县,云南曲靖市曲靖会泽大海草山景区,景点景区,国家4A旅游景区。所属地：云南·曲靖市·会泽县。地址：云南曲靖市曲靖会泽大海草山景区。,26.2433893,103.2383083,wgs84
曲靖师宗菌子山景区,4A,云南,曲靖市,师宗县,云南曲靖市曲靖师宗菌子山景区,景点景区,国家4A旅游景区。所属地：云南·曲靖市·师宗县。地址：云南曲靖市曲靖师宗菌子山景区。,24.6540441,104.1582437,wgs84
曲靖罗平多依河景区,4A,云南,曲靖市,罗平县,云南曲靖市曲靖罗平多依河景区,景点景区,国家4A旅游景区。所属地：云南·曲靖市·罗平县。地址：云南曲靖市曲靖罗平多依河景区。,24.8875245,104.3064510,wgs84
罗平县鲁布革三峡景区,4A,云南,曲靖市,罗平县,云南曲靖市罗平县鲁布革三峡景区,景点景区,国家4A旅游景区。所属地：云南·曲靖市·罗平县。地址：云南曲靖市罗平县鲁布革三峡景区。,24.8880191,104.5917096,wgs84
麒麟区麒麟水乡景区,4A,云南,曲靖市,麒麟区,云南曲靖市麒麟区麒麟水乡景区,景点景区,国家4A旅游景区。所属地：云南·曲靖市·麒麟区。地址：云南曲靖市麒麟区麒麟水乡景区。,25.4696176,103.8610885,wgs84
麒麟区克依黑景区,4A,云南,曲靖市,麒麟区,云南曲靖市麒麟区克依黑景区,景点景区,国家4A旅游景区。所属地：云南·曲靖市·麒麟区。地址：云南曲靖市麒麟区克依黑景区。,25.2868938,104.0703828,wgs84
富源县多乐原景区,4A,云南,曲靖市,富源县,云南曲靖市富源县多乐原景区,景点景区,国家4A旅游景区。所属地：云南·曲靖市·富源县。地址：云南曲靖市富源县多乐原景区。,25.6935413,104.1921147,wgs84
罗平县相石阶景区,4A,云南,曲靖市,罗平县,云南曲靖市罗平县相石阶景区,景点景区,国家4A旅游景区。所属地：云南·曲靖市·罗平县。地址：云南曲靖市罗平县相石阶景区。,24.8875245,104.3064510,wgs84
五龙景区,4A,云南,曲靖市,,云南曲靖市五龙景区,景点景区,国家4A旅游景区。所属地：云南·曲靖市。地址：云南曲靖市五龙景区。,25.4929984,103.7941408,wgs84
云南马过河旅游景区,4A,云南,曲靖市,马龙区,云南曲靖市云南马过河旅游景区,景点景区,国家4A旅游景区。所属地：云南·曲靖市·马龙区。地址：云南曲靖市云南马过河旅游景区。,25.4732359,103.3736037,wgs84
通海县秀山历史文化公园景区,4A,云南,玉溪市,通海县,云南玉溪市通海县秀山历史文化公园景区,景点景区,国家4A旅游景区。所属地：云南·玉溪市·通海县。地址：云南玉溪市通海县秀山历史文化公园景区。,24.1145087,102.7579800,wgs84
玉溪映月潭休闲文化中心,4A,云南,玉溪市,红塔区,云南玉溪市玉溪映月潭休闲文化中心,景点景区,国家4A旅游景区。所属地：云南·玉溪市·红塔区。地址：云南玉溪市玉溪映月潭休闲文化中心。,24.3425168,102.4933514,wgs84
玉溪汇龙生态园,4A,云南,玉溪市,红塔区,云南玉溪市玉溪汇龙生态园,景点景区,国家4A旅游景区。所属地：云南·玉溪市·红塔区。地址：云南玉溪市玉溪汇龙生态园。,24.3360664,102.4894875,wgs84
澄江县禄充景区,4A,云南,玉溪市,澄江市,云南玉溪市澄江县禄充景区,景点景区,国家4A旅游景区。所属地：云南·玉溪市·澄江市。地址：云南玉溪市澄江县禄充景区。,24.5663867,102.8403957,wgs84
玉溪新平磨盘山国家森林公园景区,4A,云南,玉溪市,新平彝族傣族自治县,云南玉溪市玉溪新平磨盘山国家森林公园景区,景点景区,国家4A旅游景区。所属地：云南·玉溪市·新平彝族傣族自治县。地址：云南玉溪市玉溪新平磨盘山国家森林公园景区。,23.9619246,101.9380285,wgs84
易门龙泉公园生态旅游景区,4A,云南,玉溪市,易门县,云南玉溪市易门龙泉公园生态旅游景区,景点景区,国家4A旅游景区。所属地：云南·玉溪市·易门县。地址：云南玉溪市易门龙泉公园生态旅游景区。,24.0583478,101.9964477,wgs84
澄江帽天山寒武纪世界自然遗产旅游区,4A,云南,玉溪市,澄江市,云南玉溪市澄江帽天山寒武纪世界自然遗产旅游区,景点景区,国家4A旅游景区。所属地：云南·玉溪市·澄江市。地址：云南玉溪市澄江帽天山寒武纪世界自然遗产旅游区。,24.6597909,102.9672284,wgs84
腾冲和顺古镇景区,4A,云南,保山市,腾冲市,云南保山市腾冲和顺古镇景区,景点景区,国家4A旅游景区。所属地：云南·保山市·腾冲市。地址：云南保山市腾冲和顺古镇景区。,25.0098011,98.4584770,wgs84
施甸善洲林场景区,4A,云南,保山市,施甸县,云南保山市施甸善洲林场景区,景点景区,国家4A旅游景区。所属地：云南·保山市·施甸县。地址：云南保山市施甸善洲林场景区。,24.4997629,99.1854324,wgs84
腾冲杜鹃王古木文化博览园景区,4A,云南,保山市,腾冲市,云南保山市腾冲杜鹃王古木文化博览园景区,景点景区,国家4A旅游景区。所属地：云南·保山市·腾冲市。地址：云南保山市腾冲杜鹃王古木文化博览园景区。,25.0251736,98.4343858,wgs84
龙陵松山大战遗址纪念园景区,4A,云南,保山市,龙陵县,云南保山市龙陵松山大战遗址纪念园景区,景点景区,国家4A旅游景区。所属地：云南·保山市·龙陵县。地址：云南保山市龙陵松山大战遗址纪念园景区。,24.7517215,98.8908070,wgs84
青华海国家湿地公园景区,4A,云南,保山市,隆阳区,云南保山市青华海国家湿地公园景区,景点景区,国家4A旅游景区。所属地：云南·保山市·隆阳区。地址：云南保山市青华海国家湿地公园景区。,25.1139092,99.2011788,wgs84
昌宁右甸河田园生态旅游区,4A,云南,保山市,昌宁县,云南保山市昌宁右甸河田园生态旅游区,景点景区,国家4A旅游景区。所属地：云南·保山市·昌宁县。地址：云南保山市昌宁右甸河田园生态旅游区。,24.8257999,99.6177701,wgs84
腾冲滇西抗战纪念馆(国殇墓园)景区,4A,云南,保山市,腾冲市,云南保山市腾冲滇西抗战纪念馆(国殇墓园)景区,景点景区,国家4A旅游景区。所属地：云南·保山市·腾冲市。地址：云南保山市腾冲滇西抗战纪念馆(国殇墓园)景区。,25.0291579,98.4812617,wgs84
腾冲北海湿地景区,4A,云南,保山市,腾冲市,云南保山市腾冲北海湿地景区,景点景区,国家4A旅游景区。所属地：云南·保山市·腾冲市。地址：云南保山市腾冲北海湿地景区。,25.1235996,98.5585022,wgs84
腾冲原乡栖花岭景区,4A,云南,保山市,腾冲市,云南保山市腾冲原乡栖花岭景区,景点景区,国家4A旅游景区。所属地：云南·保山市·腾冲市。地址：云南保山市腾冲原乡栖花岭景区。,25.2288412,98.5842212,wgs84
腾冲高黎贡山茶博园景区,4A,云南,保山市,腾冲市,云南保山市腾冲高黎贡山茶博园景区,景点景区,国家4A旅游景区。所属地：云南·保山市·腾冲市。地址：云南保山市腾冲高黎贡山茶博园景区。,25.4655568,98.7645665,wgs84
腾冲固东镇江东银杏村景区,4A,云南,保山市,腾冲市,云南保山市腾冲固东镇江东银杏村景区,景点景区,国家4A旅游景区。所属地：云南·保山市·腾冲市。地址：云南保山市腾冲固东镇江东银杏村景区。,25.2937701,98.5081966,wgs84
腾冲清水中寨司莫拉佤族村,4A,云南,保山市,腾冲市,云南保山市腾冲清水中寨司莫拉佤族村,景点景区,国家4A旅游景区。所属地：云南·保山市·腾冲市。地址：云南保山市腾冲清水中寨司莫拉佤族村。,24.9293323,98.4675132,wgs84
高黎贡国际精品咖啡文化园景区,4A,云南,保山市,隆阳区,云南保山市高黎贡国际精品咖啡文化园景区,景点景区,国家4A旅游景区。所属地：云南·保山市·隆阳区。地址：云南保山市高黎贡国际精品咖啡文化园景区。,25.1316798,98.7373652,wgs84
禄丰世界恐龙谷景区,4A,云南,楚雄彝族自治州,禄丰县,云南楚雄州禄丰世界恐龙谷景区,景点景区,国家4A旅游景区。所属地：云南·楚雄彝族自治州·禄丰县。地址：云南楚雄州禄丰世界恐龙谷景区。,24.9727556,102.0693616,wgs84
楚雄彝人古镇景区,4A,云南,楚雄彝族自治州,楚雄市,云南楚雄州楚雄彝人古镇景区,景点景区,国家4A旅游景区。所属地：云南·楚雄彝族自治州·楚雄市。地址：云南楚雄州楚雄彝人古镇景区。,25.0611747,101.5170406,wgs84
元谋土林景区,4A,云南,楚雄彝族自治州,元谋县,云南楚雄州元谋土林景区,景点景区,国家4A旅游景区。所属地：云南·楚雄彝族自治州·元谋县。地址：云南楚雄州元谋土林景区。,25.7075820,101.8731742,wgs84
武定县狮子山风景名胜区,4A,云南,楚雄彝族自治州,武定县,云南楚雄州武定县狮子山风景名胜区,景点景区,国家4A旅游景区。所属地：云南·楚雄彝族自治州·武定县。地址：云南楚雄州武定县狮子山风景名胜区。,25.5352025,102.3711879,wgs84
楚雄彝族自治州博物馆景区,4A,云南,楚雄彝族自治州,楚雄市,云南楚雄州楚雄彝族自治州博物馆景区,景点景区,国家4A旅游景区。所属地：云南·楚雄彝族自治州·楚雄市。地址：云南楚雄州楚雄彝族自治州博物馆景区。,25.0268880,101.5462559,wgs84
楚雄紫溪山景区,4A,云南,楚雄彝族自治州,楚雄市,云南楚雄州楚雄紫溪山景区,景点景区,国家4A旅游景区。所属地：云南·楚雄彝族自治州·楚雄市。地址：云南楚雄州楚雄紫溪山景区。,25.0091759,101.4398202,wgs84
楚雄姚安县光禄古镇景区,4A,云南,楚雄彝族自治州,姚安县,云南楚雄州楚雄姚安县光禄古镇景区,景点景区,国家4A旅游景区。所属地：云南·楚雄彝族自治州·姚安县。地址：云南楚雄州楚雄姚安县光禄古镇景区。,25.5878807,101.2010703,wgs84
楚雄大姚石羊古镇景区,4A,云南,楚雄彝族自治州,大姚县,云南楚雄州楚雄大姚石羊古镇景区,景点景区,国家4A旅游景区。所属地：云南·楚雄彝族自治州·大姚县。地址：云南楚雄州楚雄大姚石羊古镇景区。,25.7192552,101.3232853,wgs84
楚雄州元谋人世界公园景区,4A,云南,楚雄彝族自治州,元谋县,云南楚雄州楚雄州元谋人世界公园景区,景点景区,国家4A旅游景区。所属地：云南·楚雄彝族自治州·元谋县。地址：云南楚雄州楚雄州元谋人世界公园景区。,25.7075820,101.8731742,wgs84
楚雄州永仁县方山景区,4A,云南,楚雄彝族自治州,永仁县,云南楚雄州楚雄州永仁县方山景区,景点景区,国家4A旅游景区。所属地：云南·楚雄彝族自治州·永仁县。地址：云南楚雄州楚雄州永仁县方山景区。,26.1567630,101.7920596,wgs84
金山古镇旅游区,4A,云南,楚雄彝族自治州,禄丰市,云南楚雄州金山古镇旅游区,景点景区,国家4A旅游景区。所属地：云南·楚雄彝族自治州·禄丰市。地址：云南楚雄州金山古镇旅游区。,25.1489112,102.0758391,wgs84
禄丰黑井古镇旅游景区,4A,云南,楚雄彝族自治州,禄丰县,云南楚雄州禄丰黑井古镇旅游景区,景点景区,国家4A旅游景区。所属地：云南·楚雄彝族自治州·禄丰县。地址：云南楚雄州禄丰黑井古镇旅游景区。,25.3743135,101.7446311,wgs84
十月太阳历文化园,4A,云南,楚雄彝族自治州,,云南楚雄州十月太阳历文化园,景点景区,国家4A旅游景区。所属地：云南·楚雄彝族自治州。地址：云南楚雄州十月太阳历文化园。,25.0485660,101.5265939,wgs84
双柏县查姆湖旅游景区,4A,云南,楚雄彝族自治州,双柏县,云南楚雄州双柏县查姆湖旅游景区,景点景区,国家4A旅游景区。所属地：云南·楚雄彝族自治州·双柏县。地址：云南楚雄州双柏县查姆湖旅游景区。,24.6920151,101.6405527,wgs84
泸西阿庐古洞景区,4A,云南,红河哈尼族彝族自治州,泸西县,云南红河州泸西阿庐古洞景区,景点景区,国家4A旅游景区。所属地：云南·红河哈尼族彝族自治州·泸西县。地址：云南红河州泸西阿庐古洞景区。,24.5605765,103.7504037,wgs84
建水县燕子洞风景区,4A,云南,红河哈尼族彝族自治州,建水县,云南红河州建水县燕子洞风景区,景点景区,国家4A旅游景区。所属地：云南·红河哈尼族彝族自治州·建水县。地址：云南红河州建水县燕子洞风景区。,23.6353430,103.0514704,wgs84
建水文庙景区,4A,云南,红河哈尼族彝族自治州,建水县,云南红河州建水文庙景区,景点景区,国家4A旅游景区。所属地：云南·红河哈尼族彝族自治州·建水县。地址：云南红河州建水文庙景区。,23.6147217,102.8222451,wgs84
红河建水团山古村景区,4A,云南,红河哈尼族彝族自治州,红河县,云南红河州红河建水团山古村景区,景点景区,国家4A旅游景区。所属地：云南·红河哈尼族彝族自治州·红河县。地址：云南红河州红河建水团山古村景区。,23.3716713,102.4190583,wgs84
红河建水朱家花园景区,4A,云南,红河哈尼族彝族自治州,建水县,云南红河州红河建水朱家花园景区,景点景区,国家4A旅游景区。所属地：云南·红河哈尼族彝族自治州·建水县。地址：云南红河州红河建水朱家花园景区。,23.6186315,102.8255679,wgs84
红河元阳哈尼梯田景区,4A,云南,红河哈尼族彝族自治州,元阳县,云南红河州红河元阳哈尼梯田景区,景点景区,国家4A旅游景区。所属地：云南·红河哈尼族彝族自治州·元阳县。地址：云南红河州红河元阳哈尼梯田景区。,23.1311540,102.7942411,wgs84
红河弥勒湖泉生态园景区,4A,云南,红河哈尼族彝族自治州,弥勒市,云南红河州红河弥勒湖泉生态园景区,景点景区,国家4A旅游景区。所属地：云南·红河哈尼族彝族自治州·弥勒市。地址：云南红河州红河弥勒湖泉生态园景区。,24.4061201,103.4062105,wgs84
红河弥勒可邑旅游小镇景区,4A,云南,红河哈尼族彝族自治州,弥勒市,云南红河州红河弥勒可邑旅游小镇景区,景点景区,国家4A旅游景区。所属地：云南·红河哈尼族彝族自治州·弥勒市。地址：云南红河州红河弥勒可邑旅游小镇景区。,24.5043974,103.3789077,wgs84
建水学政考棚景区,4A,云南,红河哈尼族彝族自治州,建水县,云南红河州建水学政考棚景区,景点景区,国家4A旅游景区。所属地：云南·红河哈尼族彝族自治州·建水县。地址：云南红河州建水学政考棚景区。,23.6160163,102.8251394,wgs84
开远凤凰生态公园景区,4A,云南,红河哈尼族彝族自治州,开远市,云南红河州开远凤凰生态公园景区,景点景区,国家4A旅游景区。所属地：云南·红河哈尼族彝族自治州·开远市。地址：云南红河州开远凤凰生态公园景区。,23.6929358,103.2673436,wgs84
石屏异龙湖湿地公园景区,4A,云南,红河哈尼族彝族自治州,石屏县,云南红河州石屏异龙湖湿地公园景区,景点景区,国家4A旅游景区。所属地：云南·红河哈尼族彝族自治州·石屏县。地址：云南红河州石屏异龙湖湿地公园景区。,23.6724396,102.5720285,wgs84
弥勒东风韵景区,4A,云南,红河哈尼族彝族自治州,弥勒市,云南红河州弥勒东风韵景区,景点景区,国家4A旅游景区。所属地：云南·红河哈尼族彝族自治州·弥勒市。地址：云南红河州弥勒东风韵景区。,24.3170456,103.3869818,wgs84
弥勒锦屏山景区,4A,云南,红河哈尼族彝族自治州,弥勒市,云南红河州弥勒锦屏山景区,景点景区,国家4A旅游景区。所属地：云南·红河哈尼族彝族自治州·弥勒市。地址：云南红河州弥勒锦屏山景区。,24.4732281,103.4274185,wgs84
弥勒太平湖森林小镇景区,4A,云南,红河哈尼族彝族自治州,弥勒市,云南红河州弥勒太平湖森林小镇景区,景点景区,国家4A旅游景区。所属地：云南·红河哈尼族彝族自治州·弥勒市。地址：云南红河州弥勒太平湖森林小镇景区。,24.4021301,103.5116023,wgs84
红河撒玛坝万亩梯田景区,4A,云南,红河哈尼族彝族自治州,红河县,云南红河州红河撒玛坝万亩梯田景区,景点景区,国家4A旅游景区。所属地：云南·红河哈尼族彝族自治州·红河县。地址：云南红河州红河撒玛坝万亩梯田景区。,23.2853100,102.3517810,wgs84
蒙自市碧色寨滇越铁路历史文化公园景区,4A,云南,红河哈尼族彝族自治州,蒙自市,云南红河州蒙自市碧色寨滇越铁路历史文化公园景区,景点景区,国家4A旅游景区。所属地：云南·红河哈尼族彝族自治州·蒙自市。地址：云南红河州蒙自市碧色寨滇越铁路历史文化公园景区。,23.4656186,103.4105306,wgs84
中共云南一大会址查尼皮景区,4A,云南,红河哈尼族彝族自治州,蒙自市,云南红河州中共云南一大会址查尼皮景区,景点景区,国家4A旅游景区。所属地：云南·红河哈尼族彝族自治州·蒙自市。地址：云南红河州中共云南一大会址查尼皮景区。,23.3884977,103.5170906,wgs84
开远南洞--凤凰谷旅游区,4A,云南,红河哈尼族彝族自治州,开远市,云南红河州开远南洞--凤凰谷旅游区,景点景区,国家4A旅游景区。所属地：云南·红河哈尼族彝族自治州·开远市。地址：云南红河州开远南洞--凤凰谷旅游区。,23.7129796,103.2446392,wgs84
屏边滴水苗城景区,4A,云南,红河哈尼族彝族自治州,屏边苗族自治县,云南红河州屏边滴水苗城景区,景点景区,国家4A旅游景区。所属地：云南·红河哈尼族彝族自治州·屏边苗族自治县。地址：云南红河州屏边滴水苗城景区。,23.0087628,103.6450734,wgs84
普洱国家公园景区,4A,云南,普洱市,思茅区,云南普洱市普洱国家公园景区,景点景区,国家4A旅游景区。所属地：云南·普洱市·思茅区。地址：云南普洱市普洱国家公园景区。,22.6041048,101.0974882,wgs84
普洱西盟勐梭龙潭景区,4A,云南,普洱市,西盟佤族自治县,云南普洱市普洱西盟勐梭龙潭景区,景点景区,国家4A旅游景区。所属地：云南·普洱市·西盟佤族自治县。地址：云南普洱市普洱西盟勐梭龙潭景区。,22.6411033,99.5955734,wgs84
普洱墨江北回归线标志园景区,4A,云南,普洱市,墨江哈尼族自治县,云南普洱市普洱墨江北回归线标志园景区,景点景区,国家4A旅游景区。所属地：云南·普洱市·墨江哈尼族自治县。地址：云南普洱市普洱墨江北回归线标志园景区。,23.4343050,101.6796356,wgs84
普洱天士力帝泊洱生物茶谷景区,4A,云南,普洱市,思茅区,云南普洱市普洱天士力帝泊洱生物茶谷景区,景点景区,国家4A旅游景区。所属地：云南·普洱市·思茅区。地址：云南普洱市普洱天士力帝泊洱生物茶谷景区。,22.7413676,101.0637272,wgs84
普洱茶马古道旅游景区,4A,云南,普洱市,思茅区,云南普洱市普洱茶马古道旅游景区,景点景区,国家4A旅游景区。所属地：云南·普洱市·思茅区。地址：云南普洱市普洱茶马古道旅游景区。,22.7584672,100.9873668,wgs84
普洱市中华普洱茶博览苑景区,4A,云南,普洱市,思茅区,云南普洱市普洱市中华普洱茶博览苑景区,景点景区,国家4A旅游景区。所属地：云南·普洱市·思茅区。地址：云南普洱市普洱市中华普洱茶博览苑景区。,22.6507881,101.0979017,wgs84
那柯里茶马驿站景区,4A,云南,普洱市,宁洱哈尼族彝族自治县,云南普洱市那柯里茶马驿站景区,景点景区,国家4A旅游景区。所属地：云南·普洱市·宁洱哈尼族彝族自治县。地址：云南普洱市那柯里茶马驿站景区。,22.9136310,101.0381444,wgs84
景迈山茶林文化景区,4A,云南,普洱市,澜沧拉祜族自治县,云南普洱市景迈山茶林文化景区,景点景区,国家4A旅游景区。所属地：云南·普洱市·澜沧拉祜族自治县。地址：云南普洱市景迈山茶林文化景区。,22.1738544,99.9991199,wgs84
澜沧县老达保景区,4A,云南,普洱市,澜沧拉祜族自治县,云南普洱市澜沧县老达保景区,景点景区,国家4A旅游景区。所属地：云南·普洱市·澜沧拉祜族自治县。地址：云南普洱市澜沧县老达保景区。,22.3515296,99.9832015,wgs84
景东县景东文庙,4A,云南,普洱市,景东彝族自治县,云南普洱市景东县景东文庙,景点景区,国家4A旅游景区。所属地：云南·普洱市·景东彝族自治县。地址：云南普洱市景东县景东文庙。,24.4509499,100.8302292,wgs84
西双版纳傣族园景区,4A,云南,西双版纳傣族自治州,景洪市,云南西双版纳州西双版纳傣族园景区,景点景区,国家4A旅游景区。所属地：云南·西双版纳傣族自治州·景洪市。地址：云南西双版纳州西双版纳傣族园景区。,21.8543895,100.9447767,wgs84
西双版纳原始森林公园景区,4A,云南,西双版纳傣族自治州,景洪市,云南西双版纳州西双版纳原始森林公园景区,景点景区,国家4A旅游景区。所属地：云南·西双版纳傣族自治州·景洪市。地址：云南西双版纳州西双版纳原始森林公园景区。,21.9912812,100.9153487,wgs84
西双版纳热带花卉园景区,4A,云南,西双版纳傣族自治州,景洪市,云南西双版纳州西双版纳热带花卉园景区,景点景区,国家4A旅游景区。所属地：云南·西双版纳傣族自治州·景洪市。地址：云南西双版纳州西双版纳热带花卉园景区。,22.0100834,100.7846365,wgs84
西双版纳野象谷景区,4A,云南,西双版纳傣族自治州,景洪市,云南西双版纳州西双版纳野象谷景区,景点景区,国家4A旅游景区。所属地：云南·西双版纳傣族自治州·景洪市。地址：云南西双版纳州西双版纳野象谷景区。,22.1702164,100.8563982,wgs84
景洪曼听公园景区,4A,云南,西双版纳傣族自治州,景洪市,云南西双版纳州景洪曼听公园景区,景点景区,国家4A旅游景区。所属地：云南·西双版纳傣族自治州·景洪市。地址：云南西双版纳州景洪曼听公园景区。,21.9940132,100.8064843,wgs84
西双版纳望天树景区,4A,云南,西双版纳傣族自治州,勐腊县,云南西双版纳州西双版纳望天树景区,景点景区,国家4A旅游景区。所属地：云南·西双版纳傣族自治州·勐腊县。地址：云南西双版纳州西双版纳望天树景区。,21.5989864,101.5863648,wgs84
西双版纳勐泐文化旅游区,4A,云南,西双版纳傣族自治州,景洪市,云南西双版纳州西双版纳勐泐文化旅游区,景点景区,国家4A旅游景区。所属地：云南·西双版纳傣族自治州·景洪市。地址：云南西双版纳州西双版纳勐泐文化旅游区。,21.9615577,100.8065211,wgs84
西双版纳大益庄园景区,4A,云南,西双版纳傣族自治州,勐海县,云南西双版纳州西双版纳大益庄园景区,景点景区,国家4A旅游景区。所属地：云南·西双版纳傣族自治州·勐海县。地址：云南西双版纳州西双版纳大益庄园景区。,21.9892256,100.4264321,wgs84
告庄西双景景区,4A,云南,西双版纳傣族自治州,景洪市,云南西双版纳州告庄西双景景区,景点景区,国家4A旅游景区。所属地：云南·西双版纳傣族自治州·景洪市。地址：云南西双版纳州告庄西双景景区。,22.0100607,100.8202462,wgs84
西双版纳勐景来景区,4A,云南,西双版纳傣族自治州,勐海县,云南西双版纳州西双版纳勐景来景区,景点景区,国家4A旅游景区。所属地：云南·西双版纳傣族自治州·勐海县。地址：云南西双版纳州西双版纳勐景来景区。,21.7002815,100.0841073,wgs84
西双版纳融创乐园景区,4A,云南,西双版纳傣族自治州,景洪市,云南西双版纳州西双版纳融创乐园景区,景点景区,国家4A旅游景区。所属地：云南·西双版纳傣族自治州·景洪市。地址：云南西双版纳州西双版纳融创乐园景区。,22.0306929,100.7411712,wgs84
西双版纳勐远仙境景区,4A,云南,西双版纳傣族自治州,勐腊县,云南西双版纳州西双版纳勐远仙境景区,景点景区,国家4A旅游景区。所属地：云南·西双版纳傣族自治州·勐腊县。地址：云南西双版纳州西双版纳勐远仙境景区。,21.7128409,101.3814208,wgs84
大理南诏风情岛景区,4A,云南,大理白族自治州,大理市,云南大理州大理南诏风情岛景区,景点景区,国家4A旅游景区。所属地：云南·大理白族自治州·大理市。地址：云南大理州大理南诏风情岛景区。,25.9050757,100.1899955,wgs84
大理宾川鸡足山景区,4A,云南,大理白族自治州,大理市,云南大理州大理宾川鸡足山景区,景点景区,国家4A旅游景区。所属地：云南·大理白族自治州·大理市。地址：云南大理州大理宾川鸡足山景区。,25.5961003,100.2402765,wgs84
大理银都水乡新华白族旅游村景区,4A,云南,大理白族自治州,鹤庆县,云南大理州大理银都水乡新华白族旅游村景区,景点景区,国家4A旅游景区。所属地：云南·大理白族自治州·鹤庆县。地址：云南大理州大理银都水乡新华白族旅游村景区。,26.6144201,100.1752982,wgs84
剑川石宝山·沙溪古镇景区,4A,云南,大理白族自治州,剑川县,云南大理州剑川石宝山·沙溪古镇景区,景点景区,国家4A旅游景区。所属地：云南·大理白族自治州·剑川县。地址：云南大理州剑川石宝山·沙溪古镇景区。,26.3873781,99.8372763,wgs84
大理古城景区,4A,云南,大理白族自治州,大理市,云南大理州大理古城景区,景点景区,国家4A旅游景区。所属地：云南·大理白族自治州·大理市。地址：云南大理州大理古城景区。,25.6978106,100.1627842,wgs84
大理祥云水目山文化旅游区,4A,云南,大理白族自治州,大理市,云南大理州大理祥云水目山文化旅游区,景点景区,国家4A旅游景区。所属地：云南·大理白族自治州·大理市。地址：云南大理州大理祥云水目山文化旅游区。,25.7066079,100.1395836,wgs84
大理巍山古城一巍宝山旅游区,4A,云南,大理白族自治州,大理市,云南大理州大理巍山古城一巍宝山旅游区,景点景区,国家4A旅游景区。所属地：云南·大理白族自治州·大理市。地址：云南大理州大理巍山古城一巍宝山旅游区。,25.7089916,100.2374695,wgs84
大理漾濞石门关景区,4A,云南,大理白族自治州,大理市,云南大理州大理漾濞石门关景区,景点景区,国家4A旅游景区。所属地：云南·大理白族自治州·大理市。地址：云南大理州大理漾濞石门关景区。,25.5961003,100.2402765,wgs84
大理蝴蝶泉景区,4A,云南,大理白族自治州,大理市,云南大理州大理蝴蝶泉景区,景点景区,国家4A旅游景区。所属地：云南·大理白族自治州·大理市。地址：云南大理州大理蝴蝶泉景区。,25.9097562,100.0971594,wgs84
大理洱源地热国旅游景区,4A,云南,大理白族自治州,大理市,云南大理州大理洱源地热国旅游景区,景点景区,国家4A旅游景区。所属地：云南·大理白族自治州·大理市。地址：云南大理州大理洱源地热国旅游景区。,25.5961003,100.2402765,wgs84
大理州博物馆景区,4A,云南,大理白族自治州,大理市,云南大理州大理州博物馆景区,景点景区,国家4A旅游景区。所属地：云南·大理白族自治州·大理市。地址：云南大理州大理州博物馆景区。,25.6562510,100.1815807,wgs84
双廊艺术小镇文化旅游区,4A,云南,大理白族自治州,大理市,云南大理州双廊艺术小镇文化旅游区,景点景区,国家4A旅游景区。所属地：云南·大理白族自治州·大理市。地址：云南大理州双廊艺术小镇文化旅游区。,25.9185227,100.1909830,wgs84
剑川千狮山(满贤林)景区,4A,云南,大理白族自治州,剑川县,云南大理州剑川千狮山(满贤林)景区,景点景区,国家4A旅游景区。所属地：云南·大理白族自治州·剑川县。地址：云南大理州剑川千狮山(满贤林)景区。,26.5410406,99.8868190,wgs84
大理海洋世界景区,4A,云南,大理白族自治州,大理市,云南大理州大理海洋世界景区,景点景区,国家4A旅游景区。所属地：云南·大理白族自治州·大理市。地址：云南大理州大理海洋世界景区。,25.6844192,100.3153035,wgs84
大理天龙八部影视城景区,4A,云南,大理白族自治州,大理市,云南大理州大理天龙八部影视城景区,景点景区,国家4A旅游景区。所属地：云南·大理白族自治州·大理市。地址：云南大理州大理天龙八部影视城景区。,25.6830521,100.1478759,wgs84
剑川县木雕艺术小镇景区,4A,云南,大理白族自治州,剑川县,云南大理州剑川县木雕艺术小镇景区,景点景区,国家4A旅游景区。所属地：云南·大理白族自治州·剑川县。地址：云南大理州剑川县木雕艺术小镇景区。,26.5407792,99.9046433,wgs84
梁河南甸宣抚司署景区,4A,云南,德宏傣族景颇族自治州,梁河县,云南德宏州梁河南甸宣抚司署景区,景点景区,国家4A旅游景区。所属地：云南·德宏傣族景颇族自治州·梁河县。地址：云南德宏州梁河南甸宣抚司署景区。,24.8103806,98.2969062,wgs84
芒市勐巴娜西珍奇园景区,4A,云南,德宏傣族景颇族自治州,芒市,云南德宏州芒市勐巴娜西珍奇园景区,景点景区,国家4A旅游景区。所属地：云南·德宏傣族景颇族自治州·芒市。地址：云南德宏州芒市勐巴娜西珍奇园景区。,24.4293705,98.5884753,wgs84
莫里热带雨林景区,4A,云南,德宏傣族景颇族自治州,瑞丽市,云南德宏州莫里热带雨林景区,景点景区,国家4A旅游景区。所属地：云南·德宏傣族景颇族自治州·瑞丽市。地址：云南德宏州莫里热带雨林景区。,24.1108794,97.9872422,wgs84
芒市孔雀谷景区,4A,云南,德宏傣族景颇族自治州,芒市,云南德宏州芒市孔雀谷景区,景点景区,国家4A旅游景区。所属地：云南·德宏傣族景颇族自治州·芒市。地址：云南德宏州芒市孔雀谷景区。,24.4368639,98.5879332,wgs84
芒市仙佛洞景区,4A,云南,德宏傣族景颇族自治州,芒市,云南德宏州芒市仙佛洞景区,景点景区,国家4A旅游景区。所属地：云南·德宏傣族景颇族自治州·芒市。地址：云南德宏州芒市仙佛洞景区。,24.4368639,98.5879332,wgs84
瑞丽一寨两国景区,4A,云南,德宏傣族景颇族自治州,瑞丽市,云南德宏州瑞丽一寨两国景区,景点景区,国家4A旅游景区。所属地：云南·德宏傣族景颇族自治州·瑞丽市。地址：云南德宏州瑞丽一寨两国景区。,23.9559063,97.7969030,wgs84
芒市傣族古镇,4A,云南,德宏傣族景颇族自治州,芒市,云南德宏州芒市傣族古镇,景点景区,国家4A旅游景区。所属地：云南·德宏傣族景颇族自治州·芒市。地址：云南德宏州芒市傣族古镇。,24.4389340,98.6027898,wgs84
丽江玉水寨景区,4A,云南,丽江市,永胜县,云南丽江市丽江玉水寨景区,景点景区,国家4A旅游景区。所属地：云南·丽江市·永胜县。地址：云南丽江市丽江玉水寨景区。,26.5857930,100.8674714,wgs84
丽江束河古镇景区,4A,云南,丽江市,古城区,云南丽江市丽江束河古镇景区,景点景区,国家4A旅游景区。所属地：云南·丽江市·古城区。地址：云南丽江市丽江束河古镇景区。,26.9221710,100.2022875,wgs84
丽江黑龙潭景区,4A,云南,丽江市,古城区,云南丽江市丽江黑龙潭景区,景点景区,国家4A旅游景区。所属地：云南·丽江市·古城区。地址：云南丽江市丽江黑龙潭景区。,26.8900037,100.2323061,wgs84
丽江泸沽湖摩梭文化旅游区,4A,云南,丽江市,宁蒗彝族自治县,云南丽江市丽江泸沽湖摩梭文化旅游区,景点景区,国家4A旅游景区。所属地：云南·丽江市·宁蒗彝族自治县。地址：云南丽江市丽江泸沽湖摩梭文化旅游区。,27.6816141,100.7672349,wgs84
丽江观音峡景区,4A,云南,丽江市,古城区,云南丽江市丽江观音峡景区,景点景区,国家4A旅游景区。所属地：云南·丽江市·古城区。地址：云南丽江市丽江观音峡景区。,26.7681975,100.2679087,wgs84
丽江东巴谷景区,4A,云南,丽江市,玉龙纳西族自治县,云南丽江市丽江东巴谷景区,景点景区,国家4A旅游景区。所属地：云南·丽江市·玉龙纳西族自治县。地址：云南丽江市丽江东巴谷景区。,27.0096874,100.2601625,wgs84
丽江老君山国家公园黎明景区,4A,云南,丽江市,玉龙纳西族自治县,云南丽江市丽江老君山国家公园黎明景区,景点景区,国家4A旅游景区。所属地：云南·丽江市·玉龙纳西族自治县。地址：云南丽江市丽江老君山国家公园黎明景区。,27.0327671,99.6817300,wgs84
迪庆梅里雪山景区,4A,云南,迪庆藏族自治州,德钦县,云南迪庆州迪庆梅里雪山景区,景点景区,国家4A旅游景区。所属地：云南·迪庆藏族自治州·德钦县。地址：云南迪庆州迪庆梅里雪山景区。,28.4499767,98.9109188,wgs84
迪庆虎跳峡景区,4A,云南,迪庆藏族自治州,香格里拉市,云南迪庆州迪庆虎跳峡景区,景点景区,国家4A旅游景区。所属地：云南·迪庆藏族自治州·香格里拉市。地址：云南迪庆州迪庆虎跳峡景区。,27.1861908,100.0513353,wgs84
迪庆香格里拉松赞林景区,4A,云南,迪庆藏族自治州,香格里拉市,云南迪庆州迪庆香格里拉松赞林景区,景点景区,国家4A旅游景区。所属地：云南·迪庆藏族自治州·香格里拉市。地址：云南迪庆州迪庆香格里拉松赞林景区。,27.8496145,99.7023810,wgs84
香格里拉蓝月山谷旅游区,4A,云南,迪庆藏族自治州,香格里拉市,云南迪庆州香格里拉蓝月山谷旅游区,景点景区,国家4A旅游景区。所属地：云南·迪庆藏族自治州·香格里拉市。地址：云南迪庆州香格里拉蓝月山谷旅游区。,27.7969077,99.6301542,wgs84
迪庆香格里拉大峡谷·巴拉格宗景区,4A,云南,迪庆藏族自治州,香格里拉市,云南迪庆州迪庆香格里拉大峡谷·巴拉格宗景区,景点景区,国家4A旅游景区。所属地：云南·迪庆藏族自治州·香格里拉市。地址：云南迪庆州迪庆香格里拉大峡谷·巴拉格宗景区。,28.3464483,99.4857139,wgs84
临沧沧源葫芦小镇景区,4A,云南,临沧市,沧源佤族自治县,云南临沧市临沧沧源葫芦小镇景区,景点景区,国家4A旅游景区。所属地：云南·临沧市·沧源佤族自治县。地址：云南临沧市临沧沧源葫芦小镇景区。,23.1377675,99.2327349,wgs84
沧源司岗里崖画谷景区,4A,云南,临沧市,沧源佤族自治县,云南临沧市沧源司岗里崖画谷景区,景点景区,国家4A旅游景区。所属地：云南·临沧市·沧源佤族自治县。地址：云南临沧市沧源司岗里崖画谷景区。,23.2735325,99.3193495,wgs84
双江荣康达乌龙茶庄园景区,4A,云南,临沧市,双江拉祜族佤族布朗族傣族自治县,云南临沧市双江荣康达乌龙茶庄园景区,景点景区,国家4A旅游景区。所属地：云南·临沧市·双江拉祜族佤族布朗族傣族自治县。地址：云南临沧市双江荣康达乌龙茶庄园景区。,23.4762860,99.8267495,wgs84
博尚碗窑七彩陶瓷文化景区,4A,云南,临沧市,临翔区,云南临沧市博尚碗窑七彩陶瓷文化景区,景点景区,国家4A旅游景区。所属地：云南·临沧市·临翔区。地址：云南临沧市博尚碗窑七彩陶瓷文化景区。,23.7581809,100.0321455,wgs84
凤庆县滇红第一村景区,4A,云南,临沧市,凤庆县,云南临沧市凤庆县滇红第一村景区,景点景区,国家4A旅游景区。所属地：云南·临沧市·凤庆县。地址：云南临沧市凤庆县滇红第一村景区。,24.5835962,99.9275723,wgs84
班洪葫芦王地景区,4A,云南,临沧市,沧源佤族自治县,云南临沧市班洪葫芦王地景区,景点景区,国家4A旅游景区。所属地：云南·临沧市·沧源佤族自治县。地址：云南临沧市班洪葫芦王地景区。,23.2973553,99.1017934,wgs84
和成·临沧生态文化创意产业园,4A,云南,临沧市,永德县,云南临沧市和成·临沧生态文化创意产业园,景点景区,国家4A旅游景区。所属地：云南·临沧市·永德县。地址：云南临沧市和成·临沧生态文化创意产业园。,24.2648041,99.6259552,wgs84
文山州广南世外桃源坝美景区,4A,云南,文山壮族苗族自治州,广南县,云南文山州文山州广南世外桃源坝美景区,景点景区,国家4A旅游景区。所属地：云南·文山壮族苗族自治州·广南县。地址：云南文山州文山州广南世外桃源坝美景区。,24.0580484,105.0544179,wgs84
文山州英雄老山圣地景区,4A,云南,文山壮族苗族自治州,麻栗坡县,云南文山州文山州英雄老山圣地景区,景点景区,国家4A旅游景区。所属地：云南·文山壮族苗族自治州·麻栗坡县。地址：云南文山州文山州英雄老山圣地景区。,22.9785600,104.8003318,wgs84
文山州西畴国家石漠公园景区,4A,云南,文山壮族苗族自治州,西畴县,云南文山州文山州西畴国家石漠公园景区,景点景区,国家4A旅游景区。所属地：云南·文山壮族苗族自治州·西畴县。地址：云南文山州文山州西畴国家石漠公园景区。,23.4405434,104.6703442,wgs84
广南县西洋江大峡谷旅游景区,4A,云南,文山壮族苗族自治州,广南县,云南文山州广南县西洋江大峡谷旅游景区,景点景区,国家4A旅游景区。所属地：云南·文山壮族苗族自治州·广南县。地址：云南文山州广南县西洋江大峡谷旅游景区。,23.9286412,105.0848162,wgs84
贡山独龙江旅游区,4A,云南,怒江傈僳族自治州,贡山独龙族怒族自治县,云南怒江州贡山独龙江旅游区,景点景区,国家4A旅游景区。所属地：云南·怒江傈僳族自治州·贡山独龙族怒族自治县。地址：云南怒江州贡山独龙江旅游区。,27.7228662,98.3484254,wgs84
小沙坝服务区,4A,云南,怒江傈僳族自治州,泸水市,云南怒江州小沙坝服务区,景点景区,国家4A旅游景区。所属地：云南·怒江傈僳族自治州·泸水市。地址：云南怒江州小沙坝服务区。,25.9065306,98.8302168,wgs84
老姆登·知子罗景区,4A,云南,怒江傈僳族自治州,福贡县,云南怒江州老姆登·知子罗景区,景点景区,国家4A旅游景区。所属地：云南·怒江傈僳族自治州·福贡县。地址：云南怒江州老姆登·知子罗景区。,26.5590945,98.9198672,wgs84
布达拉宫,5A,西藏,拉萨市,城关区,西藏拉萨市城关区北京中路宫前巷35号布达拉宫,景点景区,国家5A旅游景区。所属地：西藏·拉萨市·城关区。地址：西藏拉萨市城关区北京中路宫前巷35号布达拉宫。,29.6571993,91.1169122,wgs84
大昭寺,5A,西藏,拉萨市,城关区,西藏拉萨市城关区八角街大昭寺,景点景区,国家5A旅游景区。所属地：西藏·拉萨市·城关区。地址：西藏拉萨市城关区八角街大昭寺。,29.6530046,91.1317923,wgs84
扎什伦布寺景区,5A,西藏,日喀则市,桑珠孜区,西藏日喀则市桑珠孜区市城扎什伦布寺景区,景点景区,国家5A旅游景区。所属地：西藏·日喀则市·桑珠孜区。地址：西藏日喀则市桑珠孜区市城扎什伦布寺景区。,29.2686450,88.8698943,wgs84
巴松措风景旅游区,5A,西藏,林芝市,工布江达县,西藏工布江达县错高乡巴松措风景旅游区,景点景区,国家5A旅游景区。所属地：西藏·林芝市·工布江达县。地址：西藏工布江达县错高乡巴松措风景旅游区。,30.0170039,93.9480162,wgs84
雅鲁藏布大峡谷景区,5A,西藏,林芝市,米林县,西藏米林县派镇雅鲁藏布大峡谷景区,景点景区,国家5A旅游景区。所属地：西藏·林芝市·米林县。地址：西藏米林县派镇雅鲁藏布大峡谷景区。,29.5151086,94.8738748,wgs84
罗布林卡,4A,西藏,拉萨市,城关区,西藏拉萨市城关区罗布林卡路21号罗布林卡,景点景区,国家4A旅游景区。所属地：西藏·拉萨市·城关区。地址：西藏拉萨市城关区罗布林卡路21号罗布林卡。,29.6542638,91.0908893,wgs84
西藏博物馆,4A,西藏,拉萨市,城关区,西藏拉萨市城关区罗布林卡路19号西藏博物馆,景点景区,国家4A旅游景区。所属地：西藏·拉萨市·城关区。地址：西藏拉萨市城关区罗布林卡路19号西藏博物馆。,29.6511983,91.0973288,wgs84
哲蚌寺,4A,西藏,拉萨市,城关区,西藏拉萨市北京西路276号哲蚌寺,景点景区,国家4A旅游景区。所属地：西藏·拉萨市·城关区。地址：西藏拉萨市北京西路276号哲蚌寺。,29.6759546,91.0483850,wgs84
牦牛博物馆,4A,西藏,拉萨市,堆龙德庆区,西藏拉萨市柳梧新区察古大道16号牦牛博物馆,景点景区,国家4A旅游景区。所属地：西藏·拉萨市·堆龙德庆区。地址：西藏拉萨市柳梧新区察古大道16号牦牛博物馆。,29.6217957,91.0887051,wgs84
西藏自然科学博物馆,4A,西藏,拉萨市,城关区,西藏拉萨市新藏大对面西藏自然科学博物馆,景点景区,国家4A旅游景区。所属地：西藏·拉萨市·城关区。地址：西藏拉萨市新藏大对面西藏自然科学博物馆。,29.6495757,91.1809585,wgs84
文成公主藏文化风情园景区,4A,西藏,拉萨市,城关区,西藏拉萨市次角林文创园文成公主藏文化风情园景区,景点景区,国家4A旅游景区。所属地：西藏·拉萨市·城关区。地址：西藏拉萨市次角林文创园文成公主藏文化风情园景区。,29.6074986,91.1379887,wgs84
萨迦寺景区,4A,西藏,日喀则市,萨迦县,西藏日喀则市萨迦县县城萨迦寺景区,景点景区,国家4A旅游景区。所属地：西藏·日喀则市·萨迦县。地址：西藏日喀则市萨迦县县城萨迦寺景区。,28.9020926,88.0200523,wgs84
萨迦古城景区,4A,西藏,日喀则市,萨迦县,西藏日喀则市萨迦县县城萨迦古城景区,景点景区,国家4A旅游景区。所属地：西藏·日喀则市·萨迦县。地址：西藏日喀则市萨迦县县城萨迦古城景区。,28.9020926,88.0200523,wgs84
珠峰自然保护区,4A,西藏,日喀则市,定日县,西藏日喀则市定日县扎西宗乡珠峰自然保护区,景点景区,国家4A旅游景区。所属地：西藏·日喀则市·定日县。地址：西藏日喀则市定日县扎西宗乡珠峰自然保护区。,28.1692607,86.8409132,wgs84
江孜宗山抗英遗址红色旅游景区,4A,西藏,日喀则市,江孜县,西藏江孜县县城江孜宗山抗英遗址红色旅游景区,景点景区,国家4A旅游景区。所属地：西藏·日喀则市·江孜县。地址：西藏江孜县县城江孜宗山抗英遗址红色旅游景区。,28.9178298,89.5997262,wgs84
博览园区,4A,西藏,日喀则市,白朗县,西藏日喀则市白朗县博览园区,景点景区,国家4A旅游景区。所属地：西藏·日喀则市·白朗县。地址：西藏日喀则市白朗县博览园区。,28.8175258,89.0953516,wgs84
桑耶寺,4A,西藏,山南市,扎囊县,西藏扎囊县桑耶镇，桑耶居委会桑耶寺,景点景区,国家4A旅游景区。所属地：西藏·山南市·扎囊县。地址：西藏扎囊县桑耶镇，桑耶居委会桑耶寺。,29.3265984,91.5024279,wgs84
昌珠寺旅游景区,4A,西藏,山南市,乃东区,西藏乃东区昌珠镇昌珠寺旅游景区,景点景区,国家4A旅游景区。所属地：西藏·山南市·乃东区。地址：西藏乃东区昌珠镇昌珠寺旅游景区。,29.1937977,91.7720229,wgs84
玉麦自然人文景区,4A,西藏,山南市,隆子县,西藏玉麦景区玉麦自然人文景区,景点景区,国家4A旅游景区。所属地：西藏·山南市·隆子县。地址：西藏玉麦景区玉麦自然人文景区。,28.6323711,93.0725073,wgs84
卡定沟,4A,西藏,林芝市,巴宜区,西藏林芝市巴宜区多布村卡定沟景区卡定沟,景点景区,国家4A旅游景区。所属地：西藏·林芝市·巴宜区。地址：西藏林芝市巴宜区多布村卡定沟景区卡定沟。,29.7592066,94.1688494,wgs84
世界柏树王园林景区,4A,西藏,林芝市,巴宜区,西藏巴宜区八一镇巴吉村世界柏树王园林景区,景点景区,国家4A旅游景区。所属地：西藏·林芝市·巴宜区。地址：西藏巴宜区八一镇巴吉村世界柏树王园林景区。,29.6254101,94.3903042,wgs84
南伊沟风景区,4A,西藏,林芝市,米林县,西藏米林县南伊乡南伊沟风景区,景点景区,国家4A旅游景区。所属地：西藏·林芝市·米林县。地址：西藏米林县南伊乡南伊沟风景区。,29.1876998,94.1950090,wgs84
米堆冰川景区,4A,西藏,林芝市,波密县,西藏西藏林芝市波密县玉普乡米堆村米堆冰川景区,景点景区,国家4A旅游景区。所属地：西藏·林芝市·波密县。地址：西藏西藏林芝市波密县玉普乡米堆村米堆冰川景区。,29.5376887,96.5015328,wgs84
波密红楼红色系列景区,4A,西藏,林芝市,波密县,西藏波密县县委大院波密红楼红色系列景区,景点景区,国家4A旅游景区。所属地：西藏·林芝市·波密县。地址：西藏波密县县委大院波密红楼红色系列景区。,29.8618300,95.7671037,wgs84
鲁朗景区,4A,西藏,林芝市,巴宜区,西藏巴宜区318国道，鲁朗镇扎西岗鲁朗景区,景点景区,国家4A旅游景区。所属地：西藏·林芝市·巴宜区。地址：西藏巴宜区318国道，鲁朗镇扎西岗鲁朗景区。,29.7014883,94.7302647,wgs84
千年古盐田民俗旅游风景区,4A,西藏,昌都市,芒康县,西藏芒康县千年古盐田民俗旅游风景区,景点景区,国家4A旅游景区。所属地：西藏·昌都市·芒康县。地址：西藏芒康县千年古盐田民俗旅游风景区。,29.0352159,98.6045856,wgs84
西藏解放第一村景区,4A,西藏,昌都市,江达县,西藏江达县西藏解放第一村景区,景点景区,国家4A旅游景区。所属地：西藏·昌都市·江达县。地址：西藏江达县西藏解放第一村景区。,31.5014659,98.2180162,wgs84
神山圣湖景区,4A,西藏,阿里地区,普兰县,西藏阿里地区普兰县神山圣湖景区,景点景区,国家4A旅游景区。所属地：西藏·阿里地区·普兰县。地址：西藏阿里地区普兰县神山圣湖景区。,30.5799507,81.4813746,wgs84
秦始皇帝陵博物院,5A,陕西,西安市,临潼区,陕西西安市临潼区秦始皇帝陵博物院,景点景区,国家5A旅游景区。所属地：陕西·西安市·临潼区。地址：陕西西安市临潼区秦始皇帝陵博物院。,34.3865836,109.2589420,wgs84
陕西华清宫文化旅游景区,5A,陕西,西安市,临潼区,陕西西安市临潼区华清路038号陕西华清宫文化旅游景区,景点景区,国家5A旅游景区。所属地：陕西·西安市·临潼区。地址：陕西西安市临潼区华清路038号陕西华清宫文化旅游景区。,34.3645557,109.2076562,wgs84
西安曲江大雁塔·大唐芙蓉园景区,5A,陕西,西安市,雁塔区,陕西西安市曲江新区芙蓉西路99号西安曲江大雁塔·大唐芙蓉园景区,景点景区,国家5A旅游景区。所属地：陕西·西安市·雁塔区。地址：陕西西安市曲江新区芙蓉西路99号西安曲江大雁塔·大唐芙蓉园景区。,34.2142599,108.9696164,wgs84
西安城墙·碑林历史文化景区,5A,陕西,西安市,碑林区,陕西西安市碑林区西安城墙·碑林历史文化景区,景点景区,国家5A旅游景区。所属地：陕西·西安市·碑林区。地址：陕西西安市碑林区西安城墙·碑林历史文化景区。,34.2541534,108.9636904,wgs84
大明宫国家遗址公园,5A,陕西,西安市,新城区,陕西西安市新城区自强东路585号大明宫国家遗址公园,景点景区,国家5A旅游景区。所属地：陕西·西安市·新城区。地址：陕西西安市新城区自强东路585号大明宫国家遗址公园。,34.2938687,108.9589172,wgs84
法门文化景区,5A,陕西,宝鸡市,扶风县,陕西宝鸡市扶风县法门镇法门文化景区,景点景区,国家5A旅游景区。所属地：陕西·宝鸡市·扶风县。地址：陕西宝鸡市扶风县法门镇法门文化景区。,34.4394916,107.8993504,wgs84
太白山旅游景区,5A,陕西,宝鸡市,眉县,陕西宝鸡市眉县汤峪镇太白山旅游景区,景点景区,国家5A旅游景区。所属地：陕西·宝鸡市·眉县。地址：陕西宝鸡市眉县汤峪镇太白山旅游景区。,34.1501336,107.8736811,wgs84
华山景区,5A,陕西,渭南市,华阴市,陕西渭南市渭南市华阴市玉泉路南段华山景区,景点景区,国家5A旅游景区。所属地：陕西·渭南市·华阴市。地址：陕西渭南市渭南市华阴市玉泉路南段华山景区。,34.4904632,110.0627109,wgs84
黄帝陵景区,5A,陕西,延安市,黄陵县,陕西延安市黄陵县城东关179号黄帝陵景区,景点景区,国家5A旅游景区。所属地：陕西·延安市·黄陵县。地址：陕西延安市黄陵县城东关179号黄帝陵景区。,35.5855623,109.2660573,wgs84
延安革命纪念地景区（宝塔山景区）,5A,陕西,延安市,宝塔区,陕西延安市宝塔区嘉陵路宝塔山景区延安革命纪念地景区（宝塔山景区）,景点景区,国家5A旅游景区。所属地：陕西·延安市·宝塔区。地址：陕西延安市宝塔区嘉陵路宝塔山景区延安革命纪念地景区（宝塔山景区）。,36.5933562,109.4919472,wgs84
延安革命纪念地景区（杨家岭革命旧址）,5A,陕西,延安市,宝塔区,陕西延安市延安市宝塔区杨家岭路延安革命纪念地景区（杨家岭革命旧址）,景点景区,国家5A旅游景区。所属地：陕西·延安市·宝塔区。地址：陕西延安市延安市宝塔区杨家岭路延安革命纪念地景区（杨家岭革命旧址）。,36.6189161,109.4627277,wgs84
延安革命纪念地景区（枣园革命旧址）,5A,陕西,延安市,宝塔区,陕西延安市宝塔区枣园街道办1938广场对面延安革命纪念地景区（枣园革命旧址）,景点景区,国家5A旅游景区。所属地：陕西·延安市·宝塔区。地址：陕西延安市宝塔区枣园街道办1938广场对面延安革命纪念地景区（枣园革命旧址）。,36.6276149,109.4159052,wgs84
延安革命纪念地景区（延安革命纪念馆）,5A,陕西,延安市,宝塔区,陕西延安市延安市宝塔区圣地路9号延安革命纪念馆延安革命纪念地景区（延安革命纪念馆）,景点景区,国家5A旅游景区。所属地：陕西·延安市·宝塔区。地址：陕西延安市延安市宝塔区圣地路9号延安革命纪念馆延安革命纪念地景区（延安革命纪念馆）。,36.6087481,109.4725175,wgs84
延安革命纪念地景区（中共中央西北局旧址）,5A,陕西,延安市,宝塔区,陕西延安市陕西省延安市宝塔区南关街2号延安革命纪念地景区（中共中央西北局旧址）,景点景区,国家5A旅游景区。所属地：陕西·延安市·宝塔区。地址：陕西延安市陕西省延安市宝塔区南关街2号延安革命纪念地景区（中共中央西北局旧址）。,36.5830665,109.4766285,wgs84
金丝峡景区,5A,陕西,商洛市,商南县,陕西商洛市商南县金丝峡镇金丝峡景区,景点景区,国家5A旅游景区。所属地：陕西·商洛市·商南县。地址：陕西商洛市商南县金丝峡镇金丝峡景区。,33.3565334,110.5608493,wgs84
陕西翠华山国家地质公园,4A,陕西,西安市,长安区,陕西西安市西安市长安区太乙宫镇翠华山景区陕西翠华山国家地质公园,景点景区,国家4A旅游景区。所属地：陕西·西安市·长安区。地址：陕西西安市西安市长安区太乙宫镇翠华山景区陕西翠华山国家地质公园。,33.9896370,109.0163364,wgs84
曲江海洋极地公园,4A,陕西,西安市,雁塔区,陕西西安市西安曲江新区北池头一路一号曲江海洋极地公园,景点景区,国家4A旅游景区。所属地：陕西·西安市·雁塔区。地址：陕西西安市西安曲江新区北池头一路一号曲江海洋极地公园。,34.2167484,108.9756853,wgs84
陕西太平国家森林公园,4A,陕西,西安市,鄠邑区,陕西西安市西安市鄠邑区太平峪陕西太平国家森林公园,景点景区,国家4A旅游景区。所属地：陕西·西安市·鄠邑区。地址：陕西西安市西安市鄠邑区太平峪陕西太平国家森林公园。,33.9189536,108.6533706,wgs84
西安秦岭野生动物园,4A,陕西,西安市,长安区,陕西西安市陕西省西安市长安区滦镇西安秦岭野生动物园,景点景区,国家4A旅游景区。所属地：陕西·西安市·长安区。地址：陕西西安市陕西省西安市长安区滦镇西安秦岭野生动物园。,34.0588963,108.8488147,wgs84
西安曲江楼观道文化展示区,4A,陕西,西安市,周至县,陕西西安市周至县楼观镇西安曲江楼观道文化展示区,景点景区,国家4A旅游景区。所属地：陕西·西安市·周至县。地址：陕西西安市周至县楼观镇西安曲江楼观道文化展示区。,34.0684453,108.3246384,wgs84
朱雀国家森林公园,4A,陕西,西安市,鄠邑区,陕西西安市鄠邑区涝峪朱雀国家森林公园,景点景区,国家4A旅游景区。所属地：陕西·西安市·鄠邑区。地址：陕西西安市鄠邑区涝峪朱雀国家森林公园。,33.7851624,108.5769288,wgs84
西安世博园,4A,陕西,西安市,灞桥区,陕西西安市西安市浐灞生态区世博大道1号西安世博园,景点景区,国家4A旅游景区。所属地：陕西·西安市·灞桥区。地址：陕西西安市西安市浐灞生态区世博大道1号西安世博园。,34.3244260,109.0562105,wgs84
西安浐灞国家湿地公园,4A,陕西,西安市,未央区,陕西西安市西安市浐灞生态区启源三路1号西安浐灞国家湿地公园,景点景区,国家4A旅游景区。所属地：陕西·西安市·未央区。地址：陕西西安市西安市浐灞生态区启源三路1号西安浐灞国家湿地公园。,34.4213418,109.0003692,wgs84
西安博物院,4A,陕西,西安市,碑林区,陕西西安市碑林区友谊西路72号西安博物院,景点景区,国家4A旅游景区。所属地：陕西·西安市·碑林区。地址：陕西西安市碑林区友谊西路72号西安博物院。,34.2389148,108.9360752,wgs84
西安汉城湖景区,4A,陕西,西安市,未央区,陕西西安市凤城三路与朱宏路十字以南200米路西，正门朝东西安汉城湖景区,景点景区,国家4A旅游景区。所属地：陕西·西安市·未央区。地址：陕西西安市凤城三路与朱宏路十字以南200米路西，正门朝东西安汉城湖景区。,34.3219220,108.9093974,wgs84
大唐西市文化景区,4A,陕西,西安市,莲湖区,陕西西安市莲湖区劳动南路118号大唐西市文化景区,景点景区,国家4A旅游景区。所属地：陕西·西安市·莲湖区。地址：陕西西安市莲湖区劳动南路118号大唐西市文化景区。,34.2472939,108.9044448,wgs84
广仁寺,4A,陕西,西安市,莲湖区,陕西西安市莲湖区西北一路152号广仁寺,景点景区,国家4A旅游景区。所属地：陕西·西安市·莲湖区。地址：陕西西安市莲湖区西北一路152号广仁寺。,34.2761729,108.9212580,wgs84
昆明池·七夕公园,4A,陕西,西安市,未央区,陕西西安市陕西省西安市沣东新城斗门新型工业园汇新路北段昆明池·七夕公园,景点景区,国家4A旅游景区。所属地：陕西·西安市·未央区。地址：陕西西安市陕西省西安市沣东新城斗门新型工业园汇新路北段昆明池·七夕公园。,34.3039337,108.8076713,wgs84
汉景帝阳陵博物院,4A,陕西,西安市,莲湖区,陕西西安市西安咸阳国际机场专线公路东段 汉景帝阳陵博物院,景点景区,国家4A旅游景区。所属地：陕西·西安市·莲湖区。地址：陕西西安市西安咸阳国际机场专线公路东段 汉景帝阳陵博物院。,34.2595959,108.9057088,wgs84
陕西张裕瑞那城堡酒庄,4A,陕西,西安市,雁塔区,陕西西安市西咸新区秦汉新城渭城镇坡刘村向东100米陕西张裕瑞那城堡酒庄,景点景区,国家4A旅游景区。所属地：陕西·西安市·雁塔区。地址：陕西西安市西咸新区秦汉新城渭城镇坡刘村向东100米陕西张裕瑞那城堡酒庄。,34.2246501,108.8829209,wgs84
乐华城乐华恒业欢乐世界景区,4A,陕西,西安市,雁塔区,陕西西安市西咸新区泾河新城沣泾大道东段1号乐华城乐华恒业欢乐世界景区,景点景区,国家4A旅游景区。所属地：陕西·西安市·雁塔区。地址：陕西西安市西咸新区泾河新城沣泾大道东段1号乐华城乐华恒业欢乐世界景区。,34.2246501,108.8829209,wgs84
泾河新城茯茶镇景区,4A,陕西,西安市,雁塔区,陕西西安市西咸新区泾河新城茶马大道与高泾大道交叉处西北角泾河新城茯茶镇景区,景点景区,国家4A旅游景区。所属地：陕西·西安市·雁塔区。地址：陕西西安市西咸新区泾河新城茶马大道与高泾大道交叉处西北角泾河新城茯茶镇景区。,34.2246501,108.8829209,wgs84
西安关中民俗艺术博物院,4A,陕西,西安市,长安区,陕西西安市西安市长安区五台古镇南五台山路一号西安关中民俗艺术博物院,景点景区,国家4A旅游景区。所属地：陕西·西安市·长安区。地址：陕西西安市西安市长安区五台古镇南五台山路一号西安关中民俗艺术博物院。,34.0287543,108.9694382,wgs84
金龙峡风景区,4A,陕西,西安市,鄠邑区,陕西西安市陕西省西安市鄠邑区石井镇蔡家坡金龙峡风景区,景点景区,国家4A旅游景区。所属地：陕西·西安市·鄠邑区。地址：陕西西安市陕西省西安市鄠邑区石井镇蔡家坡金龙峡风景区。,34.0107873,108.6379869,wgs84
白鹿原影视城,4A,陕西,西安市,蓝田县,陕西西安市蓝田县焦岱镇老虎沟村白鹿原影视城,景点景区,国家4A旅游景区。所属地：陕西·西安市·蓝田县。地址：陕西西安市蓝田县焦岱镇老虎沟村白鹿原影视城。,34.0772275,109.2737512,wgs84
王顺山国家森林公园,4A,陕西,西安市,蓝田县,陕西西安市蓝田县蓝桥镇安子沟村王顺山国家森林公园,景点景区,国家4A旅游景区。所属地：陕西·西安市·蓝田县。地址：陕西西安市蓝田县蓝桥镇安子沟村王顺山国家森林公园。,34.0889038,109.4766977,wgs84
西安市黑河景区,4A,陕西,西安市,周至县,陕西西安市西安市周至县城南61公里西安市黑河景区,景点景区,国家4A旅游景区。所属地：陕西·西安市·周至县。地址：陕西西安市西安市周至县城南61公里西安市黑河景区。,34.1650861,108.2174803,wgs84
周至水街沙沙河,4A,陕西,西安市,周至县,陕西西安市周至县城南2公里周至水街沙沙河,景点景区,国家4A旅游景区。所属地：陕西·西安市·周至县。地址：陕西西安市周至县城南2公里周至水街沙沙河。,34.1394139,108.2060587,wgs84
西安半坡博物馆,4A,陕西,西安市,灞桥区,陕西西安市灞桥区半坡路155号西安半坡博物馆,景点景区,国家4A旅游景区。所属地：陕西·西安市·灞桥区。地址：陕西西安市灞桥区半坡路155号西安半坡博物馆。,34.2745554,109.0461160,wgs84
白鹿原白鹿仓,4A,陕西,西安市,灞桥区,陕西西安市灞桥区水安路368号白鹿原白鹿仓,景点景区,国家4A旅游景区。所属地：陕西·西安市·灞桥区。地址：陕西西安市灞桥区水安路368号白鹿原白鹿仓。,34.2193173,109.1091507,wgs84
陕西自然博物馆,4A,陕西,西安市,雁塔区,陕西西安市西安市雁塔区长延堡街道办事处长安南路88号陕西自然博物馆,景点景区,国家4A旅游景区。所属地：陕西·西安市·雁塔区。地址：陕西西安市西安市雁塔区长延堡街道办事处长安南路88号陕西自然博物馆。,34.1975238,108.9419462,wgs84
陕西历史博物馆,4A,陕西,西安市,雁塔区,陕西西安市西安市雁塔区小寨路街道办事处小寨东路91号陕西历史博物馆,景点景区,国家4A旅游景区。所属地：陕西·西安市·雁塔区。地址：陕西西安市西安市雁塔区小寨路街道办事处小寨东路91号陕西历史博物馆。,34.2258058,108.9503611,wgs84
岐山周文化景区,4A,陕西,宝鸡市,岐山县,陕西宝鸡市岐山县凤鸣镇岐山周文化景区,景点景区,国家4A旅游景区。所属地：陕西·宝鸡市·岐山县。地址：陕西宝鸡市岐山县凤鸣镇岐山周文化景区。,34.4796055,107.5973506,wgs84
凤凰湖景区,4A,陕西,宝鸡市,凤县,陕西宝鸡市凤县县城凤凰湖景区,景点景区,国家4A旅游景区。所属地：陕西·宝鸡市·凤县。地址：陕西宝鸡市凤县县城凤凰湖景区。,33.9129857,106.5223057,wgs84
通天河景区,4A,陕西,宝鸡市,凤县,陕西宝鸡市凤县唐藏镇通天河景区,景点景区,国家4A旅游景区。所属地：陕西·宝鸡市·凤县。地址：陕西宝鸡市凤县唐藏镇通天河景区。,34.0878648,106.5810303,wgs84
中华石鼓园,4A,陕西,宝鸡市,渭滨区,陕西宝鸡市渭滨区石鼓镇中华石鼓园,景点景区,国家4A旅游景区。所属地：陕西·宝鸡市·渭滨区。地址：陕西宝鸡市渭滨区石鼓镇中华石鼓园。,34.3513905,107.1902129,wgs84
红河谷景区,4A,陕西,宝鸡市,眉县,陕西宝鸡市眉县营头镇红河谷景区,景点景区,国家4A旅游景区。所属地：陕西·宝鸡市·眉县。地址：陕西宝鸡市眉县营头镇红河谷景区。,34.1098693,107.7442903,wgs84
关山草原景区,4A,陕西,宝鸡市,陇县,陕西宝鸡市陇县天成镇关山草原景区,景点景区,国家4A旅游景区。所属地：陕西·宝鸡市·陇县。地址：陕西宝鸡市陇县天成镇关山草原景区。,34.7279032,106.5689128,wgs84
青峰峡景区,4A,陕西,宝鸡市,太白县,陕西宝鸡市太白县桃川镇青峰峡景区,景点景区,国家4A旅游景区。所属地：陕西·宝鸡市·太白县。地址：陕西宝鸡市太白县桃川镇青峰峡景区。,34.0433144,107.4405402,wgs84
消灾寺景区,4A,陕西,宝鸡市,凤县,陕西宝鸡市凤县凤州镇消灾寺景区,景点景区,国家4A旅游景区。所属地：陕西·宝鸡市·凤县。地址：陕西宝鸡市凤县凤州镇消灾寺景区。,33.9557547,106.6181704,wgs84
龙门洞景区,4A,陕西,宝鸡市,陇县,陕西宝鸡市陇县新集川镇龙门洞景区,景点景区,国家4A旅游景区。所属地：陕西·宝鸡市·陇县。地址：陕西宝鸡市陇县新集川镇龙门洞景区。,35.0395424,106.6702005,wgs84
九成宫景区,4A,陕西,宝鸡市,麟游县,陕西宝鸡市麟游县县城九成宫景区,景点景区,国家4A旅游景区。所属地：陕西·宝鸡市·麟游县。地址：陕西宝鸡市麟游县县城九成宫景区。,34.6786910,107.7837644,wgs84
大水川旅游景区,4A,陕西,宝鸡市,陈仓区,陕西宝鸡市陈仓区香泉镇大水川旅游景区,景点景区,国家4A旅游景区。所属地：陕西·宝鸡市·陈仓区。地址：陕西宝鸡市陈仓区香泉镇大水川旅游景区。,34.4722648,106.7398142,wgs84
金台太极源文化景区,4A,陕西,宝鸡市,金台区,陕西宝鸡市金台区陵塬路112号金台太极源文化景区,景点景区,国家4A旅游景区。所属地：陕西·宝鸡市·金台区。地址：陕西宝鸡市金台区陵塬路112号金台太极源文化景区。,34.3782577,107.1479526,wgs84
九龙山景区,4A,陕西,宝鸡市,陈仓区,陕西宝鸡市陈仓区香泉镇九龙山景区,景点景区,国家4A旅游景区。所属地：陕西·宝鸡市·陈仓区。地址：陕西宝鸡市陈仓区香泉镇九龙山景区。,34.4156249,106.8508764,wgs84
扶眉战役纪念馆,4A,陕西,宝鸡市,眉县,陕西宝鸡市眉县常兴镇扶眉战役纪念馆,景点景区,国家4A旅游景区。所属地：陕西·宝鸡市·眉县。地址：陕西宝鸡市眉县常兴镇扶眉战役纪念馆。,34.2762493,107.8326121,wgs84
野河山景区,4A,陕西,宝鸡市,扶风县,陕西宝鸡市扶风县南阳镇野河山景区,景点景区,国家4A旅游景区。所属地：陕西·宝鸡市·扶风县。地址：陕西宝鸡市扶风县南阳镇野河山景区。,34.5266091,107.8951682,wgs84
长乐塬抗战工业遗址,4A,陕西,宝鸡市,金台区,陕西宝鸡市金台区新风巷7号长乐塬抗战工业遗址,景点景区,国家4A旅游景区。所属地：陕西·宝鸡市·金台区。地址：陕西宝鸡市金台区新风巷7号长乐塬抗战工业遗址。,34.3719681,107.2057699,wgs84
乾陵博物馆,4A,陕西,咸阳市,乾县,陕西咸阳市乾县312国道旁西侧乾陵博物馆,景点景区,国家4A旅游景区。所属地：陕西·咸阳市·乾县。地址：陕西咸阳市乾县312国道旁西侧乾陵博物馆。,34.5604438,108.2343829,wgs84
茂陵博物馆,4A,陕西,咸阳市,兴平市,陕西咸阳市陕西省兴平市南位镇道常村茂陵博物馆,景点景区,国家4A旅游景区。所属地：陕西·咸阳市·兴平市。地址：陕西咸阳市陕西省兴平市南位镇道常村茂陵博物馆。,34.3401067,108.5819995,wgs84
马栏革命旧址,4A,陕西,咸阳市,旬邑县,陕西咸阳市旬邑县马栏镇马栏革命旧址,景点景区,国家4A旅游景区。所属地：陕西·咸阳市·旬邑县。地址：陕西咸阳市旬邑县马栏镇马栏革命旧址。,35.2589265,108.6152784,wgs84
袁家村关中印象体验地,4A,陕西,咸阳市,礼泉县,陕西咸阳市礼泉县烟霞镇袁家村袁家村关中印象体验地,景点景区,国家4A旅游景区。所属地：陕西·咸阳市·礼泉县。地址：陕西咸阳市礼泉县烟霞镇袁家村袁家村关中印象体验地。,34.5936304,108.5342390,wgs84
马嵬驿民俗文化体验园,4A,陕西,咸阳市,兴平市,陕西咸阳市兴平市马嵬街办104省道马嵬驿民俗文化体验园,景点景区,国家4A旅游景区。所属地：陕西·咸阳市·兴平市。地址：陕西咸阳市兴平市马嵬街办104省道马嵬驿民俗文化体验园。,34.3239463,108.3754037,wgs84
郑国渠旅游景区,4A,陕西,咸阳市,泾阳县,陕西咸阳市泾阳县王桥镇岳家坡村郑国渠旅游景区,景点景区,国家4A旅游景区。所属地：陕西·咸阳市·泾阳县。地址：陕西咸阳市泾阳县王桥镇岳家坡村郑国渠旅游景区。,34.6463581,108.6017072,wgs84
云集生态园,4A,陕西,咸阳市,永寿县,陕西咸阳市永寿县甘井镇云集生态园,景点景区,国家4A旅游景区。所属地：陕西·咸阳市·永寿县。地址：陕西咸阳市永寿县甘井镇云集生态园。,34.7710562,108.0051664,wgs84
侍郎湖景区,4A,陕西,咸阳市,彬州市,陕西咸阳市彬州市水口镇侍郎湖景区,景点景区,国家4A旅游景区。所属地：陕西·咸阳市·彬州市。地址：陕西咸阳市彬州市水口镇侍郎湖景区。,34.9713661,107.9973448,wgs84
咀头休闲体验地,4A,陕西,咸阳市,淳化县,陕西咸阳市淳化县石桥镇咀头村咀头休闲体验地,景点景区,国家4A旅游景区。所属地：陕西·咸阳市·淳化县。地址：陕西咸阳市淳化县石桥镇咀头村咀头休闲体验地。,34.7705778,108.6556641,wgs84
咸阳湖景区,4A,陕西,咸阳市,秦都区,陕西咸阳市陕西省咸阳市渭阳中路9号咸阳湖景区,景点景区,国家4A旅游景区。所属地：陕西·咸阳市·秦都区。地址：陕西咸阳市陕西省咸阳市渭阳中路9号咸阳湖景区。,34.3315617,108.7132023,wgs84
昭陵博物馆,4A,陕西,咸阳市,礼泉县,陕西咸阳市礼泉县烟霞镇昭陵博物馆,景点景区,国家4A旅游景区。所属地：陕西·咸阳市·礼泉县。地址：陕西咸阳市礼泉县烟霞镇昭陵博物馆。,34.5746639,108.5371297,wgs84
陕西省铜川市印台区金锁关石林景区,4A,陕西,铜川市,印台区,陕西铜川市陕西省铜川市印台区金锁关镇何家坊村渠家庄组陕西省铜川市印台区金锁关石林景区,景点景区,国家4A旅游景区。所属地：陕西·铜川市·印台区。地址：陕西铜川市陕西省铜川市印台区金锁关镇何家坊村渠家庄组陕西省铜川市印台区金锁关石林景区。,35.2406353,108.9955390,wgs84
陕西省铜川市印台区陈炉古镇景区,4A,陕西,铜川市,印台区,陕西铜川市陕西省铜川市印台区陈炉古镇街道陕西省铜川市印台区陈炉古镇景区,景点景区,国家4A旅游景区。所属地：陕西·铜川市·印台区。地址：陕西铜川市陕西省铜川市印台区陈炉古镇街道陕西省铜川市印台区陈炉古镇景区。,35.0287240,109.1496904,wgs84
陕西省铜川市耀州区药王山景区,4A,陕西,铜川市,耀州区,陕西铜川市陕西省铜川市耀州区永安路街道办五台村陕西省铜川市耀州区药王山景区,景点景区,国家4A旅游景区。所属地：陕西·铜川市·耀州区。地址：陕西铜川市陕西省铜川市耀州区永安路街道办五台村陕西省铜川市耀州区药王山景区。,34.9076857,108.9994080,wgs84
陕西省铜川市宜君县动漫花溪谷景区,4A,陕西,铜川市,宜君县,陕西铜川市陕西省铜川市宜君县陕西省铜川市宜君县动漫花溪谷景区,景点景区,国家4A旅游景区。所属地：陕西·铜川市·宜君县。地址：陕西铜川市陕西省铜川市宜君县陕西省铜川市宜君县动漫花溪谷景区。,35.3946086,109.1281402,wgs84
陕西省铜川市耀州区照金-香山景区,4A,陕西,铜川市,耀州区,陕西铜川市陕西省铜川市耀州区照金镇陕西省铜川市耀州区照金-香山景区,景点景区,国家4A旅游景区。所属地：陕西·铜川市·耀州区。地址：陕西铜川市陕西省铜川市耀州区照金镇陕西省铜川市耀州区照金-香山景区。,35.0549897,108.8139522,wgs84
陕西省铜川市耀州区溪山胜境风景区,4A,陕西,铜川市,耀州区,陕西铜川市陕西省铜川市耀州区照金镇田玉村秀房沟组陕西省铜川市耀州区溪山胜境风景区,景点景区,国家4A旅游景区。所属地：陕西·铜川市·耀州区。地址：陕西铜川市陕西省铜川市耀州区照金镇田玉村秀房沟组陕西省铜川市耀州区溪山胜境风景区。,35.0981359,108.6427896,wgs84
陕西省铜川市印台区玉华宫景区,4A,陕西,铜川市,印台区,陕西铜川市陕西省铜川市印台区金锁关镇玉华村陕西省铜川市印台区玉华宫景区,景点景区,国家4A旅游景区。所属地：陕西·铜川市·印台区。地址：陕西铜川市陕西省铜川市印台区金锁关镇玉华村陕西省铜川市印台区玉华宫景区。,35.3235156,108.9092042,wgs84
洽川景区,4A,陕西,渭南市,合阳县,陕西渭南市渭南市合阳县洽川镇洽川景区,景点景区,国家4A旅游景区。所属地：陕西·渭南市·合阳县。地址：陕西渭南市渭南市合阳县洽川镇洽川景区。,35.1442115,110.3374396,wgs84
林皋慢城旅游景区,4A,陕西,渭南市,白水县,陕西渭南市渭南市白水县林皋镇林皋慢城旅游景区,景点景区,国家4A旅游景区。所属地：陕西·渭南市·白水县。地址：陕西渭南市渭南市白水县林皋镇林皋慢城旅游景区。,35.1663992,109.4060552,wgs84
尧头窑文化旅游生态园区,4A,陕西,渭南市,澄城县,陕西渭南市渭南市澄城县尧头镇尧头村尧头窑文化旅游生态园区,景点景区,国家4A旅游景区。所属地：陕西·渭南市·澄城县。地址：陕西渭南市渭南市澄城县尧头镇尧头村尧头窑文化旅游生态园区。,35.1573606,109.8453536,wgs84
潼关古城,4A,陕西,渭南市,潼关县,陕西渭南市渭南市潼关县潼关古城,景点景区,国家4A旅游景区。所属地：陕西·渭南市·潼关县。地址：陕西渭南市渭南市潼关县潼关古城。,34.6036935,110.2907676,wgs84
蒲城桥陵景区,4A,陕西,渭南市,蒲城县,陕西渭南市渭南市蒲城县桥陵镇蒲城桥陵景区,景点景区,国家4A旅游景区。所属地：陕西·渭南市·蒲城县。地址：陕西渭南市渭南市蒲城县桥陵镇蒲城桥陵景区。,34.9952489,109.4498364,wgs84
渭南桃花源景区,4A,陕西,渭南市,临渭区,陕西渭南市渭南市临渭区三张镇桃花源景区渭南桃花源景区,景点景区,国家4A旅游景区。所属地：陕西·渭南市·临渭区。地址：陕西渭南市渭南市临渭区三张镇桃花源景区渭南桃花源景区。,34.4259844,109.4546136,wgs84
富平中华郡,4A,陕西,渭南市,富平县,陕西渭南市渭南市富平县友谊路中断富平中华郡,景点景区,国家4A旅游景区。所属地：陕西·渭南市·富平县。地址：陕西渭南市渭南市富平县友谊路中断富平中华郡。,34.7034933,109.1863717,wgs84
渭南葡萄产业园,4A,陕西,渭南市,临渭区,陕西渭南市渭南市临渭区下邽镇渭南葡萄产业园,景点景区,国家4A旅游景区。所属地：陕西·渭南市·临渭区。地址：陕西渭南市渭南市临渭区下邽镇渭南葡萄产业园。,34.7226992,109.5336776,wgs84
陶艺村景区,4A,陕西,渭南市,富平县,陕西渭南市渭南市富平县乔山路1号陶艺村景区,景点景区,国家4A旅游景区。所属地：陕西·渭南市·富平县。地址：陕西渭南市渭南市富平县乔山路1号陶艺村景区。,34.7703703,109.1774375,wgs84
少华山国家森林公园,4A,陕西,渭南市,华州区,陕西渭南市渭南市华州区莲花寺镇少华山国家森林公园,景点景区,国家4A旅游景区。所属地：陕西·渭南市·华州区。地址：陕西渭南市渭南市华州区莲花寺镇少华山国家森林公园。,34.4894819,109.8287288,wgs84
丰图义仓,4A,陕西,渭南市,大荔县,陕西渭南市渭南市大荔县朝邑镇大寨子村丰图义仓,景点景区,国家4A旅游景区。所属地：陕西·渭南市·大荔县。地址：陕西渭南市渭南市大荔县朝邑镇大寨子村丰图义仓。,34.7856700,110.1143467,wgs84
渭华起义纪念馆,4A,陕西,渭南市,华州区,陕西渭南市渭南市华州区高塘镇渭华起义纪念馆,景点景区,国家4A旅游景区。所属地：陕西·渭南市·华州区。地址：陕西渭南市渭南市华州区高塘镇渭华起义纪念馆。,34.3985753,109.6608034,wgs84
渭南市博物馆,4A,陕西,渭南市,临渭区,陕西渭南市渭南市临渭区乐天大街中段渭南市博物馆,景点景区,国家4A旅游景区。所属地：陕西·渭南市·临渭区。地址：陕西渭南市渭南市临渭区乐天大街中段渭南市博物馆。,34.5161355,109.4642353,wgs84
黄河壶口瀑布景区,4A,陕西,延安市,宜川县,陕西延安市陕西省延安市宜川县壶口镇黄河壶口瀑布旅游区黄河壶口瀑布景区,景点景区,国家4A旅游景区。所属地：陕西·延安市·宜川县。地址：陕西延安市陕西省延安市宜川县壶口镇黄河壶口瀑布旅游区黄河壶口瀑布景区。,36.1452956,110.4432009,wgs84
延川黄河乾坤湾景区,4A,陕西,延安市,延川县,陕西延安市延川县乾坤湾镇延川黄河乾坤湾景区,景点景区,国家4A旅游景区。所属地：陕西·延安市·延川县。地址：陕西延安市延川县乾坤湾镇延川黄河乾坤湾景区。,36.7006953,110.3373368,wgs84
黄陵国家森林公园景区,4A,陕西,延安市,黄陵县,陕西延安市陕西延安黄陵腰坪黄陵国家森林公园景区,景点景区,国家4A旅游景区。所属地：陕西·延安市·黄陵县。地址：陕西延安市陕西延安黄陵腰坪黄陵国家森林公园景区。,35.5160545,108.9635199,wgs84
黄龙山景区,4A,陕西,延安市,黄龙县,陕西延安市黄龙县店子河村黄龙山景区,景点景区,国家4A旅游景区。所属地：陕西·延安市·黄龙县。地址：陕西延安市黄龙县店子河村黄龙山景区。,35.5482688,109.7758829,wgs84
吴起中央红军长征胜利纪念园景区,4A,陕西,延安市,吴起县,陕西延安市吴起县长征街和平路2号吴起中央红军长征胜利纪念园景区,景点景区,国家4A旅游景区。所属地：陕西·延安市·吴起县。地址：陕西延安市吴起县长征街和平路2号吴起中央红军长征胜利纪念园景区。,36.9236393,108.1696812,wgs84
宜川县秋林抗战纪念地景区,4A,陕西,延安市,宜川县,陕西延安市延安市宜川县秋林镇秋林村宜川县秋林抗战纪念地景区,景点景区,国家4A旅游景区。所属地：陕西·延安市·宜川县。地址：陕西延安市延安市宜川县秋林镇秋林村宜川县秋林抗战纪念地景区。,36.0510236,110.2513672,wgs84
甘泉大峡谷景区,4A,陕西,延安市,甘泉县,陕西延安市甘泉县下寺湾镇张家沟村甘泉大峡谷景区,景点景区,国家4A旅游景区。所属地：陕西·延安市·甘泉县。地址：陕西延安市甘泉县下寺湾镇张家沟村甘泉大峡谷景区。,36.4581974,109.0570797,wgs84
佳县白云山景区,4A,陕西,榆林市,佳县,陕西榆林市陕西省榆林市佳县峪口乡任家畔村佳县白云山景区,景点景区,国家4A旅游景区。所属地：陕西·榆林市·佳县。地址：陕西榆林市陕西省榆林市佳县峪口乡任家畔村佳县白云山景区。,38.0035813,110.4921583,wgs84
红碱淖旅游景区,4A,陕西,榆林市,神木市,陕西榆林市陕西省榆林市神木市尔林兔镇贾家梁村红碱淖旅游景区,景点景区,国家4A旅游景区。所属地：陕西·榆林市·神木市。地址：陕西榆林市陕西省榆林市神木市尔林兔镇贾家梁村红碱淖旅游景区。,39.0870082,109.9394508,wgs84
榆阳区黑龙潭景区,4A,陕西,榆林市,榆阳区,陕西榆林市陕西省榆林市榆阳区镇川镇红柳滩村榆阳区黑龙潭景区,景点景区,国家4A旅游景区。所属地：陕西·榆林市·榆阳区。地址：陕西榆林市陕西省榆林市榆阳区镇川镇红柳滩村榆阳区黑龙潭景区。,37.8260271,110.1403740,wgs84
榆阳区圣都乐园,4A,陕西,榆林市,榆阳区,陕西榆林市陕西省榆林市榆阳区滨河路榆阳区圣都乐园,景点景区,国家4A旅游景区。所属地：陕西·榆林市·榆阳区。地址：陕西榆林市陕西省榆林市榆阳区滨河路榆阳区圣都乐园。,38.2747727,109.7417267,wgs84
榆阳区陕北民歌博物馆,4A,陕西,榆林市,榆阳区,陕西榆林市陕西省榆林市榆阳区红山东路和金沙路十字榆阳区陕北民歌博物馆,景点景区,国家4A旅游景区。所属地：陕西·榆林市·榆阳区。地址：陕西榆林市陕西省榆林市榆阳区红山东路和金沙路十字榆阳区陕北民歌博物馆。,38.3144623,109.7639088,wgs84
神木市二郎山景区,4A,陕西,榆林市,神木市,陕西榆林市陕西省榆林市神木市城西1千米处神木市二郎山景区,景点景区,国家4A旅游景区。所属地：陕西·榆林市·神木市。地址：陕西榆林市陕西省榆林市神木市城西1千米处神木市二郎山景区。,38.8094312,110.4938165,wgs84
神木市石峁遗址文化旅游区,4A,陕西,榆林市,神木市,陕西榆林市陕西省榆林市神木市高家堡镇神木市石峁遗址文化旅游区,景点景区,国家4A旅游景区。所属地：陕西·榆林市·神木市。地址：陕西榆林市陕西省榆林市神木市高家堡镇神木市石峁遗址文化旅游区。,38.5660199,110.3130633,wgs84
神木市碧麟湾景区,4A,陕西,榆林市,神木市,陕西榆林市陕西省榆林市神木市迎宾路街道办解家堡村神木市碧麟湾景区,景点景区,国家4A旅游景区。所属地：陕西·榆林市·神木市。地址：陕西榆林市陕西省榆林市神木市迎宾路街道办解家堡村神木市碧麟湾景区。,38.7064984,110.5238482,wgs84
绥德县名州古城景区,4A,陕西,榆林市,绥德县,陕西榆林市陕西省榆林市绥德县名州镇疏属山绥德县名州古城景区,景点景区,国家4A旅游景区。所属地：陕西·榆林市·绥德县。地址：陕西榆林市陕西省榆林市绥德县名州镇疏属山绥德县名州古城景区。,37.5028314,110.2654730,wgs84
武侯墓景区,4A,陕西,汉中市,勉县,陕西汉中市勉县定军山镇元坪村武侯墓景区,景点景区,国家4A旅游景区。所属地：陕西·汉中市·勉县。地址：陕西汉中市勉县定军山镇元坪村武侯墓景区。,33.1241885,106.6401858,wgs84
张良庙紫柏山,4A,陕西,汉中市,留坝县,陕西汉中市留坝县留侯镇张良庙紫柏山,景点景区,国家4A旅游景区。所属地：陕西·汉中市·留坝县。地址：陕西汉中市留坝县留侯镇张良庙紫柏山。,33.6796957,106.8324054,wgs84
长青华阳景区,4A,陕西,汉中市,洋县,陕西汉中市洋县华阳镇长青华阳景区,景点景区,国家4A旅游景区。所属地：陕西·汉中市·洋县。地址：陕西汉中市洋县华阳镇长青华阳景区。,33.5898609,107.5430520,wgs84
黎坪景区,4A,陕西,汉中市,南郑区,陕西汉中市南郑区黎坪镇黎坪景区,景点景区,国家4A旅游景区。所属地：陕西·汉中市·南郑区。地址：陕西汉中市南郑区黎坪镇黎坪景区。,32.8448604,106.6022919,wgs84
青木川景区,4A,陕西,汉中市,宁强县,陕西汉中市宁强县青木川镇青木川景区,景点景区,国家4A旅游景区。所属地：陕西·汉中市·宁强县。地址：陕西汉中市宁强县青木川镇青木川景区。,32.7939936,105.7104492,wgs84
武侯祠景区,4A,陕西,汉中市,勉县,陕西汉中市勉县武侯镇武侯村武侯祠景区,景点景区,国家4A旅游景区。所属地：陕西·汉中市·勉县。地址：陕西汉中市勉县武侯镇武侯村武侯祠景区。,33.1519187,106.6314200,wgs84
朱鹮梨园景区,4A,陕西,汉中市,洋县,陕西汉中市洋县纸坊街道办牛头坡朱鹮梨园景区,景点景区,国家4A旅游景区。所属地：陕西·汉中市·洋县。地址：陕西汉中市洋县纸坊街道办牛头坡朱鹮梨园景区。,33.2380932,107.5581145,wgs84
石门栈道景区,4A,陕西,汉中市,勉县,陕西汉中市汉台区河东店镇石门栈道景区,景点景区,国家4A旅游景区。所属地：陕西·汉中市·勉县。地址：陕西汉中市汉台区河东店镇石门栈道景区。,33.3030788,106.8532120,wgs84
兴汉胜境景区,4A,陕西,汉中市,汉台区,陕西汉中市兴汉新区傥骆路兴汉胜境景区,景点景区,国家4A旅游景区。所属地：陕西·汉中市·汉台区。地址：陕西汉中市兴汉新区傥骆路兴汉胜境景区。,33.1106941,107.0273815,wgs84
龙头山景区,4A,陕西,汉中市,南郑区,陕西汉中市南郑区小南海镇龙头山景区,景点景区,国家4A旅游景区。所属地：陕西·汉中市·南郑区。地址：陕西汉中市南郑区小南海镇龙头山景区。,32.7529905,106.9761184,wgs84
汉江源景区,4A,陕西,汉中市,宁强县,陕西汉中市宁强县汉源街道办事处二道河村汉江源景区,景点景区,国家4A旅游景区。所属地：陕西·汉中市·宁强县。地址：陕西汉中市宁强县汉源街道办事处二道河村汉江源景区。,32.7652103,106.2307665,wgs84
五龙洞景区,4A,陕西,汉中市,略阳县,陕西汉中市略阳县五龙洞镇五龙洞村五龙洞景区,景点景区,国家4A旅游景区。所属地：陕西·汉中市·略阳县。地址：陕西汉中市略阳县五龙洞镇五龙洞村五龙洞景区。,33.5193854,106.2248179,wgs84
熊猫谷景区,4A,陕西,汉中市,佛坪县,陕西汉中市佛坪县长角坝镇熊猫谷景区,景点景区,国家4A旅游景区。所属地：陕西·汉中市·佛坪县。地址：陕西汉中市佛坪县长角坝镇熊猫谷景区。,33.6704087,107.9683624,wgs84
栈道水世界景区,4A,陕西,汉中市,留坝县,陕西汉中市留坝县武关驿镇河口村栈道水世界景区,景点景区,国家4A旅游景区。所属地：陕西·汉中市·留坝县。地址：陕西汉中市留坝县武关驿镇河口村栈道水世界景区。,33.5621292,106.9978833,wgs84
骆家坝景区,4A,陕西,汉中市,西乡县,陕西汉中市西乡县骆家坝镇骆家坝景区,景点景区,国家4A旅游景区。所属地：陕西·汉中市·西乡县。地址：陕西汉中市西乡县骆家坝镇骆家坝景区。,32.8504739,107.4257011,wgs84
张骞墓景区,4A,陕西,汉中市,城固县,陕西汉中市城固县博望街道办事处饶家营村张骞墓景区,景点景区,国家4A旅游景区。所属地：陕西·汉中市·城固县。地址：陕西汉中市城固县博望街道办事处饶家营村张骞墓景区。,33.1577052,107.2914106,wgs84
午子山景区,4A,陕西,汉中市,西乡县,陕西汉中市西乡县堰口镇午子山景区,景点景区,国家4A旅游景区。所属地：陕西·汉中市·西乡县。地址：陕西汉中市西乡县堰口镇午子山景区。,32.9634328,107.8344537,wgs84
南宫山景区,4A,陕西,安康市,岚皋县,陕西安康市岚皋县南宫山镇南宫山景区,景点景区,国家4A旅游景区。所属地：陕西·安康市·岚皋县。地址：陕西安康市岚皋县南宫山镇南宫山景区。,32.2222771,109.0133373,wgs84
汉江燕翔洞生态景区,4A,陕西,安康市,石泉县,陕西安康市石泉县熨斗镇汉江燕翔洞生态景区,景点景区,国家4A旅游景区。所属地：陕西·安康市·石泉县。地址：陕西安康市石泉县熨斗镇汉江燕翔洞生态景区。,32.7958103,108.1500953,wgs84
瀛湖旅游景区,4A,陕西,安康市,汉滨区,陕西安康市汉滨区瀛湖镇瀛湖旅游景区,景点景区,国家4A旅游景区。所属地：陕西·安康市·汉滨区。地址：陕西安康市汉滨区瀛湖镇瀛湖旅游景区。,32.6259876,108.8869928,wgs84
中坝大峡谷景区,4A,陕西,安康市,石泉县,陕西安康市石泉县后柳镇中坝大峡谷景区,景点景区,国家4A旅游景区。所属地：陕西·安康市·石泉县。地址：陕西安康市石泉县后柳镇中坝大峡谷景区。,32.9138096,108.1276278,wgs84
筒车湾休闲景区（停业）,4A,陕西,安康市,宁陕县,陕西安康市宁陕县筒车湾镇许家城村筒车湾休闲景区（停业）,景点景区,国家4A旅游景区。所属地：陕西·安康市·宁陕县。地址：陕西安康市宁陕县筒车湾镇许家城村筒车湾休闲景区（停业）。,33.3996305,108.2186948,wgs84
双龙生态旅游景区,4A,陕西,安康市,汉滨区,陕西安康市汉滨区双龙镇双龙生态旅游景区,景点景区,国家4A旅游景区。所属地：陕西·安康市·汉滨区。地址：陕西安康市汉滨区双龙镇双龙生态旅游景区。,32.4375500,108.9560890,wgs84
飞渡峡·黄安坝景区,4A,陕西,安康市,镇坪县,陕西安康市镇坪县曙坪镇飞渡峡·黄安坝景区,景点景区,国家4A旅游景区。所属地：陕西·安康市·镇坪县。地址：陕西安康市镇坪县曙坪镇飞渡峡·黄安坝景区。,31.8565732,109.4292616,wgs84
天书峡景区,4A,陕西,安康市,平利县,陕西安康市平利县八仙镇天书峡景区,景点景区,国家4A旅游景区。所属地：陕西·安康市·平利县。地址：陕西安康市平利县八仙镇天书峡景区。,32.0153349,109.3053041,wgs84
汉江石泉古城景区,4A,陕西,安康市,石泉县,陕西安康市石泉县城关镇汉江石泉古城景区,景点景区,国家4A旅游景区。所属地：陕西·安康市·石泉县。地址：陕西安康市石泉县城关镇汉江石泉古城景区。,33.0392109,108.2446458,wgs84
安康高新秦巴文化生态旅游区,4A,陕西,安康市,汉滨区,陕西安康市安康高新区安康高新秦巴文化生态旅游区,景点景区,国家4A旅游景区。所属地：陕西·安康市·汉滨区。地址：陕西安康市安康高新区安康高新秦巴文化生态旅游区。,32.7042106,108.9608534,wgs84
石泉鬼谷岭景区,4A,陕西,安康市,石泉县,陕西安康市石泉县云雾山镇石泉鬼谷岭景区,景点景区,国家4A旅游景区。所属地：陕西·安康市·石泉县。地址：陕西安康市石泉县云雾山镇石泉鬼谷岭景区。,33.1569224,108.2977548,wgs84
白河县天宝梯彩农园景区,4A,陕西,安康市,白河县,陕西安康市白河县仓上镇白河县天宝梯彩农园景区,景点景区,国家4A旅游景区。所属地：陕西·安康市·白河县。地址：陕西安康市白河县仓上镇白河县天宝梯彩农园景区。,32.8265875,109.6971542,wgs84
汉阴凤堰古梯田景区,4A,陕西,安康市,汉阴县,陕西安康市汉阴县漩涡镇汉阴凤堰古梯田景区,景点景区,国家4A旅游景区。所属地：陕西·安康市·汉阴县。地址：陕西安康市汉阴县漩涡镇汉阴凤堰古梯田景区。,32.7914086,108.4657006,wgs84
旬阳县蜀河古镇景区,4A,陕西,安康市,旬阳市,陕西安康市旬阳县蜀河镇旬阳县蜀河古镇景区,景点景区,国家4A旅游景区。所属地：陕西·安康市·旬阳市。地址：陕西安康市旬阳县蜀河镇旬阳县蜀河古镇景区。,32.9350024,109.7011492,wgs84
石泉雁山瀑布景区,4A,陕西,安康市,石泉县,陕西安康市石泉县喜河镇石泉雁山瀑布景区,景点景区,国家4A旅游景区。所属地：陕西·安康市·石泉县。地址：陕西安康市石泉县喜河镇石泉雁山瀑布景区。,32.8802083,108.2349645,wgs84
牛背梁景区,4A,陕西,商洛市,柞水县,陕西商洛市柞水县营盘镇牛背梁景区,景点景区,国家4A旅游景区。所属地：陕西·商洛市·柞水县。地址：陕西商洛市柞水县营盘镇牛背梁景区。,33.8242565,108.9901008,wgs84
天竺山景区,4A,陕西,商洛市,山阳县,陕西商洛市山阳县法官镇天竺山景区,景点景区,国家4A旅游景区。所属地：陕西·商洛市·山阳县。地址：陕西商洛市山阳县法官镇天竺山景区。,33.3000531,110.0595757,wgs84
柞水溶洞景区,4A,陕西,商洛市,柞水县,陕西商洛市柞水县石瓮镇柞水溶洞景区,景点景区,国家4A旅游景区。所属地：陕西·商洛市·柞水县。地址：陕西商洛市柞水县石瓮镇柞水溶洞景区。,33.5759114,109.1637873,wgs84
塔云山景区,4A,陕西,商洛市,镇安县,陕西商洛市镇安县柴坪镇塔云山景区,景点景区,国家4A旅游景区。所属地：陕西·商洛市·镇安县。地址：陕西商洛市镇安县柴坪镇塔云山景区。,33.3050771,109.0356342,wgs84
丹江漂流景区,4A,陕西,商洛市,丹凤县,陕西商洛市丹凤县江滨北路丹江漂流景区,景点景区,国家4A旅游景区。所属地：陕西·商洛市·丹凤县。地址：陕西商洛市丹凤县江滨北路丹江漂流景区。,33.6930456,110.3191418,wgs84
商於古道棣花文化旅游景区,4A,陕西,商洛市,丹凤县,陕西商洛市丹凤县棣花镇商於古道棣花文化旅游景区,景点景区,国家4A旅游景区。所属地：陕西·商洛市·丹凤县。地址：陕西商洛市丹凤县棣花镇商於古道棣花文化旅游景区。,33.7259012,110.1924276,wgs84
漫川古镇景区,4A,陕西,商洛市,山阳县,陕西商洛市山阳县漫川镇漫川古镇景区,景点景区,国家4A旅游景区。所属地：陕西·商洛市·山阳县。地址：陕西商洛市山阳县漫川镇漫川古镇景区。,33.2312466,110.0581985,wgs84
木王山景区,4A,陕西,商洛市,镇安县,陕西商洛市镇安县杨泗镇桂林村木王山景区,景点景区,国家4A旅游景区。所属地：陕西·商洛市·镇安县。地址：陕西商洛市镇安县杨泗镇桂林村木王山景区。,33.4636754,108.6621735,wgs84
金台山文化旅游景区,4A,陕西,商洛市,镇安县,陕西商洛市镇安县县城东金台山文化旅游景区,景点景区,国家4A旅游景区。所属地：陕西·商洛市·镇安县。地址：陕西商洛市镇安县县城东金台山文化旅游景区。,33.4249101,109.1478253,wgs84
九天山风景区,4A,陕西,商洛市,柞水县,陕西商洛市柞水县下梁镇明星村九天山风景区,景点景区,国家4A旅游景区。所属地：陕西·商洛市·柞水县。地址：陕西商洛市柞水县下梁镇明星村九天山风景区。,33.6158833,109.1299615,wgs84
洛南音乐小镇景区,4A,陕西,商洛市,洛南县,陕西商洛市洛南县四皓街道办事处南沟社区洛南音乐小镇景区,景点景区,国家4A旅游景区。所属地：陕西·商洛市·洛南县。地址：陕西商洛市洛南县四皓街道办事处南沟社区洛南音乐小镇景区。,34.0716929,110.1290526,wgs84
江山景区,4A,陕西,商洛市,商州区,陕西商洛市商州区腰市镇江山村江山景区,景点景区,国家4A旅游景区。所属地：陕西·商洛市·商州区。地址：陕西商洛市商州区腰市镇江山村江山景区。,34.0989484,109.8946681,wgs84
天蓬山寨景区,4A,陕西,商洛市,山阳县,陕西商洛市山阳县杨地镇天蓬山寨景区,景点景区,国家4A旅游景区。所属地：陕西·商洛市·山阳县。地址：陕西商洛市山阳县杨地镇天蓬山寨景区。,33.3404119,109.5735750,wgs84
阳城驿景区,4A,陕西,商洛市,商南县,陕西商洛市商南县富水镇阳城驿景区,景点景区,国家4A旅游景区。所属地：陕西·商洛市·商南县。地址：陕西商洛市商南县富水镇阳城驿景区。,33.5169234,110.9454291,wgs84
蟒岭绿道景区,4A,陕西,商洛市,商州区,陕西商洛市商州区夜村镇、北宽坪镇蟒岭绿道景区,景点景区,国家4A旅游景区。所属地：陕西·商洛市·商州区。地址：陕西商洛市商州区夜村镇、北宽坪镇蟒岭绿道景区。,33.9074421,110.1452733,wgs84
月亮洞景区,4A,陕西,商洛市,山阳县,陕西商洛市山阳县杨地镇月亮洞景区,景点景区,国家4A旅游景区。所属地：陕西·商洛市·山阳县。地址：陕西商洛市山阳县杨地镇月亮洞景区。,33.3167085,109.6060859,wgs84
西北农林科技大学博览园,4A,陕西,西安市,长安区,陕西杨凌陕西杨凌邰城路3号西北农林科技大学博览园,景点景区,国家4A旅游景区。所属地：陕西·西安市·长安区。地址：陕西杨凌陕西杨凌邰城路3号西北农林科技大学博览园。,34.1723944,108.9355579,wgs84
杨凌现代农业创新园,4A,陕西,西安市,长安区,陕西杨凌示范区杨凌区北环路创新园杨凌现代农业创新园,景点景区,国家4A旅游景区。所属地：陕西·西安市·长安区。地址：陕西杨凌示范区杨凌区北环路创新园杨凌现代农业创新园。,34.2585844,108.7652229,wgs84
韩城市梁带村芮国遗址博物馆,4A,陕西,渭南市,韩城市,陕西韩城市陕西省韩城市西庄镇韩城市梁带村芮国遗址博物馆,景点景区,国家4A旅游景区。所属地：陕西·渭南市·韩城市。地址：陕西韩城市陕西省韩城市西庄镇韩城市梁带村芮国遗址博物馆。,35.5114514,110.4900620,wgs84
龙门钢铁景区,4A,陕西,渭南市,韩城市,陕西韩城市韩城市龙门镇龙钢公司龙门钢铁景区,景点景区,国家4A旅游景区。所属地：陕西·渭南市·韩城市。地址：陕西韩城市韩城市龙门镇龙钢公司龙门钢铁景区。,35.6295635,110.5641990,wgs84
司马迁景区,4A,陕西,渭南市,韩城市,陕西韩城市陕西省韩城市芝川镇司马迁祠景区司马迁景区,景点景区,国家4A旅游景区。所属地：陕西·渭南市·韩城市。地址：陕西韩城市陕西省韩城市芝川镇司马迁祠景区司马迁景区。,35.3773823,110.4077477,wgs84
韩城市党家村景区管理处,4A,陕西,渭南市,韩城市,陕西韩城市韩城市西庄镇党家村韩城市党家村景区管理处,景点景区,国家4A旅游景区。所属地：陕西·渭南市·韩城市。地址：陕西韩城市韩城市西庄镇党家村韩城市党家村景区管理处。,35.5292929,110.4704547,wgs84
韩城市博物馆,4A,陕西,渭南市,韩城市,陕西韩城市韩城市金城区学巷45号韩城市博物馆,景点景区,国家4A旅游景区。所属地：陕西·渭南市·韩城市。地址：陕西韩城市韩城市金城区学巷45号韩城市博物馆。,35.4600427,110.4358086,wgs84
嘉峪关文物景区,5A,甘肃,嘉峪关市,,甘肃嘉峪关市嘉峪关市峪泉镇关城南路嘉峪关文物景区,景点景区,国家5A旅游景区。所属地：甘肃·嘉峪关市。地址：甘肃嘉峪关市嘉峪关市峪泉镇关城南路嘉峪关文物景区。,39.8020313,98.2222408,wgs84
敦煌鸣沙山•月牙泉景区,5A,甘肃,酒泉市,敦煌市,甘肃酒泉市酒泉市敦煌市月牙泉镇鸣沙山月牙泉风景区敦煌鸣沙山•月牙泉景区,景点景区,国家5A旅游景区。所属地：甘肃·酒泉市·敦煌市。地址：甘肃酒泉市酒泉市敦煌市月牙泉镇鸣沙山月牙泉风景区敦煌鸣沙山•月牙泉景区。,40.0881765,94.6793104,wgs84
张掖七彩丹霞景区,5A,甘肃,张掖市,临泽县,甘肃张掖市张掖市临泽县倪家营镇南台村丹霞快速通道1号张掖七彩丹霞景区,景点景区,国家5A旅游景区。所属地：甘肃·张掖市·临泽县。地址：甘肃张掖市张掖市临泽县倪家营镇南台村丹霞快速通道1号张掖七彩丹霞景区。,38.9697417,100.0231214,wgs84
麦积山景区,5A,甘肃,天水市,麦积区,甘肃天水市麦积区麦积镇麦积村麦积山景区,景点景区,国家5A旅游景区。所属地：甘肃·天水市·麦积区。地址：甘肃天水市麦积区麦积镇麦积村麦积山景区。,34.3761083,106.0150663,wgs84
国家重点风景名胜区崆峒山,5A,甘肃,平凉市,崆峒区,甘肃平凉市平凉市崆峒区西郊街道崆峒西路62号国家重点风景名胜区崆峒山,景点景区,国家5A旅游景区。所属地：甘肃·平凉市·崆峒区。地址：甘肃平凉市平凉市崆峒区西郊街道崆峒西路62号国家重点风景名胜区崆峒山。,35.5480654,106.5259695,wgs84
永靖县炳灵寺世界文化遗产旅游,5A,甘肃,临夏回族自治州,永靖县,甘肃临夏州临夏回族自治州永靖县刘家峡镇红柳村永靖县炳灵寺世界文化遗产旅游,景点景区,国家5A旅游景区。所属地：甘肃·临夏回族自治州·永靖县。地址：甘肃临夏州临夏回族自治州永靖县刘家峡镇红柳村永靖县炳灵寺世界文化遗产旅游。,35.9458034,103.3438661,wgs84
陇南官鹅沟旅游景区,5A,甘肃,陇南市,宕昌县,甘肃陇南市陇南市宕昌县城关镇官鹅村、新城子乡大河坝村陇南官鹅沟旅游景区,景点景区,国家5A旅游景区。所属地：甘肃·陇南市·宕昌县。地址：甘肃陇南市陇南市宕昌县城关镇官鹅村、新城子乡大河坝村陇南官鹅沟旅游景区。,34.0135761,104.3919299,wgs84
兰州水车博览园景区,4A,甘肃,兰州市,城关区,甘肃兰州市兰州市城关区雁宁路中立桥西黄河南岸兰州水车博览园景区,景点景区,国家4A旅游景区。所属地：甘肃·兰州市·城关区。地址：甘肃兰州市兰州市城关区雁宁路中立桥西黄河南岸兰州水车博览园景区。,36.0635884,103.8411409,wgs84
榆中兴隆山景区,4A,甘肃,兰州市,榆中县,甘肃兰州市兰州市榆中县城关镇峡口村91号榆中兴隆山景区,景点景区,国家4A旅游景区。所属地：甘肃·兰州市·榆中县。地址：甘肃兰州市兰州市榆中县城关镇峡口村91号榆中兴隆山景区。,35.8195578,104.0746032,wgs84
兰州市永登县兰州吐鲁沟公园景区,4A,甘肃,兰州市,永登县,甘肃兰州市永登县连城自然保护区兰州市永登县兰州吐鲁沟公园景,景点景区,国家4A旅游景区。所属地：甘肃·兰州市·永登县。地址：甘肃兰州市永登县连城自然保护区兰州市永登县兰州吐鲁沟公园景。,36.7065484,102.6407816,wgs84
青城古镇景区,4A,甘肃,兰州市,榆中县,甘肃兰州市兰州市榆中县青城镇条城街青城古镇景区,景点景区,国家4A旅游景区。所属地：甘肃·兰州市·榆中县。地址：甘肃兰州市兰州市榆中县青城镇条城街青城古镇景区。,36.3276835,104.1890225,wgs84
兰州市皋兰县什川世界第一古梨园景区,4A,甘肃,兰州市,皋兰县,甘肃兰州市兰州市皋兰县什川镇上泥湾村兰州市皋兰县什川世界第一古梨园景区,景点景区,国家4A旅游景区。所属地：甘肃·兰州市·皋兰县。地址：甘肃兰州市兰州市皋兰县什川镇上泥湾村兰州市皋兰县什川世界第一古梨园景区。,36.1562222,103.9958844,wgs84
兰州市安宁区仁寿山生态文化旅游景区,4A,甘肃,兰州市,安宁区,甘肃兰州市兰州市安宁区桃林路169号兰州市安宁区仁寿山生态文化旅游景区,景点景区,国家4A旅游景区。所属地：甘肃·兰州市·安宁区。地址：甘肃兰州市兰州市安宁区桃林路169号兰州市安宁区仁寿山生态文化旅游景区。,36.1130540,103.6925218,wgs84
石佛沟景区,4A,甘肃,兰州市,七里河区,甘肃兰州市兰州市七里河区阿干镇石佛沟5号石佛沟景区,景点景区,国家4A旅游景区。所属地：甘肃·兰州市·七里河区。地址：甘肃兰州市兰州市七里河区阿干镇石佛沟5号石佛沟景区。,35.9196142,103.8945903,wgs84
白银市白银区黄河湿地景区,4A,甘肃,白银市,白银区,甘肃白银市白银区水川镇金锋村鹰咀崖200号白银市白银区黄河湿地景区,景点景区,国家4A旅游景区。所属地：甘肃·白银市·白银区。地址：甘肃白银市白银区水川镇金锋村鹰咀崖200号白银市白银区黄河湿地景区。,36.3678141,104.2467031,wgs84
白银市白银区大坪凤园花海旅游景区,4A,甘肃,白银市,白银区,甘肃白银市白银区水川镇大坪334号白银市白银区大坪凤园花海旅游景区,景点景区,国家4A旅游景区。所属地：甘肃·白银市·白银区。地址：甘肃白银市白银区水川镇大坪334号白银市白银区大坪凤园花海旅游景区。,36.3958483,104.2798361,wgs84
景泰黄河石林旅游景区,4A,甘肃,白银市,景泰县,甘肃白银市景泰县中泉镇龙湾村888号景泰黄河石林旅游景区,景点景区,国家4A旅游景区。所属地：甘肃·白银市·景泰县。地址：甘肃白银市景泰县中泉镇龙湾村888号景泰黄河石林旅游景区。,36.8889617,104.3030240,wgs84
红军会宁会师旧址旅游景区,4A,甘肃,白银市,会宁县,甘肃白银市会宁县会师镇会师南路7号红军会宁会师旧址旅游景区,景点景区,国家4A旅游景区。所属地：甘肃·白银市·会宁县。地址：甘肃白银市会宁县会师镇会师南路7号红军会宁会师旧址旅游景区。,35.6913813,105.0496447,wgs84
白银市靖远县水岸三合旅游景区,4A,甘肃,白银市,靖远县,甘肃白银市靖远县东湾镇三合村13社60号白银市靖远县水岸三合旅游景区,景点景区,国家4A旅游景区。所属地：甘肃·白银市·靖远县。地址：甘肃白银市靖远县东湾镇三合村13社60号白银市靖远县水岸三合旅游景区。,36.5694949,104.6792632,wgs84
东湖生态旅游景区,4A,甘肃,嘉峪关市,,甘肃嘉峪关市嘉峪关和诚东路南侧东湖生态旅游景区,景点景区,国家4A旅游景区。所属地：甘肃·嘉峪关市。地址：甘肃嘉峪关市嘉峪关和诚东路南侧东湖生态旅游景区。,39.7690428,98.2986332,wgs84
紫轩葡萄酒庄园景区,4A,甘肃,嘉峪关市,,甘肃嘉峪关市嘉峪关机场路5396号紫轩葡萄酒庄园景区,景点景区,国家4A旅游景区。所属地：甘肃·嘉峪关市。地址：甘肃嘉峪关市嘉峪关机场路5396号紫轩葡萄酒庄园景区。,39.8269469,98.3348169,wgs84
方特欢乐世界景区,4A,甘肃,嘉峪关市,,甘肃嘉峪关市嘉峪关市方特大道4111号方特欢乐世界景区,景点景区,国家4A旅游景区。所属地：甘肃·嘉峪关市。地址：甘肃嘉峪关市嘉峪关市方特大道4111号方特欢乐世界景区。,39.7544424,98.3453202,wgs84
紫金花城景区,4A,甘肃,金昌市,金川区,甘肃金昌市金川区金昌有色冶金学院以东紫金花城景区,景点景区,国家4A旅游景区。所属地：甘肃·金昌市·金川区。地址：甘肃金昌市金川区金昌有色冶金学院以东紫金花城景区。,38.5507651,102.1787212,wgs84
金水湖景区,4A,甘肃,金昌市,金川区,甘肃金昌市金川区新华大道金水湖景区金水湖景区,景点景区,国家4A旅游景区。所属地：甘肃·金昌市·金川区。地址：甘肃金昌市金川区新华大道金水湖景区金水湖景区。,38.5205589,102.1918153,wgs84
骊靬古城景区,4A,甘肃,金昌市,永昌县,甘肃金昌市永昌县焦家庄镇骊靬村骊靬古城景区,景点景区,国家4A旅游景区。所属地：甘肃·金昌市·永昌县。地址：甘肃金昌市永昌县焦家庄镇骊靬村骊靬古城景区。,38.1894670,101.8660674,wgs84
敦煌世界地质公园-雅丹景区,4A,甘肃,酒泉市,敦煌市,甘肃酒泉市酒泉市敦煌市303省道雅丹国家地质公园敦煌世界地质公园-雅丹景区,景点景区,国家4A旅游景区。所属地：甘肃·酒泉市·敦煌市。地址：甘肃酒泉市酒泉市敦煌市303省道雅丹国家地质公园敦煌世界地质公园-雅丹景区。,40.5096284,93.2373630,wgs84
敦煌阳关旅游景区,4A,甘肃,酒泉市,敦煌市,甘肃酒泉市酒泉市敦煌市阳关镇龙勒村阳关景区敦煌阳关旅游景区,景点景区,国家4A旅游景区。所属地：甘肃·酒泉市·敦煌市。地址：甘肃酒泉市酒泉市敦煌市阳关镇龙勒村阳关景区敦煌阳关旅游景区。,39.9347618,94.0549322,wgs84
西汉酒泉胜迹,4A,甘肃,酒泉市,肃州区,甘肃酒泉市酒泉市肃州区公园路100号西汉酒泉胜迹,景点景区,国家4A旅游景区。所属地：甘肃·酒泉市·肃州区。地址：甘肃酒泉市酒泉市肃州区公园路100号西汉酒泉胜迹。,39.7462182,98.5327276,wgs84
玉门赤金峡旅游景区,4A,甘肃,酒泉市,玉门市,甘肃酒泉市酒泉市玉门市赤金镇赤金峡风景区玉门赤金峡旅游景区,景点景区,国家4A旅游景区。所属地：甘肃·酒泉市·玉门市。地址：甘肃酒泉市酒泉市玉门市赤金镇赤金峡风景区玉门赤金峡旅游景区。,40.0714118,97.3657128,wgs84
瓜州锁阳城景区,4A,甘肃,酒泉市,瓜州县,甘肃酒泉市酒泉市瓜州县锁阳城镇南坝村二组46号瓜州锁阳城景区,景点景区,国家4A旅游景区。所属地：甘肃·酒泉市·瓜州县。地址：甘肃酒泉市酒泉市瓜州县锁阳城镇南坝村二组46号瓜州锁阳城景区。,40.3102768,96.2018047,wgs84
草圣故里文化产业园,4A,甘肃,酒泉市,瓜州县,甘肃酒泉市酒泉市瓜州县渊泉镇渊泉街45号草圣故里文化产业园,景点景区,国家4A旅游景区。所属地：甘肃·酒泉市·瓜州县。地址：甘肃酒泉市酒泉市瓜州县渊泉镇渊泉街45号草圣故里文化产业园。,40.5155716,95.8028159,wgs84
金塔沙漠胡杨林景区,4A,甘肃,酒泉市,金塔县,甘肃酒泉市酒泉市金塔沙漠胡杨林景区游客接待中心金塔沙漠胡杨林景区,景点景区,国家4A旅游景区。所属地：甘肃·酒泉市·金塔县。地址：甘肃酒泉市酒泉市金塔沙漠胡杨林景区游客接待中心金塔沙漠胡杨林景区。,40.0049670,98.8688481,wgs84
玉泽湖生态旅游景区,4A,甘肃,酒泉市,玉门市,甘肃酒泉市酒泉市玉门市新市区铁人大道37号玉泽湖生态旅游景区,景点景区,国家4A旅游景区。所属地：甘肃·酒泉市·玉门市。地址：甘肃酒泉市酒泉市玉门市新市区铁人大道37号玉泽湖生态旅游景区。,40.2886494,97.0570012,wgs84
酒泉卫星发射中心景区,4A,甘肃,酒泉市,金塔县,甘肃酒泉市酒泉市金塔县巴丹吉林沙漠酒泉卫星发射中心景区,景点景区,国家4A旅游景区。所属地：甘肃·酒泉市·金塔县。地址：甘肃酒泉市酒泉市金塔县巴丹吉林沙漠酒泉卫星发射中心景区。,40.2709193,100.0539928,wgs84
酒泉天宝景区,4A,甘肃,酒泉市,肃州区,甘肃酒泉市酒泉市肃州区复康路4号酒泉天宝景区,景点景区,国家4A旅游景区。所属地：甘肃·酒泉市·肃州区。地址：甘肃酒泉市酒泉市肃州区复康路4号酒泉天宝景区。,39.7309420,98.5038427,wgs84
玉门油田红色旅游景区,4A,甘肃,酒泉市,玉门市,甘肃酒泉市酒泉市玉门市老市区解放路玉门油田红色旅游景区,景点景区,国家4A旅游景区。所属地：甘肃·酒泉市·玉门市。地址：甘肃酒泉市酒泉市玉门市老市区解放路玉门油田红色旅游景区。,39.8276168,97.5691103,wgs84
肃北县雪域紫亭文化生态景区,4A,甘肃,酒泉市,肃北蒙古族自治县,甘肃酒泉市酒泉市肃北县党城湾镇柯鲁克东路1号肃北县雪域紫亭文化生态景区,景点景区,国家4A旅游景区。所属地：甘肃·酒泉市·肃北蒙古族自治县。地址：甘肃酒泉市酒泉市肃北县党城湾镇柯鲁克东路1号肃北县雪域紫亭文化生态景区。,39.5161851,94.8728181,wgs84
酒泉生态文化博览园,4A,甘肃,酒泉市,肃州区,甘肃酒泉市酒泉市肃州区酒金东路139号酒泉生态文化博览园,景点景区,国家4A旅游景区。所属地：甘肃·酒泉市·肃州区。地址：甘肃酒泉市酒泉市肃州区酒金东路139号酒泉生态文化博览园。,39.7540376,98.5388602,wgs84
酒泉六分湿地景区,4A,甘肃,酒泉市,肃州区,甘肃酒泉市酒泉市肃州区银达镇北部酒泉六分湿地景区,景点景区,国家4A旅游景区。所属地：甘肃·酒泉市·肃州区。地址：甘肃酒泉市酒泉市肃州区银达镇北部酒泉六分湿地景区。,39.7990319,98.5285150,wgs84
阿克塞博罗转井影视基地,4A,甘肃,酒泉市,阿克塞哈萨克族自治县,甘肃酒泉市酒泉市阿克塞县博罗转井镇阿克塞博罗转井影视基地,景点景区,国家4A旅游景区。所属地：甘肃·酒泉市·阿克塞哈萨克族自治县。地址：甘肃酒泉市酒泉市阿克塞县博罗转井镇阿克塞博罗转井影视基地。,39.4126786,94.2644251,wgs84
张掖大佛寺景区,4A,甘肃,张掖市,甘州区,甘肃张掖市张掖市甘州区民主西街大佛寺巷64号张掖大佛寺景区,景点景区,国家4A旅游景区。所属地：甘肃·张掖市·甘州区。地址：甘肃张掖市张掖市甘州区民主西街大佛寺巷64号张掖大佛寺景区。,38.9303766,100.4548040,wgs84
张掖国家湿地公园,4A,甘肃,张掖市,甘州区,甘肃张掖市张掖市甘州区312国道北段张掖国家湿地公园,景点景区,国家4A旅游景区。所属地：甘肃·张掖市·甘州区。地址：甘肃张掖市张掖市甘州区312国道北段张掖国家湿地公园。,38.9774696,100.4508673,wgs84
高台县大湖湾文化旅游风景区,4A,甘肃,张掖市,高台县,甘肃张掖市张掖市高台县宣化镇上庄村高台县大湖湾文化旅游风景区,景点景区,国家4A旅游景区。所属地：甘肃·张掖市·高台县。地址：甘肃张掖市张掖市高台县宣化镇上庄村高台县大湖湾文化旅游风景区。,39.4019137,99.7444492,wgs84
中国工农红军西路军纪念馆,4A,甘肃,张掖市,高台县,甘肃张掖市张掖市高台县城关镇人民东路47号中国工农红军西路军纪念馆,景点景区,国家4A旅游景区。所属地：甘肃·张掖市·高台县。地址：甘肃张掖市张掖市高台县城关镇人民东路47号中国工农红军西路军纪念馆。,39.3708421,99.8219617,wgs84
高台县月牙湖景区,4A,甘肃,张掖市,高台县,甘肃张掖市张掖市高台县城关镇人民西路483号高台县月牙湖景区,景点景区,国家4A旅游景区。所属地：甘肃·张掖市·高台县。地址：甘肃张掖市张掖市高台县城关镇人民西路483号高台县月牙湖景区。,39.3758656,99.7968303,wgs84
山丹大佛寺旅游景区,4A,甘肃,张掖市,山丹县,甘肃张掖市张掖市山丹县清泉镇清泉村山丹大佛寺旅游景区,景点景区,国家4A旅游景区。所属地：甘肃·张掖市·山丹县。地址：甘肃张掖市张掖市山丹县清泉镇清泉村山丹大佛寺旅游景区。,38.7921690,101.0319819,wgs84
焉支山国家森林公园,4A,甘肃,张掖市,山丹县,甘肃张掖市甘肃省张掖市山丹县大马营镇中河村焉支山国家森林公园,景点景区,国家4A旅游景区。所属地：甘肃·张掖市·山丹县。地址：甘肃张掖市甘肃省张掖市山丹县大马营镇中河村焉支山国家森林公园。,38.4450107,101.2177400,wgs84
肃南裕固族民俗度假区,4A,甘肃,张掖市,肃南裕固族自治县,甘肃张掖市肃南裕固族自治县红湾寺镇迎宾路2号肃南裕固族民俗度假区,景点景区,国家4A旅游景区。所属地：甘肃·张掖市·肃南裕固族自治县。地址：甘肃张掖市肃南裕固族自治县红湾寺镇迎宾路2号肃南裕固族民俗度假区。,38.8365841,99.6148789,wgs84
马蹄寺旅游景区,4A,甘肃,张掖市,肃南裕固族自治县,甘肃张掖市肃南裕固族自治县马蹄藏族乡小寺儿村60号马蹄寺旅游景区,景点景区,国家4A旅游景区。所属地：甘肃·张掖市·肃南裕固族自治县。地址：甘肃张掖市肃南裕固族自治县马蹄藏族乡小寺儿村60号马蹄寺旅游景区。,38.5216123,100.4439719,wgs84
中华裕固风情走廊旅游景区,4A,甘肃,张掖市,肃南裕固族自治县,甘肃张掖市肃南裕固族自治县康乐镇榆木庄村107号中华裕固风情走廊旅游景区,景点景区,国家4A旅游景区。所属地：甘肃·张掖市·肃南裕固族自治县。地址：甘肃张掖市肃南裕固族自治县康乐镇榆木庄村107号中华裕固风情走廊旅游景区。,38.9651907,99.9208205,wgs84
祁丰文殊寺石窟群旅游景区,4A,甘肃,张掖市,肃南裕固族自治县,甘肃张掖市肃南裕固族自治县祁固族自治县祁丰藏族乡后山庙1号祁丰文殊寺石窟群旅游景区,景点景区,国家4A旅游景区。所属地：甘肃·张掖市·肃南裕固族自治县。地址：甘肃张掖市肃南裕固族自治县祁固族自治县祁丰藏族乡后山庙1号祁丰文殊寺石窟群旅游景区。,39.6519199,98.3473748,wgs84
冰沟丹霞景区,4A,甘肃,张掖市,肃南裕固族自治县,甘肃张掖市张掖市肃南县康乐镇冰沟丹霞景区,景点景区,国家4A旅游景区。所属地：甘肃·张掖市·肃南裕固族自治县。地址：甘肃张掖市张掖市肃南县康乐镇冰沟丹霞景区。,38.9653426,99.9090252,wgs84
扁都口生态休闲旅游区,4A,甘肃,张掖市,民乐县,甘肃张掖市张掖市民乐县南丰镇炒面庄村扁都口生态休闲旅游区,景点景区,国家4A旅游景区。所属地：甘肃·张掖市·民乐县。地址：甘肃张掖市张掖市民乐县南丰镇炒面庄村扁都口生态休闲旅游区。,38.2206885,100.9406354,wgs84
平山湖大峡谷,4A,甘肃,张掖市,甘州区,甘肃张掖市张掖市甘州区平山湖蒙古族乡平山湖村2社69平山湖大峡谷,景点景区,国家4A旅游景区。所属地：甘肃·张掖市·甘州区。地址：甘肃张掖市张掖市甘州区平山湖蒙古族乡平山湖村2社69平山湖大峡谷。,39.1650998,100.8288836,wgs84
临泽县流沙河景区,4A,甘肃,张掖市,临泽县,甘肃张掖市张掖市临泽县流沙河路1号临泽县流沙河景区,景点景区,国家4A旅游景区。所属地：甘肃·张掖市·临泽县。地址：甘肃张掖市张掖市临泽县流沙河路1号临泽县流沙河景区。,39.1156455,100.1742215,wgs84
滨河九粮液文化旅游景区,4A,甘肃,张掖市,民乐县,甘肃张掖市张掖市民乐县生态工业园区滨河路26号滨河九粮液文化旅游景区,景点景区,国家4A旅游景区。所属地：甘肃·张掖市·民乐县。地址：甘肃张掖市张掖市民乐县生态工业园区滨河路26号滨河九粮液文化旅游景区。,38.6825259,100.7211199,wgs84
芦水湾生态旅游景区,4A,甘肃,张掖市,甘州区,甘肃张掖市张掖市甘州区滨河新区西北部芦水湾生态旅游景区,景点景区,国家4A旅游景区。所属地：甘肃·张掖市·甘州区。地址：甘肃张掖市张掖市甘州区滨河新区西北部芦水湾生态旅游景区。,38.9479292,100.4132545,wgs84
张掖市屋兰古镇旅游景区,4A,甘肃,张掖市,甘州区,甘肃张掖市张掖市甘州区碱滩镇古城村张掖市屋兰古镇旅游景区,景点景区,国家4A旅游景区。所属地：甘肃·张掖市·甘州区。地址：甘肃张掖市张掖市甘州区碱滩镇古城村张掖市屋兰古镇旅游景区。,38.8835589,100.6655291,wgs84
张掖市临泽县丹霞口文旅小镇景区,4A,甘肃,张掖市,临泽县,甘肃张掖市张掖市临泽县倪家营镇南台村7社张掖市临泽县丹霞口文旅小镇景,景点景区,国家4A旅游景区。所属地：甘肃·张掖市·临泽县。地址：甘肃张掖市张掖市临泽县倪家营镇南台村7社张掖市临泽县丹霞口文旅小镇景。,38.9894968,100.0951336,wgs84
张掖市甘州区甘泉红色历史文化旅游区,4A,甘肃,张掖市,甘州区,甘肃张掖市张掖市甘州区大衙门街解放巷33号张掖市甘州区甘泉红色历史文化,景点景区,国家4A旅游景区。所属地：甘肃·张掖市·甘州区。地址：甘肃张掖市张掖市甘州区大衙门街解放巷33号张掖市甘州区甘泉红色历史文化。,38.9393754,100.4529690,wgs84
张掖国家沙漠体育公园景区,4A,甘肃,张掖市,甘州区,甘肃张掖市张掖市甘州区大满镇东闸村7社57号张掖国家沙漠体育公园景区,景点景区,国家4A旅游景区。所属地：甘肃·张掖市·甘州区。地址：甘肃张掖市张掖市甘州区大满镇东闸村7社57号张掖国家沙漠体育公园景区。,38.7961211,100.4816505,wgs84
民乐现代丝路田园综合体旅游景区,4A,甘肃,张掖市,民乐县,甘肃张掖市甘肃省张掖市民乐县六坝镇六坝村民乐现代丝路田园综合体旅游景区,景点景区,国家4A旅游景区。所属地：甘肃·张掖市·民乐县。地址：甘肃张掖市甘肃省张掖市民乐县六坝镇六坝村民乐现代丝路田园综合体旅游景区。,38.6576964,100.6799742,wgs84
雷台景区,4A,甘肃,武威市,凉州区,甘肃武威市凉州区雷海路雷台景区,景点景区,国家4A旅游景区。所属地：甘肃·武威市·凉州区。地址：甘肃武威市凉州区雷海路雷台景区。,37.9397579,102.6478061,wgs84
文庙景区,4A,甘肃,武威市,凉州区,甘肃武威市凉州区崇文街文庙景区,景点景区,国家4A旅游景区。所属地：甘肃·武威市·凉州区。地址：甘肃武威市凉州区崇文街文庙景区。,37.9236927,102.6402713,wgs84
神州荒漠野生动物园,4A,甘肃,武威市,凉州区,甘肃武威市凉州区清源镇(凉古公路20公里处)神州荒漠野生动物园,景点景区,国家4A旅游景区。所属地：甘肃·武威市·凉州区。地址：甘肃武威市凉州区清源镇(凉古公路20公里处)神州荒漠野生动物园。,37.8863847,102.8806040,wgs84
凉州白塔寺,4A,甘肃,武威市,凉州区,甘肃武威市凉州区武南镇百塔村凉州白塔寺,景点景区,国家4A旅游景区。所属地：甘肃·武威市·凉州区。地址：甘肃武威市凉州区武南镇百塔村凉州白塔寺。,37.7527257,102.7347501,wgs84
沙漠公园,4A,甘肃,武威市,凉州区,甘肃武威市凉州区清源镇沙漠公园,景点景区,国家4A旅游景区。所属地：甘肃·武威市·凉州区。地址：甘肃武威市凉州区清源镇沙漠公园。,37.8494220,102.8596811,wgs84
红军西路军古浪战役纪念馆,4A,甘肃,武威市,古浪县,甘肃武威市古浪县城红军西路军古浪战役纪念馆,景点景区,国家4A旅游景区。所属地：甘肃·武威市·古浪县。地址：甘肃武威市古浪县城红军西路军古浪战役纪念馆。,37.4589793,102.8884274,wgs84
天祝冰沟河生态文化旅游景区,4A,甘肃,武威市,天祝藏族自治县,甘肃武威市天祝县祁连镇天祝冰沟河生态文化旅游景区,景点景区,国家4A旅游景区。所属地：甘肃·武威市·天祝藏族自治县。地址：甘肃武威市天祝县祁连镇天祝冰沟河生态文化旅游景区。,37.6934270,102.3161954,wgs84
天梯山石窟景区,4A,甘肃,武威市,凉州区,甘肃武威市凉州区张义镇灯山村天梯山石窟景区,景点景区,国家4A旅游景区。所属地：甘肃·武威市·凉州区。地址：甘肃武威市凉州区张义镇灯山村天梯山石窟景区。,37.5630718,102.7428059,wgs84
民勤苏武沙漠景区,4A,甘肃,武威市,民勤县,甘肃武威市民勤县民南路23公里处民勤苏武沙漠景区,景点景区,国家4A旅游景区。所属地：甘肃·武威市·民勤县。地址：甘肃武威市民勤县民南路23公里处民勤苏武沙漠景区。,38.6230730,103.1002704,wgs84
民勤沙井文化民俗旅游景区,4A,甘肃,武威市,民勤县,甘肃武威市民勤县三雷镇新陶村民勤沙井文化民俗旅游景区,景点景区,国家4A旅游景区。所属地：甘肃·武威市·民勤县。地址：甘肃武威市民勤县三雷镇新陶村民勤沙井文化民俗旅游景区。,38.5945436,103.0714609,wgs84
武山水帘洞景区,4A,甘肃,天水市,武山县,甘肃天水市武山县榆盘镇钟楼村武山水帘洞景区,景点景区,国家4A旅游景区。所属地：甘肃·天水市·武山县。地址：甘肃天水市武山县榆盘镇钟楼村武山水帘洞景区。,34.8449056,104.9547441,wgs84
甘谷大像山景区,4A,甘肃,天水市,甘谷县,甘肃天水市甘谷县大像山镇五里铺村甘谷大像山景区,景点景区,国家4A旅游景区。所属地：甘肃·天水市·甘谷县。地址：甘肃天水市甘谷县大像山镇五里铺村甘谷大像山景区。,34.7351077,105.3067603,wgs84
张家川县回乡风情园,4A,甘肃,天水市,张家川回族自治县,甘肃天水市张家川回族自治县张家川镇张家川县回乡风情园,景点景区,国家4A旅游景区。所属地：甘肃·天水市·张家川回族自治县。地址：甘肃天水市张家川回族自治县张家川镇张家川县回乡风情园。,34.9880185,106.1963612,wgs84
秦州区伏羲庙景区,4A,甘肃,天水市,秦州区,甘肃天水市秦州区伏羲路110号秦州区伏羲庙景区,景点景区,国家4A旅游景区。所属地：甘肃·天水市·秦州区。地址：甘肃天水市秦州区伏羲路110号秦州区伏羲庙景区。,34.5808166,105.7030420,wgs84
秦州区南郭寺景区,4A,甘肃,天水市,秦州区,甘肃天水市秦州区南郭路54号秦州区南郭寺景区,景点景区,国家4A旅游景区。所属地：甘肃·天水市·秦州区。地址：甘肃天水市秦州区南郭路54号秦州区南郭寺景区。,34.5658742,105.7449629,wgs84
秦州区玉泉观景区,4A,甘肃,天水市,秦州区,甘肃天水市秦州区玉泉路71号秦州区玉泉观景区,景点景区,国家4A旅游景区。所属地：甘肃·天水市·秦州区。地址：甘肃天水市秦州区玉泉路71号秦州区玉泉观景区。,34.5862266,105.7075005,wgs84
秦安县凤山景区,4A,甘肃,天水市,秦安县,甘肃天水市秦安县兴国镇凤山村秦安县凤山景区,景点景区,国家4A旅游景区。所属地：甘肃·天水市·秦安县。地址：甘肃天水市秦安县兴国镇凤山村秦安县凤山景区。,34.8553096,105.6703150,wgs84
青鹃山国际休闲旅游度假区,4A,甘肃,天水市,秦州区,甘肃天水市秦州区平南镇孙集村140号青鹃山国际休闲旅游度假区,景点景区,国家4A旅游景区。所属地：甘肃·天水市·秦州区。地址：甘肃天水市秦州区平南镇孙集村140号青鹃山国际休闲旅游度假区。,34.3770877,105.7134076,wgs84
武都区万象洞旅游景区,4A,甘肃,陇南市,武都区,甘肃陇南市陇南市武都区汉王镇杨庞村武都区万象洞旅游景区,景点景区,国家4A旅游景区。所属地：甘肃·陇南市·武都区。地址：甘肃陇南市陇南市武都区汉王镇杨庞村武都区万象洞旅游景区。,33.3427253,105.0003204,wgs84
成县西峡颂旅游景区,4A,甘肃,陇南市,成县,甘肃陇南市陇南市成县抛沙镇丰泉村成县西峡颂旅游景区,景点景区,国家4A旅游景区。所属地：甘肃·陇南市·成县。地址：甘肃陇南市陇南市成县抛沙镇丰泉村成县西峡颂旅游景区。,33.7009077,105.6306545,wgs84
康县阳坝旅游景区,4A,甘肃,陇南市,康县,甘肃陇南市陇南市康县阳坝镇上坝村康县阳坝旅游景区,景点景区,国家4A旅游景区。所属地：甘肃·陇南市·康县。地址：甘肃陇南市陇南市康县阳坝镇上坝村康县阳坝旅游景区。,33.0114911,105.7528937,wgs84
西和县晚霞湖旅游景区,4A,甘肃,陇南市,西和县,甘肃陇南市陇南市西和县姜席镇峰坪村西和县晚霞湖旅游景区,景点景区,国家4A旅游景区。所属地：甘肃·陇南市·西和县。地址：甘肃陇南市陇南市西和县姜席镇峰坪村西和县晚霞湖旅游景区。,33.9945748,105.2389733,wgs84
徽县金徽酒文化生态旅游景区,4A,甘肃,陇南市,徽县,甘肃陇南市陇南市徽县伏镇贺店村徽县金徽酒文化生态旅游景区,景点景区,国家4A旅游景区。所属地：甘肃·陇南市·徽县。地址：甘肃陇南市陇南市徽县伏镇贺店村徽县金徽酒文化生态旅游景区。,33.8380342,105.9690501,wgs84
两当县云屏三峡旅游景区,4A,甘肃,陇南市,两当县,甘肃陇南市陇南市两当县云屏镇火地村两当县云屏三峡旅游景区,景点景区,国家4A旅游景区。所属地：甘肃·陇南市·两当县。地址：甘肃陇南市陇南市两当县云屏镇火地村两当县云屏三峡旅游景区。,33.7462587,106.3705571,wgs84
两当兵变红色旅游景区,4A,甘肃,陇南市,两当县,甘肃陇南市陇南市两当县城关镇广香社区两当兵变红色旅游景区,景点景区,国家4A旅游景区。所属地：甘肃·陇南市·两当县。地址：甘肃陇南市陇南市两当县城关镇广香社区两当兵变红色旅游景区。,33.9195698,106.3042337,wgs84
康县花桥村旅游景区,4A,甘肃,陇南市,康县,甘肃陇南市陇南市康县长坝镇花桥村康县花桥村旅游景区,景点景区,国家4A旅游景区。所属地：甘肃·陇南市·康县。地址：甘肃陇南市陇南市康县长坝镇花桥村康县花桥村旅游景区。,33.4373507,105.4145926,wgs84
文县天池旅游景区,4A,甘肃,陇南市,文县,甘肃陇南市陇南市文县天池镇天池村文县天池旅游景区,景点景区,国家4A旅游景区。所属地：甘肃·陇南市·文县。地址：甘肃陇南市陇南市文县天池镇天池村文县天池旅游景区。,33.2436806,104.7408979,wgs84
宕昌县哈达铺红色旅游景区,4A,甘肃,陇南市,宕昌县,甘肃陇南市陇南市宕昌县哈达铺镇上街村宕昌县哈达铺红色旅游景区,景点景区,国家4A旅游景区。所属地：甘肃·陇南市·宕昌县。地址：甘肃陇南市陇南市宕昌县哈达铺镇上街村宕昌县哈达铺红色旅游景区。,34.2368327,104.2183384,wgs84
徽县金徽矿业旅游景区,4A,甘肃,陇南市,徽县,甘肃陇南市陇南市徽县柳林镇洛坝村许坪社徽县金徽矿业旅游景区,景点景区,国家4A旅游景区。所属地：甘肃·陇南市·徽县。地址：甘肃陇南市陇南市徽县柳林镇洛坝村许坪社徽县金徽矿业旅游景区。,33.9121150,106.1449546,wgs84
康县王坝生态民俗旅游区,4A,甘肃,陇南市,康县,甘肃陇南市陇南市康县王坝镇何家庄村康县王坝生态民俗旅游区,景点景区,国家4A旅游景区。所属地：甘肃·陇南市·康县。地址：甘肃陇南市陇南市康县王坝镇何家庄村康县王坝生态民俗旅游区。,33.3432093,105.6636544,wgs84
康县岸门口古村康养旅游区,4A,甘肃,陇南市,康县,甘肃陇南市陇南市康县岸门口镇朱家沟村康县岸门口古村康养旅游区,景点景区,国家4A旅游景区。所属地：甘肃·陇南市·康县。地址：甘肃陇南市陇南市康县岸门口镇朱家沟村康县岸门口古村康养旅游区。,33.2737346,105.6317295,wgs84
礼县秦文化博物馆旅游景区,4A,甘肃,陇南市,礼县,甘肃陇南市陇南市礼县城关镇东新南路礼县秦文化博物馆旅游景区,景点景区,国家4A旅游景区。所属地：甘肃·陇南市·礼县。地址：甘肃陇南市陇南市礼县城关镇东新南路礼县秦文化博物馆旅游景区。,34.1891983,105.1856790,wgs84
文县白马河民俗风情旅游景区,4A,甘肃,陇南市,文县,甘肃陇南市陇南市文县铁楼乡草河坝村文县白马河民俗风情旅游景区,景点景区,国家4A旅游景区。所属地：甘肃·陇南市·文县。地址：甘肃陇南市陇南市文县铁楼乡草河坝村文县白马河民俗风情旅游景区。,32.8916198,104.4173271,wgs84
成县陈院生态园旅游景区,4A,甘肃,陇南市,成县,甘肃陇南市陇南市成县陈院镇梁楼村成县陈院生态园旅游景区,景点景区,国家4A旅游景区。所属地：甘肃·陇南市·成县。地址：甘肃陇南市陇南市成县陈院镇梁楼村成县陈院生态园旅游景区。,33.7599915,105.6901457,wgs84
徽县花映三泉生态旅游景区,4A,甘肃,陇南市,徽县,甘肃陇南市陇南市徽县大河店镇三泉村徽县花映三泉生态旅游景区,景点景区,国家4A旅游景区。所属地：甘肃·陇南市·徽县。地址：甘肃陇南市陇南市徽县大河店镇三泉村徽县花映三泉生态旅游景区。,33.6708866,106.1319237,wgs84
崇信县龙泉寺景区,4A,甘肃,平凉市,崇信县,甘肃平凉市平凉市崇信县城北1公里崇信县龙泉寺景区,景点景区,国家4A旅游景区。所属地：甘肃·平凉市·崇信县。地址：甘肃平凉市平凉市崇信县城北1公里崇信县龙泉寺景区。,35.3143296,107.0303961,wgs84
泾川县大云寺 ·王母宫大景区,4A,甘肃,平凉市,泾川县,甘肃平凉市平凉市泾川县城西1华里处泾川县大云寺 ·王母宫大景区,景点景区,国家4A旅游景区。所属地：甘肃·平凉市·泾川县。地址：甘肃平凉市平凉市泾川县城西1华里处泾川县大云寺 ·王母宫大景区。,35.3360045,107.3470479,wgs84
庄浪县云崖寺景区,4A,甘肃,平凉市,庄浪县,甘肃平凉市平凉市庄浪县韩店镇郭漫村二社80号庄浪县云崖寺景区,景点景区,国家4A旅游景区。所属地：甘肃·平凉市·庄浪县。地址：甘肃平凉市平凉市庄浪县韩店镇郭漫村二社80号庄浪县云崖寺景区。,35.1865864,106.2811320,wgs84
灵台县古灵台荆山森林公园,4A,甘肃,平凉市,灵台县,甘肃平凉市平凉市灵台县城中台山灵台县古灵台荆山森林公园,景点景区,国家4A旅游景区。所属地：甘肃·平凉市·灵台县。地址：甘肃平凉市平凉市灵台县城中台山灵台县古灵台荆山森林公园。,35.0702870,107.6153588,wgs84
国家级水利风景名胜区田家沟景区,4A,甘肃,平凉市,泾川县,甘肃平凉市平凉市泾川县城关镇东庵村国家级水利风景名胜区田家沟景,景点景区,国家4A旅游景区。所属地：甘肃·平凉市·泾川县。地址：甘肃平凉市平凉市泾川县城关镇东庵村国家级水利风景名胜区田家沟景。,35.3569883,107.3725637,wgs84
静宁县界石铺红军长征毛泽东旧居纪念馆,4A,甘肃,平凉市,静宁县,甘肃平凉市平凉市静宁县界石铺镇继红村125号静宁县界石铺红军长征毛泽东旧居纪念馆,景点景区,国家4A旅游景区。所属地：甘肃·平凉市·静宁县。地址：甘肃平凉市平凉市静宁县界石铺镇继红村125号静宁县界石铺红军长征毛泽东旧居纪念馆。,35.6111707,105.5372492,wgs84
庆阳市庆城县周祖陵景区,4A,甘肃,庆阳市,庆城县,甘肃庆阳市庆阳市庆城庆城镇东山庆阳市庆城县周祖陵景区,景点景区,国家4A旅游景区。所属地：甘肃·庆阳市·庆城县。地址：甘肃庆阳市庆阳市庆城庆城镇东山庆阳市庆城县周祖陵景区。,36.0064712,107.8952151,wgs84
庆阳市华池南梁红色旅游景区,4A,甘肃,庆阳市,华池县,甘肃庆阳市庆阳市华池县南梁镇平安路32号庆阳市华池南梁红色旅游景区,景点景区,国家4A旅游景区。所属地：甘肃·庆阳市·华池县。地址：甘肃庆阳市庆阳市华池县南梁镇平安路32号庆阳市华池南梁红色旅游景区。,36.3935336,108.3364417,wgs84
庆阳庆城药王洞养生小镇景区,4A,甘肃,庆阳市,庆城县,甘肃庆阳市庆阳市庆城县庆城镇药王洞村庆阳庆城药王洞养生小镇景区,景点景区,国家4A旅游景区。所属地：甘肃·庆阳市·庆城县。地址：甘肃庆阳市庆阳市庆城县庆城镇药王洞村庆阳庆城药王洞养生小镇景区。,35.9966881,107.8944344,wgs84
庆阳市西峰区龙栖谷旅游景区,4A,甘肃,庆阳市,西峰区,甘肃庆阳市庆阳市西峰区显胜乡毛寺村毛寺队81号庆阳市西峰区龙栖谷旅游景区,景点景区,国家4A旅游景区。所属地：甘肃·庆阳市·西峰区。地址：甘肃庆阳市庆阳市西峰区显胜乡毛寺村毛寺队81号庆阳市西峰区龙栖谷旅游景区。,35.4494434,107.6339777,wgs84
庆阳市环县环州故城旅游景区,4A,甘肃,庆阳市,环县,甘肃庆阳市庆阳市环县环城镇北关宋塔路10号庆阳市环县环州故城旅游景区,景点景区,国家4A旅游景区。所属地：甘肃·庆阳市·环县。地址：甘肃庆阳市庆阳市环县环城镇北关宋塔路10号庆阳市环县环州故城旅游景区。,36.5833457,107.2880493,wgs84
通渭悦心国际书画村景区,4A,甘肃,定西市,通渭县,甘肃定西市甘肃省定西市通渭县平襄镇温泉路39号通渭悦心国际书画村景区,景点景区,国家4A旅游景区。所属地：甘肃·定西市·通渭县。地址：甘肃定西市甘肃省定西市通渭县平襄镇温泉路39号通渭悦心国际书画村景区。,35.2152018,105.2148730,wgs84
通渭榜罗镇革命遗址景区,4A,甘肃,定西市,通渭县,甘肃定西市甘肃省定西市通渭县榜罗镇文峰村大背组15号通渭榜罗镇革命遗址景区,景点景区,国家4A旅游景区。所属地：甘肃·定西市·通渭县。地址：甘肃定西市甘肃省定西市通渭县榜罗镇文峰村大背组15号通渭榜罗镇革命遗址景区。,35.0345482,104.9396688,wgs84
定西市陇西县李家龙宫景区,4A,甘肃,定西市,陇西县,甘肃定西市定西市陇西县巩昌镇一心村龙宫路1号定西市陇西县李家龙宫景区,景点景区,国家4A旅游景区。所属地：甘肃·定西市·陇西县。地址：甘肃定西市定西市陇西县巩昌镇一心村龙宫路1号定西市陇西县李家龙宫景区。,35.0131686,104.6450956,wgs84
定西市临洮县岳麓山景区,4A,甘肃,定西市,安定区,甘肃定西市定西市临洮县洮阳镇公园路2号附19号定西市临洮县岳麓山景区,景点景区,国家4A旅游景区。所属地：甘肃·定西市·安定区。地址：甘肃定西市定西市临洮县洮阳镇公园路2号附19号定西市临洮县岳麓山景区。,35.5801805,104.6143662,wgs84
定西市临洮县南屏山生态旅游景区,4A,甘肃,定西市,临洮县,甘肃定西市定西市临洮县南屏镇南屏村上窎林社定西市临洮县南屏山生态旅游景区,景点景区,国家4A旅游景区。所属地：甘肃·定西市·临洮县。地址：甘肃定西市定西市临洮县南屏镇南屏村上窎林社定西市临洮县南屏山生态旅游景区。,35.0916670,103.7878219,wgs84
定西市渭源县渭河源景区,4A,甘肃,定西市,渭源县,甘肃定西市定西市渭源县五竹镇红峡村定西市渭源县渭河源景区,景点景区,国家4A旅游景区。所属地：甘肃·定西市·渭源县。地址：甘肃定西市定西市渭源县五竹镇红峡村定西市渭源县渭河源景区。,35.0050572,104.0889859,wgs84
定西首阳山景区,4A,甘肃,定西市,渭源县,甘肃定西市定西市渭源县莲峰镇古迹坪村孟家庄社定西首阳山景区,景点景区,国家4A旅游景区。所属地：甘肃·定西市·渭源县。地址：甘肃定西市定西市渭源县莲峰镇古迹坪村孟家庄社定西首阳山景区。,34.9918081,104.2385469,wgs84
定西市漳县贵清山/遮阳山景区,4A,甘肃,定西市,漳县,甘肃定西市定西市漳县新寺镇青瓦寺村52号贵清山景区/甘肃省定西漳县大草滩乡遮阳山景区,景点景区,国家4A旅游景区。所属地：甘肃·定西市·漳县。地址：甘肃定西市定西市漳县新寺镇青瓦寺村52号贵清山景区/甘肃省定西漳县大草滩乡遮阳山景区。,34.7532630,104.2331760,wgs84
定西市岷县狼渡草原景区,4A,甘肃,定西市,岷县,甘肃定西市定西市岷县闾井镇狼渡村定西市岷县狼渡草原景区,景点景区,国家4A旅游景区。所属地：甘肃·定西市·岷县。地址：甘肃定西市定西市岷县闾井镇狼渡村定西市岷县狼渡草原景区。,34.3620625,104.6369197,wgs84
定西市岷县岷州会议旧址红色旅游景区,4A,甘肃,定西市,岷县,甘肃定西市定西市岷县十里镇三十里铺村五社103号定西市岷县岷州会议旧址红色旅游景区,景点景区,国家4A旅游景区。所属地：甘肃·定西市·岷县。地址：甘肃定西市定西市岷县十里镇三十里铺村五社103号定西市岷县岷州会议旧址红色旅游景区。,34.4523376,103.8934274,wgs84
康乐县草长沟景区,4A,甘肃,临夏回族自治州,康乐县,甘肃临夏州临夏回族自治州康乐县八松乡纳沟村康乐县草长沟景区,景点景区,国家4A旅游景区。所属地：甘肃·临夏回族自治州·康乐县。地址：甘肃临夏州临夏回族自治州康乐县八松乡纳沟村康乐县草长沟景区。,35.2720218,103.4824622,wgs84
康乐县胭脂湖景区,4A,甘肃,临夏回族自治州,康乐县,甘肃临夏州临夏回族自治州康乐县附城镇上桑家110号康乐县胭脂湖景区,景点景区,国家4A旅游景区。所属地：甘肃·临夏回族自治州·康乐县。地址：甘肃临夏州临夏回族自治州康乐县附城镇上桑家110号康乐县胭脂湖景区。,35.3792829,103.7225777,wgs84
和政县桦林万兽谷景区,4A,甘肃,临夏回族自治州,和政县,甘肃临夏州临夏回族自治州和政县松鸣镇桦林村和政县桦林万兽谷景区,景点景区,国家4A旅游景区。所属地：甘肃·临夏回族自治州·和政县。地址：甘肃临夏州临夏回族自治州和政县松鸣镇桦林村和政县桦林万兽谷景区。,35.3818002,103.4243732,wgs84
和政县古动物化石博物馆,4A,甘肃,临夏回族自治州,和政县,甘肃临夏州临夏回族自治州和政县城关镇梁家庄新村和政县古动物化石博物馆,景点景区,国家4A旅游景区。所属地：甘肃·临夏回族自治州·和政县。地址：甘肃临夏州临夏回族自治州和政县城关镇梁家庄新村和政县古动物化石博物馆。,35.4410181,103.3523024,wgs84
积石山县大墩峡景区,4A,甘肃,临夏回族自治州,积石山保安族东乡族撒拉族自治县,甘肃临夏州临夏回族自治州积石山县大河家镇大墩村积石山县大墩峡景区,景点景区,国家4A旅游景区。所属地：甘肃·临夏回族自治州·积石山保安族东乡族撒拉族自治县。地址：甘肃临夏州临夏回族自治州积石山县大河家镇大墩村积石山县大墩峡景区。,35.8040522,102.7186866,wgs84
临夏市八坊十三巷,4A,甘肃,临夏回族自治州,临夏市,甘肃临夏州临夏回族自治州临夏市大旮巷67号临夏市八坊十三巷,景点景区,国家4A旅游景区。所属地：甘肃·临夏回族自治州·临夏市。地址：甘肃临夏州临夏回族自治州临夏市大旮巷67号临夏市八坊十三巷。,35.5916128,103.2080267,wgs84
和政县松鸣岩景区,4A,甘肃,临夏回族自治州,和政县,甘肃临夏州临夏回族自治州和政县松鸣镇吊滩村上乱沟社97号和政县松鸣岩景区,景点景区,国家4A旅游景区。所属地：甘肃·临夏回族自治州·和政县。地址：甘肃临夏州临夏回族自治州和政县松鸣镇吊滩村上乱沟社97号和政县松鸣岩景区。,35.2496135,103.4051221,wgs84
和政县法台山景区,4A,甘肃,临夏回族自治州,和政县,甘肃临夏州临夏回族自治州和政县松鸣镇吊滩村和政县法台山景区,景点景区,国家4A旅游景区。所属地：甘肃·临夏回族自治州·和政县。地址：甘肃临夏州临夏回族自治州和政县松鸣镇吊滩村和政县法台山景区。,35.2657545,103.4042317,wgs84
永靖县刘家峡国际滑翔营地景区,4A,甘肃,临夏回族自治州,永靖县,甘肃临夏州临夏回族自治州永靖县杨塔乡赵山村永靖县刘家峡国际滑翔营地景区,景点景区,国家4A旅游景区。所属地：甘肃·临夏回族自治州·永靖县。地址：甘肃临夏州临夏回族自治州永靖县杨塔乡赵山村永靖县刘家峡国际滑翔营地景区。,35.8576095,103.1100746,wgs84
舟曲县拉尕山景区,4A,甘肃,甘南藏族自治州,舟曲县,甘肃甘南州甘南州舟曲县立节镇拉尕村舟曲县拉尕山景区,景点景区,国家4A旅游景区。所属地：甘肃·甘南藏族自治州·舟曲县。地址：甘肃甘南州甘南州舟曲县立节镇拉尕村舟曲县拉尕山景区。,33.8472294,104.1506067,wgs84
临潭县冶力关景区,4A,甘肃,甘南藏族自治州,临潭县,甘肃甘南州甘南州临潭县冶力关镇滨河北路15号临潭县冶力关景区,景点景区,国家4A旅游景区。所属地：甘肃·甘南藏族自治州·临潭县。地址：甘肃甘南州甘南州临潭县冶力关镇滨河北路15号临潭县冶力关景区。,34.9615954,103.6605821,wgs84
碌曲县郎木寺景区,4A,甘肃,甘南藏族自治州,碌曲县,甘肃甘南州甘南藏族自治州碌曲县郎木寺镇1号碌曲县郎木寺景区,景点景区,国家4A旅游景区。所属地：甘肃·甘南藏族自治州·碌曲县。地址：甘肃甘南州甘南藏族自治州碌曲县郎木寺镇1号碌曲县郎木寺景区。,34.0923181,102.6312806,wgs84
碌曲县则岔石林景区,4A,甘肃,甘南藏族自治州,碌曲县,甘肃甘南州甘南藏族自治州碌曲县拉仁关乡则岔村碌曲县则岔石林景区,景点景区,国家4A旅游景区。所属地：甘肃·甘南藏族自治州·碌曲县。地址：甘肃甘南州甘南藏族自治州碌曲县拉仁关乡则岔村碌曲县则岔石林景区。,34.3533177,102.6867422,wgs84
碌曲县尕秀藏寨文化生态旅游区,4A,甘肃,甘南藏族自治州,碌曲县,甘肃甘南州甘南藏族自治州碌曲县尕海镇尕秀村碌曲县尕秀藏寨文化生态旅游区,景点景区,国家4A旅游景区。所属地：甘肃·甘南藏族自治州·碌曲县。地址：甘肃甘南州甘南藏族自治州碌曲县尕海镇尕秀村碌曲县尕秀藏寨文化生态旅游区。,34.4427834,102.2999082,wgs84
玛曲县阿万仓湿地景区,4A,甘肃,甘南藏族自治州,玛曲县,甘肃甘南州甘南藏族自治州玛曲县阿万仓镇313省道与阿群段交叉口玛曲县阿万仓湿地景区,景点景区,国家4A旅游景区。所属地：甘肃·甘南藏族自治州·玛曲县。地址：甘肃甘南州甘南藏族自治州玛曲县阿万仓镇313省道与阿群段交叉口玛曲县阿万仓湿地景区。,33.7743191,101.6839874,wgs84
夏河县拉卜楞寺景区,4A,甘肃,甘南藏族自治州,夏河县,甘肃甘南州甘南州夏河县拉 卜楞镇城西1公里处夏河县拉 卜楞寺景区,景点景区,国家4A旅游景区。所属地：甘肃·甘南藏族自治州·夏河县。地址：甘肃甘南州甘南州夏河县拉 卜楞镇城西1公里处夏河县拉 卜楞寺景区。,35.1945377,102.5069027,wgs84
迭部县扎尕那景区,4A,甘肃,甘南藏族自治州,迭部县,甘肃甘南州甘南州迭部县益哇镇扎尕那行政村迭部县扎尕那景区,景点景区,国家4A旅游景区。所属地：甘肃·甘南藏族自治州·迭部县。地址：甘肃甘南州甘南州迭部县益哇镇扎尕那行政村迭部县扎尕那景区。,34.2382972,103.1889563,wgs84
迭部县腊子口景区,4A,甘肃,甘南藏族自治州,迭部县,甘肃甘南州甘南州迭部县腊子口镇迭部县腊子口景区,景点景区,国家4A旅游景区。所属地：甘肃·甘南藏族自治州·迭部县。地址：甘肃甘南州甘南州迭部县腊子口镇迭部县腊子口景区。,34.1162415,103.9307277,wgs84
迭部县俄界景区,4A,甘肃,甘南藏族自治州,迭部县,甘肃甘南州甘南州迭部县达拉乡高吉行政村高吉自然村迭部县俄界景区,景点景区,国家4A旅游景区。所属地：甘肃·甘南藏族自治州·迭部县。地址：甘肃甘南州甘南州迭部县达拉乡高吉行政村高吉自然村迭部县俄界景区。,33.8770155,103.3154600,wgs84
合作市当周草原景区,4A,甘肃,甘南藏族自治州,合作市,甘肃甘南州甘南州合作市知合玛村对面合作市当周草原景区,景点景区,国家4A旅游景区。所属地：甘肃·甘南藏族自治州·合作市。地址：甘肃甘南州甘南州合作市知合玛村对面合作市当周草原景区。,34.9510722,102.8840642,wgs84
卓尼县大峪沟旅游景区,4A,甘肃,甘南藏族自治州,卓尼县,甘肃甘南州甘南州卓尼县木耳镇塔古滩卓尼县大峪沟旅游景区,景点景区,国家4A旅游景区。所属地：甘肃·甘南藏族自治州·卓尼县。地址：甘肃甘南州甘南州卓尼县木耳镇塔古滩卓尼县大峪沟旅游景区。,34.5688235,103.5874198,wgs84
西部恐龙水乐园,4A,甘肃,兰州市,永登县,甘肃兰州新区甘肃省兰州新区凤凰山路1555号西部恐龙水乐园,景点景区,国家4A旅游景区。所属地：甘肃·兰州市·永登县。地址：甘肃兰州新区甘肃省兰州新区凤凰山路1555号西部恐龙水乐园。,36.4556157,103.6278031,wgs84
青海湖景区,5A,青海,西宁市,城中区,青海青藏公路距西宁151公里处青海湖景区,景点景区,国家5A旅游景区。所属地：青海·西宁市·城中区。地址：青海青藏公路距西宁151公里处青海湖景区。,36.6267359,101.7826462,wgs84
塔尔寺旅游区,5A,青海,西宁市,湟中区,青海西宁市湟中县鲁沙尔镇塔尔寺旅游区,景点景区,国家5A旅游景区。所属地：青海·西宁市·湟中区。地址：青海西宁市湟中县鲁沙尔镇塔尔寺旅游区。,36.4881359,101.5661795,wgs84
互助土族故土园旅游区,5A,青海,海东市,互助土族自治县,青海海东市互助县威远镇北大街1号互助土族故土园旅游区,景点景区,国家5A旅游景区。所属地：青海·海东市·互助土族自治县。地址：青海海东市互助县威远镇北大街1号互助土族故土园旅游区。,36.8351267,101.9363826,wgs84
海北州阿咪东索景区,5A,青海,海北藏族自治州,祁连县,青海距离祁连县城9公里海北州阿咪东索景区,景点景区,国家5A旅游景区。所属地：青海·海北藏族自治州·祁连县。地址：青海距离祁连县城9公里海北州阿咪东索景区。,38.0984506,100.3193222,wgs84
贵德高原养生休闲度假区,4A,青海,海南藏族自治州,贵德县,青海海南州贵德县旅游开发管理委员会贵德高原养生休闲度假区,景点景区,国家4A旅游景区。所属地：青海·海南藏族自治州·贵德县。地址：青海海南州贵德县旅游开发管理委员会贵德高原养生休闲度假区。,36.0395275,101.4358300,wgs84
格尔木昆仑旅游区,4A,青海,海西蒙古族藏族自治州,格尔木市,青海海西州格尔木市八一中路格尔木昆仑旅游区,景点景区,国家4A旅游景区。所属地：青海·海西蒙古族藏族自治州·格尔木市。地址：青海海西州格尔木市八一中路格尔木昆仑旅游区。,35.9051603,94.3669685,wgs84
青海省博物馆,4A,青海,西宁市,城西区,青海西宁市西关大街新宁广场青海省博物馆,景点景区,国家4A旅游景区。所属地：青海·西宁市·城西区。地址：青海西宁市西关大街新宁广场青海省博物馆。,36.6302433,101.7540436,wgs84
循化撒拉族绿色家园,4A,青海,海东市,循化撒拉族自治县,青海海东市循化县积石镇循化撒拉族绿色家园,景点景区,国家4A旅游景区。所属地：青海·海东市·循化撒拉族自治县。地址：青海海东市循化县积石镇循化撒拉族绿色家园。,35.7944966,102.6764713,wgs84
青海藏医药文化博物院,4A,青海,西宁市,城北区,青海西宁市生物园区青海藏医药文化博物院,景点景区,国家4A旅游景区。所属地：青海·西宁市·城北区。地址：青海西宁市生物园区青海藏医药文化博物院。,36.6991441,101.7462808,wgs84
青海省海北州金银滩-原子城景区,4A,青海,海北藏族自治州,海晏县,青海海北州西海镇青海省海北州金银滩-原子城景区,景点景区,国家4A旅游景区。所属地：青海·海北藏族自治州·海晏县。地址：青海海北州西海镇青海省海北州金银滩-原子城景区。,36.9570711,100.8764333,wgs84
门源百里油菜花海景区,4A,青海,海北藏族自治州,门源回族自治县,青海海北州门源县东街门源百里油菜花海景区,景点景区,国家4A旅游景区。所属地：青海·海北藏族自治州·门源回族自治县。地址：青海海北州门源县东街门源百里油菜花海景区。,37.4767067,101.4382814,wgs84
祁连风光旅游景区,4A,青海,海北藏族自治州,祁连县,青海海北州祁连县祁连广场祁连风光旅游景区,景点景区,国家4A旅游景区。所属地：青海·海北藏族自治州·祁连县。地址：青海海北州祁连县祁连广场祁连风光旅游景区。,38.1767737,100.2517412,wgs84
热贡国家级历史文化名城旅游区,4A,青海,黄南藏族自治州,同仁市,青海黄南州同仁市热贡国家级历史文化名城旅游区,景点景区,国家4A旅游景区。所属地：青海·黄南藏族自治州·同仁市。地址：青海黄南州同仁市热贡国家级历史文化名城旅游区。,35.5166824,102.0161139,wgs84
大通老爷山风景名胜区,4A,青海,西宁市,大通回族土族自治县,青海西宁市大通县桥头镇大通老爷山风景名胜区,景点景区,国家4A旅游景区。所属地：青海·西宁市·大通回族土族自治县。地址：青海西宁市大通县桥头镇大通老爷山风景名胜区。,37.0119658,101.7658948,wgs84
湟源丹噶尔古城景区,4A,青海,西宁市,湟源县,青海西宁市湟源县湟源丹噶尔古城景区,景点景区,国家4A旅游景区。所属地：青海·西宁市·湟源县。地址：青海西宁市湟源县湟源丹噶尔古城景区。,36.6873998,101.2723616,wgs84
玉树称多拉布民俗村,4A,青海,玉树藏族自治州,称多县,青海玉树州称多县拉布村玉树称多拉布民俗村,景点景区,国家4A旅游景区。所属地：青海·玉树藏族自治州·称多县。地址：青海玉树州称多县拉布村玉树称多拉布民俗村。,33.2671213,97.1412742,wgs84
西宁市青藏高原野生动物园,4A,青海,西宁市,城西区,青海西宁市城西区行知路9号西宁市青藏高原野生动物园,景点景区,国家4A旅游景区。所属地：青海·西宁市·城西区。地址：青海西宁市城西区行知路9号西宁市青藏高原野生动物园。,36.6299554,101.7295129,wgs84
西宁市青海藏文化馆,4A,青海,西宁市,湟中区,青海西宁市湟中县鲁沙尔镇西宁市青海藏文化馆,景点景区,国家4A旅游景区。所属地：青海·西宁市·湟中区。地址：青海西宁市湟中县鲁沙尔镇西宁市青海藏文化馆。,36.4927391,101.5867185,wgs84
茶卡盐湖景区,4A,青海,海西蒙古族藏族自治州,乌兰县,青海乌兰县茶卡镇茶卡盐湖景区茶卡盐湖景区,景点景区,国家4A旅游景区。所属地：青海·海西蒙古族藏族自治州·乌兰县。地址：青海乌兰县茶卡镇茶卡盐湖景区茶卡盐湖景区。,36.6984487,99.1098160,wgs84
刚察县高原海滨藏城景区,4A,青海,海北藏族自治州,刚察县,青海海北州刚察县刚察县高原海滨藏城景区,景点景区,国家4A旅游景区。所属地：青海·海北藏族自治州·刚察县。地址：青海海北州刚察县刚察县高原海滨藏城景区。,37.3249769,100.1442163,wgs84
西宁市中国工农红军西路军纪念馆,4A,青海,西宁市,城中区,青海西宁市城中区西宁市中国工农红军西路军纪念馆,景点景区,国家4A旅游景区。所属地：青海·西宁市·城中区。地址：青海西宁市城中区西宁市中国工农红军西路军纪念馆。,36.5948036,101.7602045,wgs84
西宁市力盟步行街文化旅游区,4A,青海,西宁市,城西区,青海西宁市城中区西宁市力盟步行街文化旅游区,景点景区,国家4A旅游景区。所属地：青海·西宁市·城西区。地址：青海西宁市城中区西宁市力盟步行街文化旅游区。,36.6292328,101.7585409,wgs84
格尔木市将军楼文化主题公园景区,4A,青海,海西蒙古族藏族自治州,格尔木市,青海青海省海西蒙古族藏族自治州格尔木市金峰西路78号格尔木市将军楼文化主题公园景区,景点景区,国家4A旅游景区。所属地：青海·海西蒙古族藏族自治州·格尔木市。地址：青海青海省海西蒙古族藏族自治州格尔木市金峰西路78号格尔木市将军楼文化主题公园景区。,36.4106720,94.8924727,wgs84
民和县永录康格达景区,4A,青海,海东市,民和回族土族自治县,青海民和县满坪镇大庄村民和县永录康格达景区,景点景区,国家4A旅游景区。所属地：青海·海东市·民和回族土族自治县。地址：青海民和县满坪镇大庄村民和县永录康格达景区。,36.0057709,102.7603406,wgs84
乡趣卡阳户外旅游度假景区,4A,青海,西宁市,湟中区,青海青海省西宁市湟中县拦隆口镇卡阳村乡趣卡阳户外旅游度假景区,景点景区,国家4A旅游景区。所属地：青海·西宁市·湟中区。地址：青海青海省西宁市湟中县拦隆口镇卡阳村乡趣卡阳户外旅游度假景区。,36.7848021,101.4270047,wgs84
龙羊峡旅游景区,4A,青海,海南藏族自治州,共和县,青海海南州共和县龙羊峡库区龙羊峡旅游景区,景点景区,国家4A旅游景区。所属地：青海·海南藏族自治州·共和县。地址：青海海南州共和县龙羊峡库区龙羊峡旅游景区。,36.1327984,100.9103484,wgs84
茶卡天空壹号景区,4A,青海,海西蒙古族藏族自治州,乌兰县,青海海西州乌兰县茶卡天空壹号景区,景点景区,国家4A旅游景区。所属地：青海·海西蒙古族藏族自治州·乌兰县。地址：青海海西州乌兰县茶卡天空壹号景区。,36.7162998,99.1722430,wgs84
日月山旅游区,4A,青海,西宁市,湟源县,青海湟源县日月乡日月山旅游区,景点景区,国家4A旅游景区。所属地：青海·西宁市·湟源县。地址：青海湟源县日月乡日月山旅游区。,36.4425707,101.0920058,wgs84
平安驿·河湟民俗文化体验地,4A,青海,海东市,平安区,青海海东市平安区平安驿·河湟民俗文化体验地,景点景区,国家4A旅游景区。所属地：青海·海东市·平安区。地址：青海海东市平安区平安驿·河湟民俗文化体验地。,36.5008378,102.1466966,wgs84
玉树市新寨嘉那玛尼石经城旅游区,4A,青海,玉树藏族自治州,玉树市,青海玉树州玉树市结古镇格萨都然巷25号玉树市新寨嘉那玛尼石经城旅游区,景点景区,国家4A旅游景区。所属地：青海·玉树藏族自治州·玉树市。地址：青海玉树州玉树市结古镇格萨都然巷25号玉树市新寨嘉那玛尼石经城旅游区。,33.0004944,97.0091345,wgs84
西宁市新华联国际旅游城·童梦乐园,4A,青海,西宁市,湟中区,青海西宁市湟中县多巴镇黑嘴村西宁市新华联国际旅游城·童梦乐园,景点景区,国家4A旅游景区。所属地：青海·西宁市·湟中区。地址：青海西宁市湟中县多巴镇黑嘴村西宁市新华联国际旅游城·童梦乐园。,36.6526960,101.5596945,wgs84
互助县北山景区,4A,青海,海东市,互助土族自治县,青海海东市互助县威远镇吐谷浑大道16号互助县北山景区,景点景区,国家4A旅游景区。所属地：青海·海东市·互助土族自治县。地址：青海海东市互助县威远镇吐谷浑大道16号互助县北山景区。,36.8229320,101.9502589,wgs84
青藏高原自然博物馆,4A,青海,西宁市,城北区,青海西宁市城北区生物园区经二路21号青藏高原自然博物馆,景点景区,国家4A旅游景区。所属地：青海·西宁市·城北区。地址：青海西宁市城北区生物园区经二路21号青藏高原自然博物馆。,36.6875471,101.7476744,wgs84
昆仑玉文化博物馆,4A,青海,西宁市,城北区,青海西宁市城北区生物园区经三路32号昆仑玉文化博物馆,景点景区,国家4A旅游景区。所属地：青海·西宁市·城北区。地址：青海西宁市城北区生物园区经三路32号昆仑玉文化博物馆。,36.6810307,101.7440396,wgs84
乌素特（水上）雅丹景区,4A,青海,海西蒙古族藏族自治州,,青海海西州大柴旦行委经发局办公楼205室乌素特（水上）雅丹景区,景点景区,国家4A旅游景区。所属地：青海·海西蒙古族藏族自治州。地址：青海海西州大柴旦行委经发局办公楼205室乌素特（水上）雅丹景区。,37.3766608,97.3689504,wgs84
西宁市体育公园,4A,青海,西宁市,城北区,青海海湖大道12号西宁市体育公园,景点景区,国家4A旅游景区。所属地：青海·西宁市·城北区。地址：青海海湖大道12号西宁市体育公园。,36.6601826,101.7429997,wgs84
湟源县宗家沟文化旅游景区,4A,青海,西宁市,湟源县,青海湟源县日月乡大石头村湟源县宗家沟文化旅游景区,景点景区,国家4A旅游景区。所属地：青海·西宁市·湟源县。地址：青海湟源县日月乡大石头村湟源县宗家沟文化旅游景区。,36.5521979,101.1852624,wgs84
民和喇家考古遗址公园,4A,青海,海东市,民和回族土族自治县,青海民和县官亭镇喇家村4社民和喇家考古遗址公园,景点景区,国家4A旅游景区。所属地：青海·海东市·民和回族土族自治县。地址：青海民和县官亭镇喇家村4社民和喇家考古遗址公园。,35.8677994,102.8028820,wgs84
撒拉尔故里-民俗文化园,4A,青海,海东市,循化撒拉族自治县,青海循化县街子镇撒拉尔故里-民俗文化园,景点景区,国家4A旅游景区。所属地：青海·海东市·循化撒拉族自治县。地址：青海循化县街子镇撒拉尔故里-民俗文化园。,35.8464716,102.4275851,wgs84
民和七里花海景区,4A,青海,海东市,民和回族土族自治县,青海民和县古鄯镇山庄村民和七里花海景区,景点景区,国家4A旅游景区。所属地：青海·海东市·民和回族土族自治县。地址：青海民和县古鄯镇山庄村民和七里花海景区。,36.0793996,102.7155590,wgs84
贵德县国家地质公园景区,4A,青海,海南藏族自治州,贵德县,青海贵德县尕让乡阿什贡村贵德县国家地质公园景区,景点景区,国家4A旅游景区。所属地：青海·海南藏族自治州·贵德县。地址：青海贵德县尕让乡阿什贡村贵德县国家地质公园景区。,36.1396002,101.5804138,wgs84
门源县祁连山生态牧场,4A,青海,海北藏族自治州,门源回族自治县,青海门源县苏吉湾村门源县祁连山生态牧场,景点景区,国家4A旅游景区。所属地：青海·海北藏族自治州·门源回族自治县。地址：青海门源县苏吉湾村门源县祁连山生态牧场。,37.4618970,101.5447181,wgs84
镇北堡西部影城,5A,宁夏,银川市,西夏区,宁夏银川市镇北堡西部影城,景点景区,国家5A旅游景区。所属地：宁夏·银川市·西夏区。地址：宁夏银川市镇北堡西部影城。,38.6142609,106.0674332,wgs84
水洞沟旅游区,5A,宁夏,银川市,灵武市,宁夏银川市水洞沟旅游区,景点景区,国家5A旅游景区。所属地：宁夏·银川市·灵武市。地址：宁夏银川市水洞沟旅游区。,38.2836639,106.5162377,wgs84
黄沙古渡原生态旅游区,4A,宁夏,银川市,兴庆区,宁夏银川市黄沙古渡原生态旅游区,景点景区,国家4A旅游景区。所属地：宁夏·银川市·兴庆区。地址：宁夏银川市黄沙古渡原生态旅游区。,38.5796621,106.5445958,wgs84
黄河军事文化博览园,4A,宁夏,银川市,兴庆区,宁夏银川市黄河军事文化博览园,景点景区,国家4A旅游景区。所属地：宁夏·银川市·兴庆区。地址：宁夏银川市黄河军事文化博览园。,38.3920405,106.4870823,wgs84
黄河横城旅游度假区,4A,宁夏,银川市,兴庆区,宁夏银川市黄河横城旅游度假区,景点景区,国家4A旅游景区。所属地：宁夏·银川市·兴庆区。地址：宁夏银川市黄河横城旅游度假区。,38.3817445,106.4811222,wgs84
贺兰山国家森林公园,4A,宁夏,银川市,西夏区,宁夏银川市贺兰山国家森林公园,景点景区,国家4A旅游景区。所属地：宁夏·银川市·西夏区。地址：宁夏银川市贺兰山国家森林公园。,38.5381957,106.1393232,wgs84
贺兰山岩画,4A,宁夏,银川市,贺兰县,宁夏银川市贺兰山岩画,景点景区,国家4A旅游景区。所属地：宁夏·银川市·贺兰县。地址：宁夏银川市贺兰山岩画。,38.7368065,106.0085182,wgs84
西夏陵,4A,宁夏,银川市,西夏区,宁夏银川市西夏陵,景点景区,国家4A旅游景区。所属地：宁夏·银川市·西夏区。地址：宁夏银川市西夏陵。,38.4954567,106.1518560,wgs84
宁夏张裕龙询酒庄,4A,宁夏,银川市,,宁夏银川市宁夏张裕龙询酒庄,景点景区,国家4A旅游景区。所属地：宁夏·银川市。地址：宁夏银川市宁夏张裕龙询酒庄。,38.4867302,106.2265069,wgs84
银川鸣革湖国家湿地公园,4A,宁夏,银川市,兴庆区,宁夏银川市银川鸣革湖国家湿地公园,景点景区,国家4A旅游景区。所属地：宁夏·银川市·兴庆区。地址：宁夏银川市银川鸣革湖国家湿地公园。,38.3964607,106.3667142,wgs84
西夏风情园旅游景区,4A,宁夏,银川市,西夏区,宁夏银川市西夏风情园旅游景区,景点景区,国家4A旅游景区。所属地：宁夏·银川市·西夏区。地址：宁夏银川市西夏风情园旅游景区。,38.4842113,106.0281567,wgs84
宁夏百瑞源枸杞博物馆,4A,宁夏,银川市,西夏区,宁夏银川市宁夏百瑞源枸杞博物馆,景点景区,国家4A旅游景区。所属地：宁夏·银川市·西夏区。地址：宁夏银川市宁夏百瑞源枸杞博物馆。,38.4416744,106.0134067,wgs84
贺兰山浸葡小镇,4A,宁夏,银川市,西夏区,宁夏银川市贺兰山浸葡小镇,景点景区,国家4A旅游景区。所属地：宁夏·银川市·西夏区。地址：宁夏银川市贺兰山浸葡小镇。,38.5381957,106.1393232,wgs84
志辉源石葡萄酒庄,4A,宁夏,银川市,,宁夏银川市志辉源石葡萄酒庄,景点景区,国家4A旅游景区。所属地：宁夏·银川市。地址：宁夏银川市志辉源石葡萄酒庄。,38.4867302,106.2265069,wgs84
天山海世界景区,4A,宁夏,银川市,兴庆区,宁夏银川市天山海世界景区,景点景区,国家4A旅游景区。所属地：宁夏·银川市·兴庆区。地址：宁夏银川市天山海世界景区。,38.3976521,106.4948051,wgs84
玉泉国际酒庄景区,4A,宁夏,银川市,永宁县,宁夏银川市玉泉国际酒庄景区,景点景区,国家4A旅游景区。所属地：宁夏·银川市·永宁县。地址：宁夏银川市玉泉国际酒庄景区。,38.2625647,106.0392033,wgs84
沙湖旅游区,5A,宁夏,石嘴山市,平罗县,宁夏石嘴山市沙湖旅游区,景点景区,国家5A旅游景区。所属地：宁夏·石嘴山市·平罗县。地址：宁夏石嘴山市沙湖旅游区。,38.8222816,106.3700914,wgs84
华夏奇石山文化旅游区,4A,宁夏,石嘴山市,大武口区,宁夏石嘴山市华夏奇石山文化旅游区,景点景区,国家4A旅游景区。所属地：宁夏·石嘴山市·大武口区。地址：宁夏石嘴山市华夏奇石山文化旅游区。,38.9904842,106.3896031,wgs84
北武当生态旅游区,4A,宁夏,石嘴山市,平罗县,宁夏石嘴山市北武当生态旅游区,景点景区,国家4A旅游景区。所属地：宁夏·石嘴山市·平罗县。地址：宁夏石嘴山市北武当生态旅游区。,38.8235905,106.3681003,wgs84
庙庙湖生态旅游区,4A,宁夏,石嘴山市,平罗县,宁夏石嘴山市庙庙湖生态旅游区,景点景区,国家4A旅游景区。所属地：宁夏·石嘴山市·平罗县。地址：宁夏石嘴山市庙庙湖生态旅游区。,38.8235905,106.3681003,wgs84
贺东葡萄酒小镇,4A,宁夏,石嘴山市,大武口区,宁夏石嘴山市贺东葡萄酒小镇,景点景区,国家4A旅游景区。所属地：宁夏·石嘴山市·大武口区。地址：宁夏石嘴山市贺东葡萄酒小镇。,39.0097971,106.3763570,wgs84
黄河大峡谷旅游区,4A,宁夏,吴忠市,青铜峡市,宁夏吴忠市黄河大峡谷旅游区,景点景区,国家4A旅游景区。所属地：宁夏·吴忠市·青铜峡市。地址：宁夏吴忠市黄河大峡谷旅游区。,37.8895258,106.0035193,wgs84
盐州古城历史文化旅游区,4A,宁夏,吴忠市,利通区,宁夏吴忠市盐州古城历史文化旅游区,景点景区,国家4A旅游景区。所属地：宁夏·吴忠市·利通区。地址：宁夏吴忠市盐州古城历史文化旅游区。,37.9986173,106.1765538,wgs84
哈巴湖生态旅游区,4A,宁夏,吴忠市,盐池县,宁夏吴忠市哈巴湖生态旅游区,景点景区,国家4A旅游景区。所属地：宁夏·吴忠市·盐池县。地址：宁夏吴忠市哈巴湖生态旅游区。,37.7128148,107.0746277,wgs84
盐池革命历史纪念园,4A,宁夏,吴忠市,盐池县,宁夏吴忠市盐池革命历史纪念园,景点景区,国家4A旅游景区。所属地：宁夏·吴忠市·盐池县。地址：宁夏吴忠市盐池革命历史纪念园。,37.7824577,107.4020597,wgs84
同心红军西征纪念园,4A,宁夏,吴忠市,同心县,宁夏吴忠市同心红军西征纪念园,景点景区,国家4A旅游景区。所属地：宁夏·吴忠市·同心县。地址：宁夏吴忠市同心红军西征纪念园。,36.9805038,105.9104936,wgs84
六盘山红军长征景区,4A,宁夏,吴忠市,盐池县,宁夏吴忠市六盘山红军长征景区,景点景区,国家4A旅游景区。所属地：宁夏·吴忠市·盐池县。地址：宁夏吴忠市六盘山红军长征景区。,37.7868125,107.4058202,wgs84
六盘山国家森林公园,4A,宁夏,吴忠市,,宁夏吴忠市六盘山国家森林公园,景点景区,国家4A旅游景区。所属地：宁夏·吴忠市。地址：宁夏吴忠市六盘山国家森林公园。,37.9969092,106.1939858,wgs84
宁夏固原市须弥山旅游区,4A,宁夏,吴忠市,青铜峡市,宁夏吴忠市宁夏固原市须弥山旅游区,景点景区,国家4A旅游景区。所属地：宁夏·吴忠市·青铜峡市。地址：宁夏吴忠市宁夏固原市须弥山旅游区。,37.8895258,106.0035193,wgs84
宁夏固原市火石寨国家地质公园,4A,宁夏,吴忠市,,宁夏吴忠市宁夏固原市火石寨国家地质公园,景点景区,国家4A旅游景区。所属地：宁夏·吴忠市。地址：宁夏吴忠市宁夏固原市火石寨国家地质公园。,37.9972046,106.1942062,wgs84
宁夏固原市博物馆,4A,宁夏,吴忠市,利通区,宁夏吴忠市宁夏固原市博物馆,景点景区,国家4A旅游景区。所属地：宁夏·吴忠市·利通区。地址：宁夏吴忠市宁夏固原市博物馆。,37.9883540,106.1537734,wgs84
将台堡红军长征会师纪念园,4A,宁夏,吴忠市,盐池县,宁夏吴忠市将台堡红军长征会师纪念园,景点景区,国家4A旅游景区。所属地：宁夏·吴忠市·盐池县。地址：宁夏吴忠市将台堡红军长征会师纪念园。,37.7868125,107.4058202,wgs84
沙坡头景区,5A,宁夏,中卫市,沙坡头区,宁夏中卫市沙坡头景区,景点景区,国家5A旅游景区。所属地：宁夏·中卫市·沙坡头区。地址：宁夏中卫市沙坡头景区。,37.4612446,104.9999905,wgs84
金沙岛景区,4A,宁夏,中卫市,沙坡头区,宁夏中卫市金沙岛景区,景点景区,国家4A旅游景区。所属地：宁夏·中卫市·沙坡头区。地址：宁夏中卫市金沙岛景区。,37.5330262,105.1095871,wgs84
寺口子风景区,4A,宁夏,中卫市,沙坡头区,宁夏中卫市寺口子风景区,景点景区,国家4A旅游景区。所属地：宁夏·中卫市·沙坡头区。地址：宁夏中卫市寺口子风景区。,37.2926071,105.4483231,wgs84
六盘山红军长征景区,4A,宁夏,固原市,隆德县,宁夏固原市六盘山红军长征景区,景点景区,国家4A旅游景区。所属地：宁夏·固原市·隆德县。地址：宁夏固原市六盘山红军长征景区。,35.6588286,106.1718350,wgs84
六盘山国家森林公园,4A,宁夏,固原市,泾源县,宁夏固原市六盘山国家森林公园,景点景区,国家4A旅游景区。所属地：宁夏·固原市·泾源县。地址：宁夏固原市六盘山国家森林公园。,35.3418235,106.3043382,wgs84
宁夏固原市须弥山旅游区,4A,宁夏,固原市,原州区,宁夏固原市宁夏固原市须弥山旅游区,景点景区,国家4A旅游景区。所属地：宁夏·固原市·原州区。地址：宁夏固原市宁夏固原市须弥山旅游区。,36.0090917,106.2789743,wgs84
宁夏固原市火石寨国家地质公园,4A,宁夏,固原市,西吉县,宁夏固原市宁夏固原市火石寨国家地质公园,景点景区,国家4A旅游景区。所属地：宁夏·固原市·西吉县。地址：宁夏固原市宁夏固原市火石寨国家地质公园。,36.0990455,105.7614307,wgs84
宁夏固原市博物馆,4A,宁夏,固原市,原州区,宁夏固原市宁夏固原市博物馆,景点景区,国家4A旅游景区。所属地：宁夏·固原市·原州区。地址：宁夏固原市宁夏固原市博物馆。,36.0055963,106.2717388,wgs84
将台堡红军长征会师纪念园,4A,宁夏,固原市,西吉县,宁夏固原市将台堡红军长征会师纪念园,景点景区,国家4A旅游景区。所属地：宁夏·固原市·西吉县。地址：宁夏固原市将台堡红军长征会师纪念园。,35.8103041,105.8383255,wgs84
伊犁哈萨克自治州那拉提旅游风景区,5A,新疆,伊犁哈萨克自治州,新源县,新疆伊犁哈萨克自治州那拉提旅游风景区,景点景区,国家5A旅游景区。所属地：新疆·伊犁哈萨克自治州·新源县。地址：新疆伊犁哈萨克自治州那拉提旅游风景区。,43.2832520,84.0364164,wgs84
喀拉峻景区,5A,新疆,伊犁哈萨克自治州,特克斯县,新疆伊犁哈萨克自治州特克斯县喀拉达拉镇喀拉峻景区,景点景区,国家5A旅游景区。所属地：新疆·伊犁哈萨克自治州·特克斯县。地址：新疆伊犁哈萨克自治州特克斯县喀拉达拉镇喀拉峻景区。,43.1192895,81.8985172,wgs84
赛里木湖风景名胜区,5A,新疆,博尔塔拉蒙古自治州,博乐市,新疆博尔塔拉蒙古自治州博乐市新疆博尔塔拉蒙古自治州赛里木湖风景名胜区赛里木湖风景名胜区,景点景区,国家5A旅游景区。所属地：新疆·博尔塔拉蒙古自治州·博乐市。地址：新疆博尔塔拉蒙古自治州博乐市新疆博尔塔拉蒙古自治州赛里木湖风景名胜区赛里木湖风景名胜区。,44.6031843,81.1692170,wgs84
喀纳斯景区,5A,新疆,阿勒泰地区,布尔津县,新疆阿勒泰地区布尔津县布尔津县津东路3号喀纳斯景区,景点景区,国家5A旅游景区。所属地：新疆·阿勒泰地区·布尔津县。地址：新疆阿勒泰地区布尔津县布尔津县津东路3号喀纳斯景区。,47.6945283,86.8882988,wgs84
可可托海景区,5A,新疆,阿勒泰地区,富蕴县,新疆阿勒泰地区富蕴县富蕴县团结北路3号可可托海景区,景点景区,国家5A旅游景区。所属地：新疆·阿勒泰地区·富蕴县。地址：新疆阿勒泰地区富蕴县富蕴县团结北路3号可可托海景区。,46.9926662,89.5247835,wgs84
世界魔鬼城景区,5A,新疆,克拉玛依市,乌尔禾区,新疆克拉玛依市乌尔禾区乌尔禾区龙脊路200号世界魔鬼城景区,景点景区,国家5A旅游景区。所属地：新疆·克拉玛依市·乌尔禾区。地址：新疆克拉玛依市乌尔禾区乌尔禾区龙脊路200号世界魔鬼城景区。,46.1288398,85.7439902,wgs84
天山天池风景区,5A,新疆,昌吉回族自治州,阜康市,新疆昌吉回族自治州阜康市天池游客集散中心天山天池风景区,景点景区,国家5A旅游景区。所属地：新疆·昌吉回族自治州·阜康市。地址：新疆昌吉回族自治州阜康市天池游客集散中心天山天池风景区。,44.1621852,87.9470779,wgs84
乌鲁木齐天山大峡谷,5A,新疆,乌鲁木齐市,乌鲁木齐县,新疆乌鲁木齐市乌鲁木齐县新疆乌鲁木齐市乌鲁木齐县板房沟镇灯草沟乌鲁木齐天山大峡谷,景点景区,国家5A旅游景区。所属地：新疆·乌鲁木齐市·乌鲁木齐县。地址：新疆乌鲁木齐市乌鲁木齐县新疆乌鲁木齐市乌鲁木齐县板房沟镇灯草沟乌鲁木齐天山大峡谷。,43.4917836,87.4384350,wgs84
葡萄沟景区,5A,新疆,吐鲁番市,高昌区,新疆吐鲁番市示范区新疆吐鲁番市区东北11公里处葡萄沟景区,景点景区,国家5A旅游景区。所属地：新疆·吐鲁番市·高昌区。地址：新疆吐鲁番市示范区新疆吐鲁番市区东北11公里处葡萄沟景区。,42.9703360,89.2382879,wgs84
博斯腾湖景区（大河口）,5A,新疆,巴音郭楞蒙古自治州,博湖县,新疆巴音郭楞蒙古自治州博湖县乌兰乡乌兰再克村博斯腾湖景区（大河口）,景点景区,国家5A旅游景区。所属地：新疆·巴音郭楞蒙古自治州·博湖县。地址：新疆巴音郭楞蒙古自治州博湖县乌兰乡乌兰再克村博斯腾湖景区（大河口）。,41.9186374,86.6936282,wgs84
博斯腾湖景区（莲海世界）,5A,新疆,,,新疆塔杨公路处博斯腾湖景区（莲海世界）,景点景区,国家5A旅游景区。所属地：新疆。地址：新疆塔杨公路处博斯腾湖景区（莲海世界）。,43.7917940,87.6248460,wgs84
巴音布鲁克景区,5A,新疆,巴音郭楞蒙古自治州,和静县,新疆巴音郭楞蒙古自治州和静县巴州和静县东归科技文化中心巴音布鲁克景区,景点景区,国家5A旅游景区。所属地：新疆·巴音郭楞蒙古自治州·和静县。地址：新疆巴音郭楞蒙古自治州和静县巴州和静县东归科技文化中心巴音布鲁克景区。,42.3274958,86.3700121,wgs84
喀什古城景区,5A,新疆,喀什地区,喀什市,新疆喀什地区喀什市喀什市吐曼路喀什古城景区,景点景区,国家5A旅游景区。所属地：新疆·喀什地区·喀什市。地址：新疆喀什地区喀什市喀什市吐曼路喀什古城景区。,39.4713427,75.9877756,wgs84
泽普县金湖杨景区,5A,新疆,喀什地区,泽普县,新疆喀什地区泽普县泽普县西南40公里国营林场泽普县金湖杨景区,景点景区,国家5A旅游景区。所属地：新疆·喀什地区·泽普县。地址：新疆喀什地区泽普县泽普县西南40公里国营林场泽普县金湖杨景区。,38.1850919,77.2572967,wgs84
帕米尔旅游区,5A,新疆,喀什地区,塔什库尔干塔吉克自治县,新疆喀什地区塔什库尔干县塔什库尔干塔吉克自治县314国道游客服务中心帕米尔旅游区,景点景区,国家5A旅游景区。所属地：新疆·喀什地区·塔什库尔干塔吉克自治县。地址：新疆喀什地区塔什库尔干县塔什库尔干塔吉克自治县314国道游客服务中心帕米尔旅游区。,37.7820735,75.2208885,wgs84
喀赞其民俗旅游区,4A,新疆,伊犁哈萨克自治州,伊宁市,新疆伊犁哈萨克自治州伊宁市伊宁市胜利街2号喀赞其民俗旅游区,景点景区,国家4A旅游景区。所属地：新疆·伊犁哈萨克自治州·伊宁市。地址：新疆伊犁哈萨克自治州伊宁市伊宁市胜利街2号喀赞其民俗旅游区。,43.9111868,81.3292989,wgs84
伊犁河风景区,4A,新疆,伊犁哈萨克自治州,伊宁市,新疆伊犁哈萨克自治州伊宁市伊宁市郊16公里313省道伊犁河风景区,景点景区,国家4A旅游景区。所属地：新疆·伊犁哈萨克自治州·伊宁市。地址：新疆伊犁哈萨克自治州伊宁市伊宁市郊16公里313省道伊犁河风景区。,43.8869305,81.2985256,wgs84
托乎拉苏景区,4A,新疆,伊犁哈萨克自治州,伊宁县,新疆伊犁哈萨克自治州伊宁县伊宁县迎宾路35号托乎拉苏景区,景点景区,国家4A旅游景区。所属地：新疆·伊犁哈萨克自治州·伊宁县。地址：新疆伊犁哈萨克自治州伊宁县伊宁县迎宾路35号托乎拉苏景区。,43.9776923,81.5240866,wgs84
湿地古杨景区,4A,新疆,伊犁哈萨克自治州,尼勒克县,新疆伊犁哈萨克自治州尼勒克县尼勒克县克令乡克孜勒吐木斯克村湿地古杨景区,景点景区,国家4A旅游景区。所属地：新疆·伊犁哈萨克自治州·尼勒克县。地址：新疆伊犁哈萨克自治州尼勒克县尼勒克县克令乡克孜勒吐木斯克村湿地古杨景区。,43.6834056,82.3903657,wgs84
唐布拉景区,4A,新疆,伊犁哈萨克自治州,尼勒克县,新疆伊犁哈萨克自治州尼勒克县尼勒克县种蜂场以东唐布拉景区,景点景区,国家4A旅游景区。所属地：新疆·伊犁哈萨克自治州·尼勒克县。地址：新疆伊犁哈萨克自治州尼勒克县尼勒克县种蜂场以东唐布拉景区。,43.7398643,83.4236191,wgs84
吉林台亲水游乐区,4A,新疆,伊犁哈萨克自治州,尼勒克县,新疆伊犁哈萨克自治州尼勒克县尼勒克县吉林台一级水电站吉林台亲水游乐区,景点景区,国家4A旅游景区。所属地：新疆·伊犁哈萨克自治州·尼勒克县。地址：新疆伊犁哈萨克自治州尼勒克县尼勒克县吉林台一级水电站吉林台亲水游乐区。,43.8212488,82.7601955,wgs84
库尔德宁景区,4A,新疆,伊犁哈萨克自治州,巩留县,新疆伊犁哈萨克自治州巩留县巩留县库尔德宁镇库尔德宁景区,景点景区,国家4A旅游景区。所属地：新疆·伊犁哈萨克自治州·巩留县。地址：新疆伊犁哈萨克自治州巩留县巩留县库尔德宁镇库尔德宁景区。,43.2442370,82.9160773,wgs84
野核桃沟景区,4A,新疆,伊犁哈萨克自治州,巩留县,新疆伊犁哈萨克自治州巩留县巩留县东买里镇野核桃沟景区,景点景区,国家4A旅游景区。所属地：新疆·伊犁哈萨克自治州·巩留县。地址：新疆伊犁哈萨克自治州巩留县巩留县东买里镇野核桃沟景区。,43.3708239,82.2691758,wgs84
锡伯民族博物馆,4A,新疆,伊犁哈萨克自治州,察布查尔锡伯自治县,新疆伊犁哈萨克自治州察布查尔县察布查尔县孙扎齐镇锡伯民族博物馆,景点景区,国家4A旅游景区。所属地：新疆·伊犁哈萨克自治州·察布查尔锡伯自治县。地址：新疆伊犁哈萨克自治州察布查尔县察布查尔县孙扎齐镇锡伯民族博物馆。,43.8257231,81.1428148,wgs84
惠远古城景区,4A,新疆,伊犁哈萨克自治州,霍城县,新疆伊犁哈萨克自治州霍城县新疆伊犁霍城县惠远镇东城门惠远古城景区游客服务中心惠远古城景区,景点景区,国家4A旅游景区。所属地：新疆·伊犁哈萨克自治州·霍城县。地址：新疆伊犁哈萨克自治州霍城县新疆伊犁霍城县惠远镇东城门惠远古城景区游客服务中心惠远古城景区。,43.9924340,80.9149284,wgs84
解忧公主薰衣草园,4A,新疆,伊犁哈萨克自治州,霍城县,新疆伊犁哈萨克自治州霍城县新疆伊犁霍城县清水河镇上海南路170号解忧公主薰衣草园,景点景区,国家4A旅游景区。所属地：新疆·伊犁哈萨克自治州·霍城县。地址：新疆伊犁哈萨克自治州霍城县新疆伊犁霍城县清水河镇上海南路170号解忧公主薰衣草园。,44.1689730,80.7540891,wgs84
图开沙漠景区,4A,新疆,伊犁哈萨克自治州,霍城县,新疆伊犁哈萨克自治州霍城县新疆伊犁霍城县三道河乡台尔吉村图开沙漠景区图开沙漠景区,景点景区,国家4A旅游景区。所属地：新疆·伊犁哈萨克自治州·霍城县。地址：新疆伊犁哈萨克自治州霍城县新疆伊犁霍城县三道河乡台尔吉村图开沙漠景区图开沙漠景区。,44.0439788,80.7972126,wgs84
大西沟中华福寿山,4A,新疆,伊犁哈萨克自治州,霍城县,新疆伊犁哈萨克自治州霍城县新疆伊犁霍城县大西沟乡麻子沟村中华福寿山景区大西沟中华福寿山,景点景区,国家4A旅游景区。所属地：新疆·伊犁哈萨克自治州·霍城县。地址：新疆伊犁哈萨克自治州霍城县新疆伊犁霍城县大西沟乡麻子沟村中华福寿山景区大西沟中华福寿山。,44.3831651,80.7595650,wgs84
霍尔果斯中哈国际旅游区,4A,新疆,伊犁哈萨克自治州,霍尔果斯市,新疆伊犁哈萨克自治州霍尔果斯市新疆伊犁州霍尔果斯市亚欧北路霍尔果斯中哈国际旅游区,景点景区,国家4A旅游景区。所属地：新疆·伊犁哈萨克自治州·霍尔果斯市。地址：新疆伊犁哈萨克自治州霍尔果斯市新疆伊犁州霍尔果斯市亚欧北路霍尔果斯中哈国际旅游区。,44.2116225,80.4058496,wgs84
夏塔景区,4A,新疆,伊犁哈萨克自治州,昭苏县,新疆伊犁哈萨克自治州昭苏县昭苏县夏特乡夏塔景区,景点景区,国家4A旅游景区。所属地：新疆·伊犁哈萨克自治州·昭苏县。地址：新疆伊犁哈萨克自治州昭苏县昭苏县夏特乡夏塔景区。,42.6772310,80.5924189,wgs84
天马旅游文化园,4A,新疆,伊犁哈萨克自治州,昭苏县,新疆伊犁哈萨克自治州昭苏县昭苏县天马旅游文化园天马旅游文化园,景点景区,国家4A旅游景区。所属地：新疆·伊犁哈萨克自治州·昭苏县。地址：新疆伊犁哈萨克自治州昭苏县昭苏县天马旅游文化园天马旅游文化园。,43.0709499,81.0220906,wgs84
圣佑庙景区,4A,新疆,伊犁哈萨克自治州,昭苏县,新疆伊犁哈萨克自治州昭苏县昭苏县昭苏镇圣佑庙景区,景点景区,国家4A旅游景区。所属地：新疆·伊犁哈萨克自治州·昭苏县。地址：新疆伊犁哈萨克自治州昭苏县昭苏县昭苏镇圣佑庙景区。,43.1620092,81.1107966,wgs84
昭苏县湿地公园,4A,新疆,伊犁哈萨克自治州,昭苏县,新疆伊犁哈萨克自治州昭苏县昭苏县解放桥昭苏县湿地公园,景点景区,国家4A旅游景区。所属地：新疆·伊犁哈萨克自治州·昭苏县。地址：新疆伊犁哈萨克自治州昭苏县昭苏县解放桥昭苏县湿地公园。,42.9855214,81.0458170,wgs84
锦绣园风景区,4A,新疆,伊犁哈萨克自治州,奎屯市,新疆伊犁哈萨克自治州奎屯市奎屯市北京西路59号锦绣园风景区,景点景区,国家4A旅游景区。所属地：新疆·伊犁哈萨克自治州·奎屯市。地址：新疆伊犁哈萨克自治州奎屯市奎屯市北京西路59号锦绣园风景区。,44.4297802,84.8556980,wgs84
那拉提国家湿地公园景区,4A,新疆,伊犁哈萨克自治州,新源县,新疆伊犁哈萨克自治州新源县新源县天山街则新路001号那拉提国家湿地公园景区,景点景区,国家4A旅游景区。所属地：新疆·伊犁哈萨克自治州·新源县。地址：新疆伊犁哈萨克自治州新源县新源县天山街则新路001号那拉提国家湿地公园景区。,43.4343801,83.2545120,wgs84
六星街景区,4A,新疆,伊犁哈萨克自治州,伊宁市,新疆伊犁哈萨克自治州伊宁市黎光街10巷24号六星街景区,景点景区,国家4A旅游景区。所属地：新疆·伊犁哈萨克自治州·伊宁市。地址：新疆伊犁哈萨克自治州伊宁市黎光街10巷24号六星街景区。,43.9335520,81.3085044,wgs84
八卦城景区,4A,新疆,伊犁哈萨克自治州,特克斯县,新疆伊犁哈萨克自治州特克斯县特克斯县县城八卦城景区,景点景区,国家4A旅游景区。所属地：新疆·伊犁哈萨克自治州·特克斯县。地址：新疆伊犁哈萨克自治州特克斯县特克斯县县城八卦城景区。,43.2137027,81.8369587,wgs84
知青馆景区,4A,新疆,伊犁哈萨克自治州,昭苏县,新疆伊犁哈萨克自治州昭苏县昭苏县昭苏镇灯塔牧场知青馆景区,景点景区,国家4A旅游景区。所属地：新疆·伊犁哈萨克自治州·昭苏县。地址：新疆伊犁哈萨克自治州昭苏县昭苏县昭苏镇灯塔牧场知青馆景区。,43.1557700,81.1280407,wgs84
肖尔布拉克西域酒文化博物馆,4A,新疆,伊犁哈萨克自治州,新源县,新疆伊犁哈萨克自治州新源县新源县肖尔布拉克镇肖尔布拉克酒业肖尔布拉克西域酒文化博物馆,景点景区,国家4A旅游景区。所属地：新疆·伊犁哈萨克自治州·新源县。地址：新疆伊犁哈萨克自治州新源县新源县肖尔布拉克镇肖尔布拉克酒业肖尔布拉克西域酒文化博物馆。,43.4517865,82.9551450,wgs84
阿拉山口边境旅游区,4A,新疆,博尔塔拉蒙古自治州,阿拉山口市,新疆博尔塔拉蒙古自治州阿拉山口市阿拉山口市友好路3号阿拉山口边境旅游区,景点景区,国家4A旅游景区。所属地：新疆·博尔塔拉蒙古自治州·阿拉山口市。地址：新疆博尔塔拉蒙古自治州阿拉山口市阿拉山口市友好路3号阿拉山口边境旅游区。,45.1724973,82.5517502,wgs84
温泉县圣泉景区,4A,新疆,博尔塔拉蒙古自治州,温泉县,新疆博尔塔拉蒙古自治州温泉县温泉县温泉县圣泉景区,景点景区,国家4A旅游景区。所属地：新疆·博尔塔拉蒙古自治州·温泉县。地址：新疆博尔塔拉蒙古自治州温泉县温泉县温泉县圣泉景区。,44.9679515,81.0220092,wgs84
温泉县鄂托克赛尔天泉景区,4A,新疆,博尔塔拉蒙古自治州,温泉县,新疆博尔塔拉蒙古自治州温泉县博州温泉县鄂托克赛尔河谷温泉县鄂托克赛尔天泉景区,景点景区,国家4A旅游景区。所属地：新疆·博尔塔拉蒙古自治州·温泉县。地址：新疆博尔塔拉蒙古自治州温泉县博州温泉县鄂托克赛尔河谷温泉县鄂托克赛尔天泉景区。,44.7993986,80.8562853,wgs84
博尔塔拉河旅游区,4A,新疆,博尔塔拉蒙古自治州,博乐市,新疆博尔塔拉蒙古自治州博乐市博乐市博尔塔拉河旅游区,景点景区,国家4A旅游景区。所属地：新疆·博尔塔拉蒙古自治州·博乐市。地址：新疆博尔塔拉蒙古自治州博乐市博乐市博尔塔拉河旅游区。,44.8528890,82.0477672,wgs84
温泉河谷林景区,4A,新疆,博尔塔拉蒙古自治州,温泉县,新疆博尔塔拉蒙古自治州温泉县温泉县三峡东路44-1温泉河谷林景区,景点景区,国家4A旅游景区。所属地：新疆·博尔塔拉蒙古自治州·温泉县。地址：新疆博尔塔拉蒙古自治州温泉县温泉县三峡东路44-1温泉河谷林景区。,44.9665484,81.0403043,wgs84
巴尔鲁克风景区,4A,新疆,塔城地区,裕民县,新疆塔城地区裕民县裕民县路文化体育广播电视和旅游局巴尔鲁克风景区,景点景区,国家4A旅游景区。所属地：新疆·塔城地区·裕民县。地址：新疆塔城地区裕民县裕民县路文化体育广播电视和旅游局巴尔鲁克风景区。,46.1969796,83.0027398,wgs84
佛山国家森林公园,4A,新疆,塔城地区,乌苏市,新疆塔城地区乌苏市乌苏市天山山脉佛山国家森林公园,景点景区,国家4A旅游景区。所属地：新疆·塔城地区·乌苏市。地址：新疆塔城地区乌苏市乌苏市天山山脉佛山国家森林公园。,43.9970912,84.9446220,wgs84
鹿角湾,4A,新疆,塔城地区,沙湾县,新疆塔城地区沙湾县新疆沙湾县旅游局鹿角湾,景点景区,国家4A旅游景区。所属地：新疆·塔城地区·沙湾县。地址：新疆塔城地区沙湾县新疆沙湾县旅游局鹿角湾。,44.3253826,85.6170902,wgs84
五彩滩,4A,新疆,阿勒泰地区,布尔津县,新疆阿勒泰地区布尔津县布尔津县布哈公路中段五彩滩,景点景区,国家4A旅游景区。所属地：新疆·阿勒泰地区·布尔津县。地址：新疆阿勒泰地区布尔津县布尔津县布哈公路中段五彩滩。,47.8355195,86.6797096,wgs84
草原石人哈萨克民族文化园,4A,新疆,阿勒泰地区,布尔津县,新疆阿勒泰地区布尔津县布尔津县神仙湾路5-4号草原石人哈萨克民族文化园,景点景区,国家4A旅游景区。所属地：新疆·阿勒泰地区·布尔津县。地址：新疆阿勒泰地区布尔津县布尔津县神仙湾路5-4号草原石人哈萨克民族文化园。,48.3025545,87.1055420,wgs84
白桦林景区,4A,新疆,阿勒泰地区,哈巴河县,新疆阿勒泰地区哈巴河县新疆哈巴河县库勒拜乡白桦林景区白桦林景区,景点景区,国家4A旅游景区。所属地：新疆·阿勒泰地区·哈巴河县。地址：新疆阿勒泰地区哈巴河县新疆哈巴河县库勒拜乡白桦林景区白桦林景区。,48.0754328,86.3393224,wgs84
乌伦古湖景区,4A,新疆,阿勒泰地区,福海县,新疆阿勒泰地区福海县福海县人民西路54号乌伦古湖景区,景点景区,国家4A旅游景区。所属地：新疆·阿勒泰地区·福海县。地址：新疆阿勒泰地区福海县福海县人民西路54号乌伦古湖景区。,47.1127942,87.4816145,wgs84
国家矿山公园景区,4A,新疆,阿勒泰地区,富蕴县,新疆阿勒泰地区富蕴县富蕴县可可托海镇青年路4号国家矿山公园景区,景点景区,国家4A旅游景区。所属地：新疆·阿勒泰地区·富蕴县。地址：新疆阿勒泰地区富蕴县富蕴县可可托海镇青年路4号国家矿山公园景区。,47.2143673,89.8229600,wgs84
滨河景区,4A,新疆,阿勒泰地区,富蕴县,新疆阿勒泰地区富蕴县额尔齐斯河南岸滨河景区,景点景区,国家4A旅游景区。所属地：新疆·阿勒泰地区·富蕴县。地址：新疆阿勒泰地区富蕴县额尔齐斯河南岸滨河景区。,46.9846883,89.5233945,wgs84
桦林公园,4A,新疆,阿勒泰地区,阿勒泰市,新疆阿勒泰地区阿勒泰市阿勒泰市公园路桦林公园,景点景区,国家4A旅游景区。所属地：新疆·阿勒泰地区·阿勒泰市。地址：新疆阿勒泰地区阿勒泰市阿勒泰市公园路桦林公园。,47.8631306,88.1190071,wgs84
中俄老码头风情街,4A,新疆,阿勒泰地区,布尔津县,新疆阿勒泰地区布尔津县布尔津县河滨路中俄老码头风情街,景点景区,国家4A旅游景区。所属地：新疆·阿勒泰地区·布尔津县。地址：新疆阿勒泰地区布尔津县布尔津县河滨路中俄老码头风情街。,47.7005112,86.8483716,wgs84
可可苏里景区,4A,新疆,阿勒泰地区,富蕴县,新疆阿勒泰地区富蕴县富蕴县团结北路3号可可苏里景区,景点景区,国家4A旅游景区。所属地：新疆·阿勒泰地区·富蕴县。地址：新疆阿勒泰地区富蕴县富蕴县团结北路3号可可苏里景区。,46.9926662,89.5247835,wgs84
克兰河滨河景区,4A,新疆,阿勒泰地区,富蕴县,新疆阿勒泰地区阿勒泰市阿勒泰市文化体育广播电视和旅游局克兰河滨河景区,景点景区,国家4A旅游景区。所属地：新疆·阿勒泰地区·富蕴县。地址：新疆阿勒泰地区阿勒泰市阿勒泰市文化体育广播电视和旅游局克兰河滨河景区。,46.9846883,89.5233945,wgs84
草原石城景区,4A,新疆,阿勒泰地区,吉木乃县,新疆阿勒泰地区吉木乃县吉木乃县老质量技术监督局草原石城景区,景点景区,国家4A旅游景区。所属地：新疆·阿勒泰地区·吉木乃县。地址：新疆阿勒泰地区吉木乃县吉木乃县老质量技术监督局草原石城景区。,47.4371025,85.8725697,wgs84
三道海子景区,4A,新疆,阿勒泰地区,青河县,新疆阿勒泰地区青河县阿勒泰地区青河县友好北路环保局4楼三道海子景区,景点景区,国家4A旅游景区。所属地：新疆·阿勒泰地区·青河县。地址：新疆阿勒泰地区青河县阿勒泰地区青河县友好北路环保局4楼三道海子景区。,46.7760766,90.8896050,wgs84
克拉玛依河景区,4A,新疆,克拉玛依市,克拉玛依区,新疆克拉玛依市克拉玛依区克拉玛依市克拉玛依区滨河路克拉玛依河景区,景点景区,国家4A旅游景区。所属地：新疆·克拉玛依市·克拉玛依区。地址：新疆克拉玛依市克拉玛依区克拉玛依市克拉玛依区滨河路克拉玛依河景区。,45.5808339,84.8749122,wgs84
黑油山景区,4A,新疆,克拉玛依市,克拉玛依区,新疆克拉玛依市克拉玛依区克拉玛依市克拉玛依区油泉路黑油山景区,景点景区,国家4A旅游景区。所属地：新疆·克拉玛依市·克拉玛依区。地址：新疆克拉玛依市克拉玛依区克拉玛依市克拉玛依区油泉路黑油山景区。,45.6186885,84.8919559,wgs84
独山子大峡谷景区,4A,新疆,克拉玛依市,独山子区,新疆克拉玛依市独山子区克拉玛依市独山子区独库公路七点南9公里独山子大峡谷景区,景点景区,国家4A旅游景区。所属地：新疆·克拉玛依市·独山子区。地址：新疆克拉玛依市独山子区克拉玛依市独山子区独库公路七点南9公里独山子大峡谷景区。,44.1482814,84.7558489,wgs84
新疆农业博览园,4A,新疆,昌吉回族自治州,昌吉市,新疆昌吉回族自治州农业园区昌五路与北绕城路口向北5公里新疆农业博览园,景点景区,国家4A旅游景区。所属地：新疆·昌吉回族自治州·昌吉市。地址：新疆昌吉回族自治州农业园区昌五路与北绕城路口向北5公里新疆农业博览园。,44.0502190,87.3725354,wgs84
世纪园景区,4A,新疆,昌吉回族自治州,呼图壁县,新疆昌吉回族自治州呼图壁县乌伊东路14号世纪园景区,景点景区,国家4A旅游景区。所属地：新疆·昌吉回族自治州·呼图壁县。地址：新疆昌吉回族自治州呼图壁县乌伊东路14号世纪园景区。,44.1834723,86.8868852,wgs84
天山木垒中国农业公园,4A,新疆,昌吉回族自治州,木垒哈萨克自治县,新疆昌吉回族自治州木垒县木垒县马圈湾天山木垒中国农业公园,景点景区,国家4A旅游景区。所属地：新疆·昌吉回族自治州·木垒哈萨克自治县。地址：新疆昌吉回族自治州木垒县木垒县马圈湾天山木垒中国农业公园。,43.6583780,90.1710673,wgs84
江布拉克景区,4A,新疆,昌吉回族自治州,奇台县,新疆昌吉回族自治州奇台县奇台县半截沟镇江布拉克景区江布拉克景区,景点景区,国家4A旅游景区。所属地：新疆·昌吉回族自治州·奇台县。地址：新疆昌吉回族自治州奇台县奇台县半截沟镇江布拉克景区江布拉克景区。,43.6467144,89.7234371,wgs84
杜氏旅游景区,4A,新疆,昌吉回族自治州,昌吉市,新疆昌吉回族自治州昌吉市杜氏旅游景区杜氏旅游景区,景点景区,国家4A旅游景区。所属地：新疆·昌吉回族自治州·昌吉市。地址：新疆昌吉回族自治州昌吉市杜氏旅游景区杜氏旅游景区。,44.1118978,87.4311436,wgs84
玛纳斯国家湿地公园雁飞台景区,4A,新疆,昌吉回族自治州,玛纳斯县,新疆昌吉回族自治州玛纳斯县昌吉回族自治州玛纳斯县兰州湾镇玛纳斯国家湿地公园雁飞台景区,景点景区,国家4A旅游景区。所属地：新疆·昌吉回族自治州·玛纳斯县。地址：新疆昌吉回族自治州玛纳斯县昌吉回族自治州玛纳斯县兰州湾镇玛纳斯国家湿地公园雁飞台景区。,44.4254299,86.1602621,wgs84
千佛洞景区,4A,新疆,昌吉回族自治州,阜康市,新疆昌吉回族自治州吉木萨尔新疆昌吉州吉木萨尔县乌奇西路南侧千佛寺景区管理委员会办公室千佛洞景区,景点景区,国家4A旅游景区。所属地：新疆·昌吉回族自治州·阜康市。地址：新疆昌吉回族自治州吉木萨尔新疆昌吉州吉木萨尔县乌奇西路南侧千佛寺景区管理委员会办公室千佛洞景区。,44.1418857,87.9298829,wgs84
北庭故城考古遗址公园,4A,新疆,昌吉回族自治州,吉木萨尔县,新疆昌吉回族自治州吉木萨尔吉木萨尔县北庭镇北庭故城考古遗址公园,景点景区,国家4A旅游景区。所属地：新疆·昌吉回族自治州·吉木萨尔县。地址：新疆昌吉回族自治州吉木萨尔吉木萨尔县北庭镇北庭故城考古遗址公园。,44.0667578,89.2112691,wgs84
水磨河避暑休闲旅游度假区,4A,新疆,昌吉回族自治州,木垒哈萨克自治县,新疆昌吉回族自治州木垒县木垒县西吉尔镇水磨河避暑休闲旅游度假区,景点景区,国家4A旅游景区。所属地：新疆·昌吉回族自治州·木垒哈萨克自治县。地址：新疆昌吉回族自治州木垒县木垒县西吉尔镇水磨河避暑休闲旅游度假区。,43.8050686,90.0308472,wgs84
苜蓿台生态公园,4A,新疆,乌鲁木齐市,乌鲁木齐县,新疆乌鲁木齐市乌鲁木齐县新疆乌鲁木齐市乌鲁木齐县托里乡苜蓿台生态公园,景点景区,国家4A旅游景区。所属地：新疆·乌鲁木齐市·乌鲁木齐县。地址：新疆乌鲁木齐市乌鲁木齐县新疆乌鲁木齐市乌鲁木齐县托里乡苜蓿台生态公园。,43.4487976,87.6326890,wgs84
新疆天山野生动物园,4A,新疆,乌鲁木齐市,达坂城区,新疆乌鲁木齐市达坂城区天山牧场窝尔图沟新疆天山野生动物园,景点景区,国家4A旅游景区。所属地：新疆·乌鲁木齐市·达坂城区。地址：新疆乌鲁木齐市达坂城区天山牧场窝尔图沟新疆天山野生动物园。,43.5641143,87.8460606,wgs84
红光山景区,4A,新疆,乌鲁木齐市,水磨沟区,新疆乌鲁木齐市米东区乌鲁木齐市红光山路1号红光山景区,景点景区,国家4A旅游景区。所属地：新疆·乌鲁木齐市·水磨沟区。地址：新疆乌鲁木齐市米东区乌鲁木齐市红光山路1号红光山景区。,43.8785137,87.6130598,wgs84
新疆丝绸之路国际度假区,4A,新疆,乌鲁木齐市,乌鲁木齐县,新疆乌鲁木齐市乌鲁木齐县乌鲁木齐县水西沟镇平西粱村新疆丝绸之路国际度假区,景点景区,国家4A旅游景区。所属地：新疆·乌鲁木齐市·乌鲁木齐县。地址：新疆乌鲁木齐市乌鲁木齐县乌鲁木齐县水西沟镇平西粱村新疆丝绸之路国际度假区。,43.4399177,87.4113125,wgs84
新疆国际大巴扎景区,4A,新疆,乌鲁木齐市,天山区,新疆乌鲁木齐市天山区天山区解放南路510号新疆国际大巴扎景区,景点景区,国家4A旅游景区。所属地：新疆·乌鲁木齐市·天山区。地址：新疆乌鲁木齐市天山区天山区解放南路510号新疆国际大巴扎景区。,43.7787599,87.6151201,wgs84
新疆自治区博物馆,4A,新疆,乌鲁木齐市,沙依巴克区,新疆乌鲁木齐市沙依巴克区乌鲁木齐市西北路581号新疆自治区博物馆,景点景区,国家4A旅游景区。所属地：新疆·乌鲁木齐市·沙依巴克区。地址：新疆乌鲁木齐市沙依巴克区乌鲁木齐市西北路581号新疆自治区博物馆。,43.8184128,87.5814599,wgs84
水磨沟风景区,4A,新疆,乌鲁木齐市,水磨沟区,新疆乌鲁木齐市水磨沟区乌鲁木齐市水磨沟区水磨沟路472号水磨沟风景区,景点景区,国家4A旅游景区。所属地：新疆·乌鲁木齐市·水磨沟区。地址：新疆乌鲁木齐市水磨沟区乌鲁木齐市水磨沟区水磨沟路472号水磨沟风景区。,43.8264578,87.6585121,wgs84
红山公园,4A,新疆,乌鲁木齐市,水磨沟区,新疆乌鲁木齐市水磨沟区乌鲁木齐市红山路北一巷40号红山公园,景点景区,国家4A旅游景区。所属地：新疆·乌鲁木齐市·水磨沟区。地址：新疆乌鲁木齐市水磨沟区乌鲁木齐市红山路北一巷40号红山公园。,43.8067580,87.6036429,wgs84
库木塔格沙漠风景名胜区,4A,新疆,吐鲁番市,鄯善县,新疆吐鲁番市鄯善县鄯善县公园路999号库木塔格沙漠风景名胜区,景点景区,国家4A旅游景区。所属地：新疆·吐鲁番市·鄯善县。地址：新疆吐鲁番市鄯善县鄯善县公园路999号库木塔格沙漠风景名胜区。,42.6925757,90.2473464,wgs84
坎儿井游乐园,4A,新疆,吐鲁番市,高昌区,新疆吐鲁番市高昌区吐鲁番市亚尔镇亚尔村坎儿井游乐园,景点景区,国家4A旅游景区。所属地：新疆·吐鲁番市·高昌区。地址：新疆吐鲁番市高昌区吐鲁番市亚尔镇亚尔村坎儿井游乐园。,42.9642518,89.1351823,wgs84
坎儿井民俗园,4A,新疆,吐鲁番市,高昌区,新疆吐鲁番市高昌区吐鲁番市新城西门村888号坎儿井民俗园,景点景区,国家4A旅游景区。所属地：新疆·吐鲁番市·高昌区。地址：新疆吐鲁番市高昌区吐鲁番市新城西门村888号坎儿井民俗园。,42.9508338,89.1419643,wgs84
吐鲁番博物馆,4A,新疆,吐鲁番市,高昌区,新疆吐鲁番市高昌区吐鲁番市木纳尔路1268号 吐鲁番博物馆,景点景区,国家4A旅游景区。所属地：新疆·吐鲁番市·高昌区。地址：新疆吐鲁番市高昌区吐鲁番市木纳尔路1268号 吐鲁番博物馆。,42.9410602,89.1887453,wgs84
火焰山景区,4A,新疆,吐鲁番市,高昌区,新疆吐鲁番市示范区三堡乡312国道旁3956-3957公里处火焰山景区,景点景区,国家4A旅游景区。所属地：新疆·吐鲁番市·高昌区。地址：新疆吐鲁番市示范区三堡乡312国道旁3956-3957公里处火焰山景区。,42.9603674,89.2261056,wgs84
大交河景区,4A,新疆,吐鲁番市,高昌区,新疆吐鲁番市高昌区吐鲁番市高昌区亚尔镇亚尔果勒村交河游客服务中心大交河景区,景点景区,国家4A旅游景区。所属地：新疆·吐鲁番市·高昌区。地址：新疆吐鲁番市高昌区吐鲁番市高昌区亚尔镇亚尔果勒村交河游客服务中心大交河景区。,42.9942674,89.1220213,wgs84
哈密地区雅尔当风景区,4A,新疆,哈密市,伊州区,新疆哈密市伊州区伊州区五堡镇哈密地区雅尔当风景区,景点景区,国家4A旅游景区。所属地：新疆·哈密市·伊州区。地址：新疆哈密市伊州区伊州区五堡镇哈密地区雅尔当风景区。,42.8666364,92.8493637,wgs84
伊吾县胡杨林生态园景区,4A,新疆,哈密市,伊吾县,新疆哈密市伊吾县淖毛湖镇胡杨大道胡杨林景区伊吾县胡杨林生态园景区,景点景区,国家4A旅游景区。所属地：新疆·哈密市·伊吾县。地址：新疆哈密市伊吾县淖毛湖镇胡杨大道胡杨林景区伊吾县胡杨林生态园景区。,43.7393635,95.0833985,wgs84
哈密王景区,4A,新疆,哈密市,伊州区,新疆哈密市伊州区伊州区环城路哈密王景区,景点景区,国家4A旅游景区。所属地：新疆·哈密市·伊州区。地址：新疆哈密市伊州区伊州区环城路哈密王景区。,42.8113522,93.4858437,wgs84
哈密市白石头风景名胜区,4A,新疆,哈密市,伊州区,新疆哈密市伊州区伊州区白石头乡哈密市白石头风景名胜区,景点景区,国家4A旅游景区。所属地：新疆·哈密市·伊州区。地址：新疆哈密市伊州区伊州区白石头乡哈密市白石头风景名胜区。,43.3676744,93.6195429,wgs84
巴里坤湖景区,4A,新疆,哈密市,巴里坤哈萨克自治县,新疆哈密市巴里坤县巴里坤海子沿乡政府巴里坤湖景区,景点景区,国家4A旅游景区。所属地：新疆·哈密市·巴里坤哈萨克自治县。地址：新疆哈密市巴里坤县巴里坤海子沿乡政府巴里坤湖景区。,43.6006788,92.7621761,wgs84
巴里坤古城景区,4A,新疆,哈密市,巴里坤哈萨克自治县,新疆哈密市巴里坤县巴里坤县巴里坤古城景区,景点景区,国家4A旅游景区。所属地：新疆·哈密市·巴里坤哈萨克自治县。地址：新疆哈密市巴里坤县巴里坤县巴里坤古城景区。,43.5937972,93.0117397,wgs84
巴里坤高家湖景区,4A,新疆,哈密市,巴里坤哈萨克自治县,新疆哈密市巴里坤县巴里坤石人子乡政府巴里坤高家湖景区,景点景区,国家4A旅游景区。所属地：新疆·哈密市·巴里坤哈萨克自治县。地址：新疆哈密市巴里坤县巴里坤石人子乡政府巴里坤高家湖景区。,43.6080056,93.1737809,wgs84
罗布人村寨景区,4A,新疆,巴音郭楞蒙古自治州,尉犁县,新疆巴音郭楞蒙古自治州尉犁县尉犁县墩阔坦乡霍尔加村罗布人村寨景区,景点景区,国家4A旅游景区。所属地：新疆·巴音郭楞蒙古自治州·尉犁县。地址：新疆巴音郭楞蒙古自治州尉犁县尉犁县墩阔坦乡霍尔加村罗布人村寨景区。,41.0414638,86.1054714,wgs84
金沙滩景区,4A,新疆,巴音郭楞蒙古自治州,和硕县,新疆巴音郭楞蒙古自治州和硕县新疆巴州和硕县乌什塔拉乡境内金沙滩景区,景点景区,国家4A旅游景区。所属地：新疆·巴音郭楞蒙古自治州·和硕县。地址：新疆巴音郭楞蒙古自治州和硕县新疆巴州和硕县乌什塔拉乡境内金沙滩景区。,42.2293539,87.2740202,wgs84
轮台县塔里木胡杨林公园,4A,新疆,巴音郭楞蒙古自治州,轮台县,新疆巴音郭楞蒙古自治州轮台县新疆轮台县轮南镇塔里木胡杨林景区（距轮台县南沙漠公路70公里处）轮台县塔里木胡杨林公园,景点景区,国家4A旅游景区。所属地：新疆·巴音郭楞蒙古自治州·轮台县。地址：新疆巴音郭楞蒙古自治州轮台县新疆轮台县轮南镇塔里木胡杨林景区（距轮台县南沙漠公路70公里处）轮台县塔里木胡杨林公园。,41.2555685,84.2080764,wgs84
巩乃斯景区,4A,新疆,巴音郭楞蒙古自治州,和静县,新疆巴音郭楞蒙古自治州和静县新疆和静县东归科技文化中心二楼巩乃斯景区,景点景区,国家4A旅游景区。所属地：新疆·巴音郭楞蒙古自治州·和静县。地址：新疆巴音郭楞蒙古自治州和静县新疆和静县东归科技文化中心二楼巩乃斯景区。,42.3274958,86.3700121,wgs84
天鹅河景区,4A,新疆,巴音郭楞蒙古自治州,库尔勒市,新疆巴音郭楞蒙古自治州库尔勒市库尔勒市新市区民生路民生桥下天鹅河景区,景点景区,国家4A旅游景区。所属地：新疆·巴音郭楞蒙古自治州·库尔勒市。地址：新疆巴音郭楞蒙古自治州库尔勒市库尔勒市新市区民生路民生桥下天鹅河景区。,41.7238997,86.1775054,wgs84
黄庙景区,4A,新疆,巴音郭楞蒙古自治州,和静县,新疆巴音郭楞蒙古自治州和静县和静县巴伦台镇巴伦台村1――001号黄庙景区,景点景区,国家4A旅游景区。所属地：新疆·巴音郭楞蒙古自治州·和静县。地址：新疆巴音郭楞蒙古自治州和静县和静县巴伦台镇巴伦台村1――001号黄庙景区。,42.6683120,86.3234589,wgs84
霍拉山丝路古村,4A,新疆,巴音郭楞蒙古自治州,焉耆回族自治县,新疆巴音郭楞蒙古自治州焉耆县焉耆县七个星镇霍拉山村霍拉山丝路古村,景点景区,国家4A旅游景区。所属地：新疆·巴音郭楞蒙古自治州·焉耆回族自治县。地址：新疆巴音郭楞蒙古自治州焉耆县焉耆县七个星镇霍拉山村霍拉山丝路古村。,42.1068661,86.0457748,wgs84
北山森林公园景区,4A,新疆,巴音郭楞蒙古自治州,和静县,新疆巴音郭楞蒙古自治州和静县新疆巴州和静县北山森林公园景区,景点景区,国家4A旅游景区。所属地：新疆·巴音郭楞蒙古自治州·和静县。地址：新疆巴音郭楞蒙古自治州和静县新疆巴州和静县北山森林公园景区。,42.3763549,86.3016999,wgs84
巴州博物馆,4A,新疆,巴音郭楞蒙古自治州,库尔勒市,新疆巴音郭楞蒙古自治州库尔勒市库尔勒市石化大道迎宾路口巴州博物院巴州博物馆,景点景区,国家4A旅游景区。所属地：新疆·巴音郭楞蒙古自治州·库尔勒市。地址：新疆巴音郭楞蒙古自治州库尔勒市库尔勒市石化大道迎宾路口巴州博物院巴州博物馆。,41.7312245,86.1728271,wgs84
多浪河景区,4A,新疆,阿克苏地区,阿克苏市,新疆阿克苏地区阿克苏市阿克苏市友谊北路和锦绣路附近多浪河景区,景点景区,国家4A旅游景区。所属地：新疆·阿克苏地区·阿克苏市。地址：新疆阿克苏地区阿克苏市阿克苏市友谊北路和锦绣路附近多浪河景区。,41.1583745,80.2482520,wgs84
国家湿地公园景区,4A,新疆,阿克苏地区,温宿县,新疆阿克苏地区阿克苏市阿克苏市稻香路国家湿地公园景区,景点景区,国家4A旅游景区。所属地：新疆·阿克苏地区·温宿县。地址：新疆阿克苏地区阿克苏市阿克苏市稻香路国家湿地公园景区。,41.2408225,80.2282545,wgs84
阿克苏地区文博院（博物馆）,4A,新疆,阿克苏地区,阿克苏市,新疆阿克苏地区阿克苏市阿克苏市友谊路北侧阿克苏地区文博院（博物馆）,景点景区,国家4A旅游景区。所属地：新疆·阿克苏地区·阿克苏市。地址：新疆阿克苏地区阿克苏市阿克苏市友谊路北侧阿克苏地区文博院（博物馆）。,41.1718380,80.2380594,wgs84
库车王府,4A,新疆,阿克苏地区,库车市,新疆阿克苏地区库车县老城林基路街库车王府,景点景区,国家4A旅游景区。所属地：新疆·阿克苏地区·库车市。地址：新疆阿克苏地区库车县老城林基路街库车王府。,41.7177015,82.9181798,wgs84
天山神秘大峡谷,4A,新疆,阿克苏地区,库车市,新疆阿克苏地区库车县库车以北70公里国道217线线独库公路左侧天山神秘大峡谷,景点景区,国家4A旅游景区。所属地：新疆·阿克苏地区·库车市。地址：新疆阿克苏地区库车县库车以北70公里国道217线线独库公路左侧天山神秘大峡谷。,42.1081673,83.0558698,wgs84
克孜尔尕哈烽燧世界文化遗产公园,4A,新疆,阿克苏地区,库车市,新疆阿克苏地区库车市217沿线克孜尔尕哈烽遂克孜尔尕哈烽燧世界文化遗产公园,景点景区,国家4A旅游景区。所属地：新疆·阿克苏地区·库车市。地址：新疆阿克苏地区库车市217沿线克孜尔尕哈烽遂克孜尔尕哈烽燧世界文化遗产公园。,41.7915096,82.9003250,wgs84
沙雁洲景区,4A,新疆,阿克苏地区,沙雅县,新疆阿克苏地区沙雅县盖孜库木乡盖孜库木村沙雁洲景区,景点景区,国家4A旅游景区。所属地：新疆·阿克苏地区·沙雅县。地址：新疆阿克苏地区沙雅县盖孜库木乡盖孜库木村沙雁洲景区。,40.9360859,82.8438050,wgs84
沙漠花海景区,4A,新疆,阿克苏地区,新和县,新疆阿克苏地区新和县新和县塔什艾日克镇乔勒潘巴格村沙漠花海景区,景点景区,国家4A旅游景区。所属地：新疆·阿克苏地区·新和县。地址：新疆阿克苏地区新和县新和县塔什艾日克镇乔勒潘巴格村沙漠花海景区。,41.5977593,82.5927547,wgs84
加依村景区,4A,新疆,阿克苏地区,新和县,新疆阿克苏地区新和县新和县依其艾日克镇加依村加依村景区,景点景区,国家4A旅游景区。所属地：新疆·阿克苏地区·新和县。地址：新疆阿克苏地区新和县新和县依其艾日克镇加依村加依村景区。,41.5818437,82.6303539,wgs84
克孜尔石窟,4A,新疆,阿克苏地区,拜城县,新疆阿克苏地区拜城县拜城县克孜尔乡克孜尔石窟,景点景区,国家4A旅游景区。所属地：新疆·阿克苏地区·拜城县。地址：新疆阿克苏地区拜城县拜城县克孜尔乡克孜尔石窟。,41.8264187,82.4375994,wgs84
康其湿地,4A,新疆,阿克苏地区,拜城县,新疆阿克苏地区拜城县拜城县康其乡阿热勒村康其湿地,景点景区,国家4A旅游景区。所属地：新疆·阿克苏地区·拜城县。地址：新疆阿克苏地区拜城县拜城县康其乡阿热勒村康其湿地。,41.7516353,81.9970256,wgs84
神木园,4A,新疆,阿克苏地区,温宿县,新疆阿克苏地区温宿县新疆阿克苏地区温宿县萨瓦甫齐牧场天山神木园景区神木园,景点景区,国家4A旅游景区。所属地：新疆·阿克苏地区·温宿县。地址：新疆阿克苏地区温宿县新疆阿克苏地区温宿县萨瓦甫齐牧场天山神木园景区神木园。,41.6862320,80.3952216,wgs84
托木尔大峡谷景区,4A,新疆,阿克苏地区,温宿县,新疆阿克苏地区温宿县G3012高速温宿县工业园区闸口往北20公里托木尔大峡谷景区,景点景区,国家4A旅游景区。所属地：新疆·阿克苏地区·温宿县。地址：新疆阿克苏地区温宿县G3012高速温宿县工业园区闸口往北20公里托木尔大峡谷景区。,41.5648582,80.6593019,wgs84
柯柯牙纪念馆,4A,新疆,阿克苏地区,温宿县,新疆阿克苏地区温宿县温宿县柯柯牙镇柯柯牙村柯柯牙纪念馆,景点景区,国家4A旅游景区。所属地：新疆·阿克苏地区·温宿县。地址：新疆阿克苏地区温宿县温宿县柯柯牙镇柯柯牙村柯柯牙纪念馆。,41.3164254,80.2675891,wgs84
归园田居·塔村,4A,新疆,阿克苏地区,温宿县,新疆阿克苏地区温宿县温宿县柯柯牙镇塔格拉克村归园田居·塔村,景点景区,国家4A旅游景区。所属地：新疆·阿克苏地区·温宿县。地址：新疆阿克苏地区温宿县温宿县柯柯牙镇塔格拉克村归园田居·塔村。,41.6865419,80.3954864,wgs84
刀郎部落,4A,新疆,阿克苏地区,阿瓦提县,新疆阿克苏地区阿瓦提县新疆阿克苏地区阿瓦提县刀郎部落景区刀郎部落,景点景区,国家4A旅游景区。所属地：新疆·阿克苏地区·阿瓦提县。地址：新疆阿克苏地区阿瓦提县新疆阿克苏地区阿瓦提县刀郎部落景区刀郎部落。,40.7607340,80.2530719,wgs84
沙棘林旅游景区,4A,新疆,阿克苏地区,乌什县,新疆阿克苏地区乌什县乌什县奥特贝希乡巴什阿克玛1村沙棘林旅游景区,景点景区,国家4A旅游景区。所属地：新疆·阿克苏地区·乌什县。地址：新疆阿克苏地区乌什县乌什县奥特贝希乡巴什阿克玛1村沙棘林旅游景区。,41.0958980,78.9819964,wgs84
燕泉山景区,4A,新疆,阿克苏地区,乌什县,新疆阿克苏地区乌什县乌什县公园路1号燕泉山景区,景点景区,国家4A旅游景区。所属地：新疆·阿克苏地区·乌什县。地址：新疆阿克苏地区乌什县乌什县公园路1号燕泉山景区。,41.2158560,79.2232266,wgs84
阿克陶县克州冰川公园景区,4A,新疆,克孜勒苏柯尔克孜自治州,阿克陶县,新疆克孜勒苏柯尔克孜自治州阿克陶县阿克陶县奥依塔克镇阿克陶县克州冰川公园景区,景点景区,国家4A旅游景区。所属地：新疆·克孜勒苏柯尔克孜自治州·阿克陶县。地址：新疆克孜勒苏柯尔克孜自治州阿克陶县阿克陶县奥依塔克镇阿克陶县克州冰川公园景区。,39.0045128,75.5530606,wgs84
香妃园景区,4A,新疆,喀什地区,喀什市,新疆喀什地区喀什市喀什市浩罕乡浩罕村香妃园景区,景点景区,国家4A旅游景区。所属地：新疆·喀什地区·喀什市。地址：新疆喀什地区喀什市喀什市浩罕乡浩罕村香妃园景区。,39.4882797,76.0239056,wgs84
南湖旅游度假区,4A,新疆,喀什地区,英吉沙县,新疆喀什地区英吉沙县英吉沙县芒辛镇喀拉巴什粮台村（11）村南湖旅游度假区,景点景区,国家4A旅游景区。所属地：新疆·喀什地区·英吉沙县。地址：新疆喀什地区英吉沙县英吉沙县芒辛镇喀拉巴什粮台村（11）村南湖旅游度假区。,38.9055812,76.1959899,wgs84
叶城县宗郎灵泉景区,4A,新疆,喀什地区,叶城县,新疆喀什地区叶城县叶城县宗朗乡2村叶城县宗郎灵泉景区,景点景区,国家4A旅游景区。所属地：新疆·喀什地区·叶城县。地址：新疆喀什地区叶城县叶城县宗朗乡2村叶城县宗郎灵泉景区。,37.5650320,77.4543893,wgs84
刀郎画乡,4A,新疆,喀什地区,麦盖提县,新疆喀什地区麦盖提县麦盖提县库木库萨尔乡刀郎画乡,景点景区,国家4A旅游景区。所属地：新疆·喀什地区·麦盖提县。地址：新疆喀什地区麦盖提县麦盖提县库木库萨尔乡刀郎画乡。,38.8361668,77.6536313,wgs84
红海旅游景区,4A,新疆,喀什地区,巴楚县,新疆喀什地区巴楚县巴楚县阿纳库勒乡塔拉硝尔村红海旅游景区,景点景区,国家4A旅游景区。所属地：新疆·喀什地区·巴楚县。地址：新疆喀什地区巴楚县巴楚县阿纳库勒乡塔拉硝尔村红海旅游景区。,39.8151189,78.5258121,wgs84
达瓦昆沙漠旅游风景区,4A,新疆,喀什地区,岳普湖县,新疆喀什地区岳普湖县岳普湖县铁热木镇10村达瓦昆沙漠旅游风景区,景点景区,国家4A旅游景区。所属地：新疆·喀什地区·岳普湖县。地址：新疆喀什地区岳普湖县岳普湖县铁热木镇10村达瓦昆沙漠旅游风景区。,39.0419841,77.0377890,wgs84
花儿为什么这样红景区,4A,新疆,喀什地区,塔什库尔干塔吉克自治县,新疆喀什地区塔什库尔干县塔什库尔干县坎尔洋村花儿为什么这样红景区,景点景区,国家4A旅游景区。所属地：新疆·喀什地区·塔什库尔干塔吉克自治县。地址：新疆喀什地区塔什库尔干县塔什库尔干县坎尔洋村花儿为什么这样红景区。,37.7803871,75.4912591,wgs84
红其拉甫国门旅游景区,4A,新疆,喀什地区,塔什库尔干塔吉克自治县,新疆喀什地区塔什库尔干县中巴友谊路红其拉甫国门红其拉甫国门旅游景区,景点景区,国家4A旅游景区。所属地：新疆·喀什地区·塔什库尔干塔吉克自治县。地址：新疆喀什地区塔什库尔干县中巴友谊路红其拉甫国门红其拉甫国门旅游景区。,37.7781501,75.2220716,wgs84
和田乌鲁瓦提风景区,4A,新疆,和田地区,墨玉县,新疆和田地区和田县和田县朗如乡和田乌鲁瓦提风景区,景点景区,国家4A旅游景区。所属地：新疆·和田地区·墨玉县。地址：新疆和田地区和田县和田县朗如乡和田乌鲁瓦提风景区。,36.7904249,79.4489926,wgs84
策勒县达玛沟佛教文化遗址,4A,新疆,和田地区,策勒县,新疆和田地区策勒县策勒县达玛沟乡策勒县达玛沟佛教文化遗址,景点景区,国家4A旅游景区。所属地：新疆·和田地区·策勒县。地址：新疆和田地区策勒县策勒县达玛沟乡策勒县达玛沟佛教文化遗址。,36.9455778,81.0986146,wgs84
团城景区,4A,新疆,和田地区,和田市,新疆和田地区和田市和田市鸽子巷团城景区,景点景区,国家4A旅游景区。所属地：新疆·和田地区·和田市。地址：新疆和田地区和田市和田市鸽子巷团城景区。,37.1124979,79.9116224,wgs84
和田博物馆,4A,新疆,和田地区,和田市,新疆和田地区和田市和田市昆仑南路8号和田博物馆,景点景区,国家4A旅游景区。所属地：新疆·和田地区·和田市。地址：新疆和田地区和田市和田市昆仑南路8号和田博物馆。,37.1126266,79.9062770,wgs84
墨玉老城景区,4A,新疆,和田地区,墨玉县,新疆和田地区墨玉县墨玉县其乃巴格街办墨玉老城景区,景点景区,国家4A旅游景区。所属地：新疆·和田地区·墨玉县。地址：新疆和田地区墨玉县墨玉县其乃巴格街办墨玉老城景区。,37.2686919,79.7454163,wgs84
拉里昆国家湿地公园,4A,新疆,和田地区,墨玉县,新疆和田地区墨玉县墨玉县雅瓦乡拉力库勒村拉里昆国家湿地公园,景点景区,国家4A旅游景区。所属地：新疆·和田地区·墨玉县。地址：新疆和田地区墨玉县墨玉县雅瓦乡拉力库勒村拉里昆国家湿地公园。,37.3226539,79.4771130,wgs84
龙湖旅游区,4A,新疆,和田地区,于田县,新疆和田地区于田县于田县希吾勒乡龙湖旅游区,景点景区,国家4A旅游景区。所属地：新疆·和田地区·于田县。地址：新疆和田地区于田县于田县希吾勒乡龙湖旅游区。,36.9831520,81.3636612,wgs84
策勒县昆仑圣境（板兰格景区）,4A,新疆,和田地区,策勒县,新疆和田地区策勒县策勒县乌鲁克萨依乡策勒县昆仑圣境（板兰格景区）,景点景区,国家4A旅游景区。所属地：新疆·和田地区·策勒县。地址：新疆和田地区策勒县策勒县乌鲁克萨依乡策勒县昆仑圣境（板兰格景区）。,36.1241482,80.8478270,wgs84
南京夫子庙秦淮风光带,5A,江苏,南京市,秦淮区,江苏南京夫子庙秦淮风光带,景点景区,国家5A旅游景区。所属地：江苏·南京市·秦淮区。地址：江苏南京夫子庙秦淮风光带。,32.0226534,118.7853991,wgs84
南京钟山风景名胜区—中山陵园风景区,5A,江苏,南京市,玄武区,江苏南京钟山风景名胜区—中山陵园风景区,景点景区,国家5A旅游景区。所属地：江苏·南京市·玄武区。地址：江苏南京钟山风景名胜区—中山陵园风景区。,32.0480377,118.8348992,wgs84
南通市濠河景区,5A,江苏,南通市,崇川区,江苏南通市濠河景区,景点景区,国家5A旅游景区。所属地：江苏·南通市·崇川区。地址：江苏南通市濠河景区。,32.0171021,120.8624328,wgs84
宿迁泗洪县洪泽湖湿地公园,5A,江苏,宿迁市,泗洪县,江苏宿迁泗洪县洪泽湖湿地公园,景点景区,国家5A旅游景区。所属地：江苏·宿迁市·泗洪县。地址：江苏宿迁泗洪县洪泽湖湿地公园。,33.2380761,118.3112005,wgs84
常州市环球恐龙城休闲旅游区,5A,江苏,常州市,新北区,江苏常州市环球恐龙城休闲旅游区,景点景区,国家5A旅游景区。所属地：江苏·常州市·新北区。地址：江苏常州市环球恐龙城休闲旅游区。,31.8239445,119.9987452,wgs84
常州市天目湖景区,5A,江苏,常州市,溧阳市,江苏常州市天目湖景区,景点景区,国家5A旅游景区。所属地：江苏·常州市·溧阳市。地址：江苏常州市天目湖景区。,31.2830634,119.4179602,wgs84
常州市中国春秋淹城旅游区,5A,江苏,常州市,武进区,江苏常州市中国春秋淹城旅游区,景点景区,国家5A旅游景区。所属地：江苏·常州市·武进区。地址：江苏常州市中国春秋淹城旅游区。,31.7054237,119.9289108,wgs84
徐州市云龙湖景区,5A,江苏,徐州市,泉山区,江苏徐州市云龙湖景区,景点景区,国家5A旅游景区。所属地：江苏·徐州市·泉山区。地址：江苏徐州市云龙湖景区。,34.2529716,117.1762806,wgs84
扬州瘦西湖风景区,5A,江苏,扬州市,邗江区,江苏扬州瘦西湖风景区,景点景区,国家5A旅游景区。所属地：江苏·扬州市·邗江区。地址：江苏扬州瘦西湖风景区。,32.4289112,119.4524911,wgs84
无锡市太湖鼋头渚景区,5A,江苏,无锡市,滨湖区,江苏无锡市太湖鼋头渚景区,景点景区,国家5A旅游景区。所属地：江苏·无锡市·滨湖区。地址：江苏无锡市太湖鼋头渚景区。,31.5104454,120.2768356,wgs84
无锡灵山景区,5A,江苏,无锡市,滨湖区,江苏无锡灵山景区,景点景区,国家5A旅游景区。所属地：江苏·无锡市·滨湖区。地址：江苏无锡灵山景区。,31.4287200,120.0960486,wgs84
中央电视台无锡影视基地三国水浒景区,5A,江苏,无锡市,滨湖区,江苏无锡中央电视台无锡影视基地三国水浒景区,景点景区,国家5A旅游景区。所属地：江苏·无锡市·滨湖区。地址：江苏无锡中央电视台无锡影视基地三国水浒景区。,31.4823679,120.2292760,wgs84
无锡市惠山古镇景区,5A,江苏,无锡市,梁溪区,江苏无锡市惠山古镇景区,景点景区,国家5A旅游景区。所属地：江苏·无锡市·梁溪区。地址：江苏无锡市惠山古镇景区。,31.5858830,120.2706499,wgs84
泰州姜堰溱湖旅游景区,5A,江苏,泰州市,姜堰区,江苏泰州姜堰溱湖旅游景区,景点景区,国家5A旅游景区。所属地：江苏·泰州市·姜堰区。地址：江苏泰州姜堰溱湖旅游景区。,32.6146011,120.0790830,wgs84
淮安市周恩来故里旅游景区,5A,江苏,淮安市,淮安区,江苏淮安市周恩来故里旅游景区,景点景区,国家5A旅游景区。所属地：江苏·淮安市·淮安区。地址：江苏淮安市周恩来故里旅游景区。,33.5139182,119.1473592,wgs84
盐城市大丰中华麋鹿园景区,5A,江苏,盐城市,大丰区,江苏盐城市大丰中华麋鹿园景区,景点景区,国家5A旅游景区。所属地：江苏·盐城市·大丰区。地址：江苏盐城市大丰中华麋鹿园景区。,32.9857751,120.8109786,wgs84
苏州市沙家浜·虞山尚湖旅游区,5A,江苏,苏州市,常熟市,江苏苏州市沙家浜·虞山尚湖旅游区,景点景区,国家5A旅游景区。所属地：江苏·苏州市·常熟市。地址：江苏苏州市沙家浜·虞山尚湖旅游区。,31.6453073,120.6895267,wgs84
苏州市吴中太湖旅游区,5A,江苏,苏州市,吴中区,江苏苏州市吴中太湖旅游区,景点景区,国家5A旅游景区。所属地：江苏·苏州市·吴中区。地址：江苏苏州市吴中太湖旅游区。,30.9759244,120.1206381,wgs84
苏州市金鸡湖景区,5A,江苏,苏州市,吴中区,江苏苏州市金鸡湖景区,景点景区,国家5A旅游景区。所属地：江苏·苏州市·吴中区。地址：江苏苏州市金鸡湖景区。,31.3136040,120.6942622,wgs84
苏州市同里古镇景区,5A,江苏,苏州市,吴江区,江苏苏州市同里古镇景区,景点景区,国家5A旅游景区。所属地：江苏·苏州市·吴江区。地址：江苏苏州市同里古镇景区。,31.1603273,120.7133920,wgs84
苏州市周庄古镇景区,5A,江苏,苏州市,昆山市,江苏苏州市周庄古镇景区,景点景区,国家5A旅游景区。所属地：江苏·苏州市·昆山市。地址：江苏苏州市周庄古镇景区。,31.1175646,120.8467892,wgs84
苏州园林景区,5A,江苏,苏州市,姑苏区,江苏苏州园林景区,景点景区,国家5A旅游景区。所属地：江苏·苏州市·姑苏区。地址：江苏苏州园林景区。,31.2974648,120.6214389,wgs84
连云港市花果山风景区,5A,江苏,连云港市,海州区,江苏连云港市花果山风景区,景点景区,国家5A旅游景区。所属地：江苏·连云港市·海州区。地址：江苏连云港市花果山风景区。,34.6469133,119.2776139,wgs84
镇江市句容茅山风景区,5A,江苏,镇江市,句容市,江苏镇江市句容茅山风景区,景点景区,国家5A旅游景区。所属地：江苏·镇江市·句容市。地址：江苏镇江市句容茅山风景区。,31.7834058,119.3089995,wgs84
镇江市金山·焦山·北固山景区,5A,江苏,镇江市,京口区,江苏镇江市金山·焦山·北固山景区,景点景区,国家5A旅游景区。所属地：江苏·镇江市·京口区。地址：江苏镇江市金山·焦山·北固山景区。,32.2186909,119.4519487,wgs84
南京市雨发生态旅游区,4A,江苏,南京市,浦口区,江苏南京市雨发生态旅游区,景点景区,国家4A旅游景区。所属地：江苏·南京市·浦口区。地址：江苏南京市雨发生态旅游区。,32.0242805,118.5340844,wgs84
南京市大报恩寺遗址公园景区,4A,江苏,南京市,秦淮区,江苏南京市大报恩寺遗址公园景区,景点景区,国家4A旅游景区。所属地：江苏·南京市·秦淮区。地址：江苏南京市大报恩寺遗址公园景区。,32.0112874,118.7777506,wgs84
南京市牛首山文化旅游区,4A,江苏,南京市,江宁区,江苏南京市牛首山文化旅游区,景点景区,国家4A旅游景区。所属地：江苏·南京市·江宁区。地址：江苏南京市牛首山文化旅游区。,31.9107616,118.7519519,wgs84
南京市汤山紫清湖旅游区,4A,江苏,南京市,江宁区,江苏南京市汤山紫清湖旅游区,景点景区,国家4A旅游景区。所属地：江苏·南京市·江宁区。地址：江苏南京市汤山紫清湖旅游区。,32.0652933,119.0296570,wgs84
南京市金牛湖景区,4A,江苏,南京市,六合区,江苏南京市金牛湖景区,景点景区,国家4A旅游景区。所属地：江苏·南京市·六合区。地址：江苏南京市金牛湖景区。,32.4720670,118.9634530,wgs84
南京市游子山休闲旅游区,4A,江苏,南京市,高淳区,江苏南京市游子山休闲旅游区,景点景区,国家4A旅游景区。所属地：江苏·南京市·高淳区。地址：江苏南京市游子山休闲旅游区。,31.3654987,119.0144377,wgs84
南京市高淳国际慢城,4A,江苏,南京市,高淳区,江苏南京市高淳国际慢城,景点景区,国家4A旅游景区。所属地：江苏·南京市·高淳区。地址：江苏南京市高淳国际慢城。,31.3794243,119.0690653,wgs84
南京博物院,4A,江苏,南京市,玄武区,江苏南京博物院,景点景区,国家4A旅游景区。所属地：江苏·南京市·玄武区。地址：江苏南京博物院。,32.0434253,118.8197905,wgs84
南京市溧水白马如意文化艺术中心（周园）,4A,江苏,南京市,溧水区,江苏南京市溧水白马如意文化艺术中心（周园）,景点景区,国家4A旅游景区。所属地：江苏·南京市·溧水区。地址：江苏南京市溧水白马如意文化艺术中心（周园）。,31.5641043,118.8823364,wgs84
南京市珍珠泉风景区,4A,江苏,南京市,浦口区,江苏南京市珍珠泉风景区,景点景区,国家4A旅游景区。所属地：江苏·南京市·浦口区。地址：江苏南京市珍珠泉风景区。,32.1241372,118.6532511,wgs84
南京市高淳老街历史文化景区,4A,江苏,南京市,鼓楼区,江苏南京市高淳老街历史文化景区,景点景区,国家4A旅游景区。所属地：江苏·南京市·鼓楼区。地址：江苏南京市高淳老街历史文化景区。,32.0617626,118.7623726,wgs84
南京市红山森林动物园,4A,江苏,南京市,玄武区,江苏南京市红山森林动物园,景点景区,国家4A旅游景区。所属地：江苏·南京市·玄武区。地址：江苏南京市红山森林动物园。,32.0934345,118.8005378,wgs84
南京市科技馆,4A,江苏,南京市,雨花台区,江苏南京市科技馆,景点景区,国家4A旅游景区。所属地：江苏·南京市·雨花台区。地址：江苏南京市科技馆。,31.9884270,118.7796519,wgs84
侵华日军南京大屠杀遇难同胞纪念馆,4A,江苏,南京市,建邺区,江苏南京侵华日军南京大屠杀遇难同胞纪念馆,景点景区,国家4A旅游景区。所属地：江苏·南京市·建邺区。地址：江苏南京侵华日军南京大屠杀遇难同胞纪念馆。,32.0372528,118.7371525,wgs84
南京市栖霞山风景区,4A,江苏,南京市,栖霞区,江苏南京市栖霞山风景区,景点景区,国家4A旅游景区。所属地：江苏·南京市·栖霞区。地址：江苏南京市栖霞山风景区。,32.1533354,118.9501139,wgs84
南京市梅园新村纪念馆,4A,江苏,南京市,玄武区,江苏南京市梅园新村纪念馆,景点景区,国家4A旅游景区。所属地：江苏·南京市·玄武区。地址：江苏南京市梅园新村纪念馆。,32.0444733,118.7969670,wgs84
南京市明文化村（阳山碑材）景区,4A,江苏,南京市,江宁区,江苏南京市明文化村（阳山碑材）景区,景点景区,国家4A旅游景区。所属地：江苏·南京市·江宁区。地址：江苏南京市明文化村（阳山碑材）景区。,32.0646349,118.9966208,wgs84
南京市朝天宫景区,4A,江苏,南京市,秦淮区,江苏南京市朝天宫景区,景点景区,国家4A旅游景区。所属地：江苏·南京市·秦淮区。地址：江苏南京市朝天宫景区。,32.0363785,118.7700549,wgs84
南京市玄武湖景区,4A,江苏,南京市,玄武区,江苏南京市玄武湖景区,景点景区,国家4A旅游景区。所属地：江苏·南京市·玄武区。地址：江苏南京市玄武湖景区。,32.0728255,118.7853073,wgs84
南京市阅江楼景区,4A,江苏,南京市,鼓楼区,江苏南京市阅江楼景区,景点景区,国家4A旅游景区。所属地：江苏·南京市·鼓楼区。地址：江苏南京市阅江楼景区。,32.0959032,118.7433072,wgs84
南京中国近代史遗址博物馆（总统府景区）,4A,江苏,南京市,玄武区,江苏南京中国近代史遗址博物馆（总统府景区）,景点景区,国家4A旅游景区。所属地：江苏·南京市·玄武区。地址：江苏南京中国近代史遗址博物馆（总统府景区）。,32.0447545,118.7922612,wgs84
南京市雨花台风景区,4A,江苏,南京市,雨花台区,江苏南京市雨花台风景区,景点景区,国家4A旅游景区。所属地：江苏·南京市·雨花台区。地址：江苏南京市雨花台风景区。,31.9998747,118.7766385,wgs84
南京市溧水天生桥景区,4A,江苏,南京市,溧水区,江苏南京市溧水天生桥景区,景点景区,国家4A旅游景区。所属地：江苏·南京市·溧水区。地址：江苏南京市溧水天生桥景区。,31.6381668,118.9769649,wgs84
南京市莫愁湖景区,4A,江苏,南京市,秦淮区,江苏南京市莫愁湖景区,景点景区,国家4A旅游景区。所属地：江苏·南京市·秦淮区。地址：江苏南京市莫愁湖景区。,32.0250588,118.7836184,wgs84
南京市平山森林公园,4A,江苏,南京市,六合区,江苏南京市平山森林公园,景点景区,国家4A旅游景区。所属地：江苏·南京市·六合区。地址：江苏南京市平山森林公园。,32.4621705,118.8395608,wgs84
南通市洲际绿博园,4A,江苏,南通市,通州区,江苏南通市洲际绿博园,景点景区,国家4A旅游景区。所属地：江苏·南通市·通州区。地址：江苏南通市洲际绿博园。,32.0255942,120.9669618,wgs84
南通市啬园景区,4A,江苏,南通市,,江苏南通市啬园景区,景点景区,国家4A旅游景区。所属地：江苏·南通市。地址：江苏南通市啬园景区。,31.9823396,120.8900736,wgs84
南通海安县江淮文化园景区,4A,江苏,南通市,海安市,江苏南通海安县江淮文化园景区,景点景区,国家4A旅游景区。所属地：江苏·南通市·海安市。地址：江苏南通海安县江淮文化园景区。,32.5587346,120.4589509,wgs84
南通市海门叠石桥国际家纺园景区,4A,江苏,南通市,海门区,江苏南通市海门叠石桥国际家纺园景区,景点景区,国家4A旅游景区。所属地：江苏·南通市·海门区。地址：江苏南通市海门叠石桥国际家纺园景区。,31.9623807,121.1243682,wgs84
南通市中国工农红军第十四军纪念馆景区,4A,江苏,南通市,如皋市,江苏南通市中国工农红军第十四军纪念馆景区,景点景区,国家4A旅游景区。所属地：江苏·南通市·如皋市。地址：江苏南通市中国工农红军第十四军纪念馆景区。,32.3883726,120.5877861,wgs84
南通如皋市水绘园风景区,4A,江苏,南通市,如皋市,江苏南通如皋市水绘园风景区,景点景区,国家4A旅游景区。所属地：江苏·南通市·如皋市。地址：江苏南通如皋市水绘园风景区。,32.3976295,120.5664581,wgs84
南通市狼山名胜风景区,4A,江苏,南通市,崇川区,江苏南通市狼山名胜风景区,景点景区,国家4A旅游景区。所属地：江苏·南通市·崇川区。地址：江苏南通市狼山名胜风景区。,32.0797228,120.7726733,wgs84
海门市张謇文化旅游景区,4A,江苏,南通市,海门区,江苏南通海门市张謇文化旅游景区,景点景区,国家4A旅游景区。所属地：江苏·南通市·海门区。地址：江苏南通海门市张謇文化旅游景区。,31.8730466,121.1770460,wgs84
南通如皋盆景大观景区,4A,江苏,南通市,如皋市,江苏南通如皋盆景大观景区,景点景区,国家4A旅游景区。所属地：江苏·南通市·如皋市。地址：江苏南通如皋盆景大观景区。,32.3727703,120.5706599,wgs84
南通市森林野生动物园,4A,江苏,南通市,,江苏南通市森林野生动物园,景点景区,国家4A旅游景区。所属地：江苏·南通市。地址：江苏南通市森林野生动物园。,31.9823396,120.8900736,wgs84
宿迁市双沟酒文化旅游区,4A,江苏,宿迁市,泗洪县,江苏宿迁市双沟酒文化旅游区,景点景区,国家4A旅游景区。所属地：江苏·宿迁市·泗洪县。地址：江苏宿迁市双沟酒文化旅游区。,33.2196588,118.1791085,wgs84
宿迁市三台山森林公园,4A,江苏,宿迁市,宿豫区,江苏宿迁市三台山森林公园,景点景区,国家4A旅游景区。所属地：江苏·宿迁市·宿豫区。地址：江苏宿迁市三台山森林公园。,34.0346630,118.3163718,wgs84
宿迁市洋河酒厂文化旅游区,4A,江苏,宿迁市,宿城区,江苏宿迁市洋河酒厂文化旅游区,景点景区,国家4A旅游景区。所属地：江苏·宿迁市·宿城区。地址：江苏宿迁市洋河酒厂文化旅游区。,33.7809739,118.3781079,wgs84
宿迁市龙王庙行宫景区,4A,江苏,宿迁市,宿豫区,江苏宿迁市龙王庙行宫景区,景点景区,国家4A旅游景区。所属地：江苏·宿迁市·宿豫区。地址：江苏宿迁市龙王庙行宫景区。,34.0340232,118.1155001,wgs84
宿迁市项王故里,4A,江苏,宿迁市,宿城区,江苏宿迁市项王故里,景点景区,国家4A旅游景区。所属地：江苏·宿迁市·宿城区。地址：江苏宿迁市项王故里。,33.9389311,118.2963946,wgs84
宿迁市湖滨公园景区,4A,江苏,宿迁市,宿豫区,江苏宿迁市湖滨公园景区,景点景区,国家4A旅游景区。所属地：江苏·宿迁市·宿豫区。地址：江苏宿迁市湖滨公园景区。,34.0541617,118.2671722,wgs84
宿迁泗阳县中国杨树博物馆,4A,江苏,宿迁市,泗阳县,江苏宿迁泗阳县中国杨树博物馆,景点景区,国家4A旅游景区。所属地：江苏·宿迁市·泗阳县。地址：江苏宿迁泗阳县中国杨树博物馆。,33.6824835,118.6848696,wgs84
宿迁市雪枫公园,4A,江苏,宿迁市,宿城区,江苏宿迁市雪枫公园,景点景区,国家4A旅游景区。所属地：江苏·宿迁市·宿城区。地址：江苏宿迁市雪枫公园。,33.9786370,118.2933109,wgs84
常州市花谷奇缘景区,4A,江苏,常州市,,江苏常州市花谷奇缘景区,景点景区,国家4A旅游景区。所属地：江苏·常州市。地址：江苏常州市花谷奇缘景区。,31.8127432,119.9692476,wgs84
常州市东方盐湖城▪道天下景区,4A,江苏,常州市,金坛区,江苏常州市东方盐湖城▪道天下景区,景点景区,国家4A旅游景区。所属地：江苏·常州市·金坛区。地址：江苏常州市东方盐湖城▪道天下景区。,31.7670383,119.3356272,wgs84
常州溧阳市新四军江南指挥部纪念馆,4A,江苏,常州市,溧阳市,江苏常州溧阳市新四军江南指挥部纪念馆,景点景区,国家4A旅游景区。所属地：江苏·常州市·溧阳市。地址：江苏常州溧阳市新四军江南指挥部纪念馆。,31.5095898,119.3376872,wgs84
常州市中华孝道园景区,4A,江苏,常州市,武进区,江苏常州市中华孝道园景区,景点景区,国家4A旅游景区。所属地：江苏·常州市·武进区。地址：江苏常州市中华孝道园景区。,31.4785550,120.0658136,wgs84
常州市环球动漫嬉戏谷景区,4A,江苏,常州市,武进区,江苏常州市环球动漫嬉戏谷景区,景点景区,国家4A旅游景区。所属地：江苏·常州市·武进区。地址：江苏常州市环球动漫嬉戏谷景区。,31.5029294,120.0411706,wgs84
常州古运河南大街文化旅游区,4A,江苏,常州市,金坛区,江苏常州古运河南大街文化旅游区,景点景区,国家4A旅游景区。所属地：江苏·常州市·金坛区。地址：江苏常州古运河南大街文化旅游区。,31.7392590,119.5600778,wgs84
常州市青枫公园,4A,江苏,常州市,钟楼区,江苏常州市青枫公园,景点景区,国家4A旅游景区。所属地：江苏·常州市·钟楼区。地址：江苏常州市青枫公园。,31.7994310,119.8942756,wgs84
常州市博物馆,4A,江苏,常州市,新北区,江苏常州市博物馆,景点景区,国家4A旅游景区。所属地：江苏·常州市·新北区。地址：江苏常州市博物馆。,31.8103466,119.9693256,wgs84
常州市红梅公园,4A,江苏,常州市,天宁区,江苏常州市红梅公园,景点景区,国家4A旅游景区。所属地：江苏·常州市·天宁区。地址：江苏常州市红梅公园。,31.7766953,119.9685493,wgs84
常州市天宁禅寺,4A,江苏,常州市,天宁区,江苏常州市天宁禅寺,景点景区,国家4A旅游景区。所属地：江苏·常州市·天宁区。地址：江苏常州市天宁禅寺。,31.7763211,119.9647104,wgs84
徐州市户部山古民居,4A,江苏,徐州市,云龙区,江苏徐州市户部山古民居,景点景区,国家4A旅游景区。所属地：江苏·徐州市·云龙区。地址：江苏徐州市户部山古民居。,34.2557295,117.1833247,wgs84
徐州市凤鸣海景区,4A,江苏,徐州市,,江苏徐州市凤鸣海景区,景点景区,国家4A旅游景区。所属地：江苏·徐州市。地址：江苏徐州市凤鸣海景区。,34.2070639,117.2783804,wgs84
徐州市悬水湖景区,4A,江苏,徐州市,铜山区,江苏徐州市悬水湖景区,景点景区,国家4A旅游景区。所属地：江苏·徐州市·铜山区。地址：江苏徐州市悬水湖景区。,34.1590012,117.4761849,wgs84
徐州睢宁县水月禅寺景区,4A,江苏,徐州市,睢宁县,江苏徐州睢宁县水月禅寺景区,景点景区,国家4A旅游景区。所属地：江苏·徐州市·睢宁县。地址：江苏徐州睢宁县水月禅寺景区。,33.9246217,117.8889421,wgs84
徐州市督公湖旅游区,4A,江苏,徐州市,贾汪区,江苏徐州市督公湖旅游区,景点景区,国家4A旅游景区。所属地：江苏·徐州市·贾汪区。地址：江苏徐州市督公湖旅游区。,34.4567179,117.5563542,wgs84
徐州乐园景区,4A,江苏,徐州市,泉山区,江苏徐州乐园景区,景点景区,国家4A旅游景区。所属地：江苏·徐州市·泉山区。地址：江苏徐州乐园景区。,34.2296631,117.1183365,wgs84
徐州沛县微山湖千岛湿地景区,4A,江苏,徐州市,沛县,江苏徐州沛县微山湖千岛湿地景区,景点景区,国家4A旅游景区。所属地：江苏·徐州市·沛县。地址：江苏徐州沛县微山湖千岛湿地景区。,34.8200990,116.9695943,wgs84
徐州市大洞山景区,4A,江苏,徐州市,贾汪区,江苏徐州市大洞山景区,景点景区,国家4A旅游景区。所属地：江苏·徐州市·贾汪区。地址：江苏徐州市大洞山景区。,34.4163101,117.5072741,wgs84
徐州市蟠桃山景区,4A,江苏,徐州市,鼓楼区,江苏徐州市蟠桃山景区,景点景区,国家4A旅游景区。所属地：江苏·徐州市·鼓楼区。地址：江苏徐州市蟠桃山景区。,34.3048618,117.2692046,wgs84
徐州市潘安湖湿地公园,4A,江苏,徐州市,贾汪区,江苏徐州市潘安湖湿地公园,景点景区,国家4A旅游景区。所属地：江苏·徐州市·贾汪区。地址：江苏徐州市潘安湖湿地公园。,34.3666509,117.3486197,wgs84
徐州市博物馆,4A,江苏,徐州市,云龙区,江苏徐州市博物馆,景点景区,国家4A旅游景区。所属地：江苏·徐州市·云龙区。地址：江苏徐州市博物馆。,34.2517833,117.1807025,wgs84
徐州市龟山景区,4A,江苏,徐州市,鼓楼区,江苏徐州市龟山景区,景点景区,国家4A旅游景区。所属地：江苏·徐州市·鼓楼区。地址：江苏徐州市龟山景区。,34.3085256,117.1310686,wgs84
徐州市新沂窑湾古镇旅游区,4A,江苏,徐州市,新沂市,江苏徐州市新沂窑湾古镇旅游区,景点景区,国家4A旅游景区。所属地：江苏·徐州市·新沂市。地址：江苏徐州市新沂窑湾古镇旅游区。,34.1778714,118.0668321,wgs84
徐州邳州市艾山九龙景区,4A,江苏,徐州市,邳州市,江苏徐州邳州市艾山九龙景区,景点景区,国家4A旅游景区。所属地：江苏·徐州市·邳州市。地址：江苏徐州邳州市艾山九龙景区。,34.5039821,117.9774532,wgs84
徐州市汉画像石艺术馆,4A,江苏,徐州市,泉山区,江苏徐州市汉画像石艺术馆,景点景区,国家4A旅游景区。所属地：江苏·徐州市·泉山区。地址：江苏徐州市汉画像石艺术馆。,34.2422467,117.1714491,wgs84
徐州市彭祖园景区,4A,江苏,徐州市,泉山区,江苏徐州市彭祖园景区,景点景区,国家4A旅游景区。所属地：江苏·徐州市·泉山区。地址：江苏徐州市彭祖园景区。,34.2509718,117.1554766,wgs84
徐州市汉文化景区,4A,江苏,徐州市,云龙区,江苏徐州市汉文化景区,景点景区,国家4A旅游景区。所属地：江苏·徐州市·云龙区。地址：江苏徐州市汉文化景区。,34.2473537,117.2167295,wgs84
徐州新沂市马陵山景区,4A,江苏,徐州市,新沂市,江苏徐州新沂市马陵山景区,景点景区,国家4A旅游景区。所属地：江苏·徐州市·新沂市。地址：江苏徐州新沂市马陵山景区。,34.1948547,118.3460806,wgs84
徐州市淮海战役纪念塔,4A,江苏,徐州市,泉山区,江苏徐州市淮海战役纪念塔,景点景区,国家4A旅游景区。所属地：江苏·徐州市·泉山区。地址：江苏徐州市淮海战役纪念塔。,34.2348227,117.1917570,wgs84
扬州市运河三湾风景区,4A,江苏,扬州市,广陵区,江苏扬州市运河三湾风景区,景点景区,国家4A旅游景区。所属地：江苏·扬州市·广陵区。地址：江苏扬州市运河三湾风景区。,32.3599709,119.4247862,wgs84
扬州市汉陵苑,4A,江苏,扬州市,邗江区,江苏扬州市汉陵苑,景点景区,国家4A旅游景区。所属地：江苏·扬州市·邗江区。地址：江苏扬州市汉陵苑。,32.4266488,119.4250021,wgs84
扬州市宋夹城景区,4A,江苏,扬州市,,江苏扬州市宋夹城景区,景点景区,国家4A旅游景区。所属地：江苏·扬州市。地址：江苏扬州市宋夹城景区。,32.3960876,119.4074817,wgs84
扬州高邮市盂城驿景区,4A,江苏,扬州市,高邮市,江苏扬州高邮市盂城驿景区,景点景区,国家4A旅游景区。所属地：江苏·扬州市·高邮市。地址：江苏扬州高邮市盂城驿景区。,32.7725517,119.4326336,wgs84
扬州市东关历史文化旅游区,4A,江苏,扬州市,广陵区,江苏扬州市东关历史文化旅游区,景点景区,国家4A旅游景区。所属地：江苏·扬州市·广陵区。地址：江苏扬州市东关历史文化旅游区。,32.3997874,119.4467882,wgs84
扬州市茱萸湾景区,4A,江苏,扬州市,邗江区,江苏扬州市茱萸湾景区,景点景区,国家4A旅游景区。所属地：江苏·扬州市·邗江区。地址：江苏扬州市茱萸湾景区。,32.4164356,119.4385967,wgs84
扬州市邵伯古镇,4A,江苏,扬州市,江都区,江苏扬州市邵伯古镇,景点景区,国家4A旅游景区。所属地：江苏·扬州市·江都区。地址：江苏扬州市邵伯古镇。,32.5276098,119.4995729,wgs84
扬州市中国雕版印刷博物馆/扬州博物馆,4A,江苏,扬州市,邗江区,江苏扬州市中国雕版印刷博物馆/扬州博物馆,景点景区,国家4A旅游景区。所属地：江苏·扬州市·邗江区。地址：江苏扬州市中国雕版印刷博物馆/扬州博物馆。,32.3929884,119.3663328,wgs84
扬州市何园,4A,江苏,扬州市,宝应县,江苏扬州市何园,景点景区,国家4A旅游景区。所属地：江苏·扬州市·宝应县。地址：江苏扬州市何园。,33.2423507,119.3239850,wgs84
扬州市个园,4A,江苏,扬州市,广陵区,江苏扬州市个园,景点景区,国家4A旅游景区。所属地：江苏·扬州市·广陵区。地址：江苏扬州市个园。,32.4009144,119.4383206,wgs84
扬州市大明寺,4A,江苏,扬州市,邗江区,江苏扬州市大明寺,景点景区,国家4A旅游景区。所属地：江苏·扬州市·邗江区。地址：江苏扬州市大明寺。,32.4219323,119.4071980,wgs84
仪征市捺山地质公园,4A,江苏,扬州市,仪征市,江苏扬州仪征市捺山地质公园,景点景区,国家4A旅游景区。所属地：江苏·扬州市·仪征市。地址：江苏扬州仪征市捺山地质公园。,32.4109717,119.1535703,wgs84
高邮市抗日战争最后一役文化园,4A,江苏,扬州市,高邮市,江苏扬州高邮市抗日战争最后一役文化园,景点景区,国家4A旅游景区。所属地：江苏·扬州市·高邮市。地址：江苏扬州高邮市抗日战争最后一役文化园。,32.7834680,119.4537223,wgs84
无锡市阖闾城遗址博物馆,4A,江苏,无锡市,滨湖区,江苏无锡市阖闾城遗址博物馆,景点景区,国家4A旅游景区。所属地：江苏·无锡市·滨湖区。地址：江苏无锡市阖闾城遗址博物馆。,31.5138246,120.1303051,wgs84
无锡影都文化旅游区,4A,江苏,无锡市,梁溪区,江苏无锡影都文化旅游区,景点景区,国家4A旅游景区。所属地：江苏·无锡市·梁溪区。地址：江苏无锡影都文化旅游区。,31.5910448,120.2704975,wgs84
无锡市阳山桃花源景区,4A,江苏,无锡市,惠山区,江苏无锡市阳山桃花源景区,景点景区,国家4A旅游景区。所属地：江苏·无锡市·惠山区。地址：江苏无锡市阳山桃花源景区。,31.5959982,120.1012984,wgs84
无锡市荡口古镇景区,4A,江苏,无锡市,锡山区,江苏无锡市荡口古镇景区,景点景区,国家4A旅游景区。所属地：江苏·无锡市·锡山区。地址：江苏无锡市荡口古镇景区。,31.5273598,120.5489468,wgs84
无锡宜兴市云湖旅游景区,4A,江苏,无锡市,宜兴市,江苏无锡宜兴市云湖旅游景区,景点景区,国家4A旅游景区。所属地：江苏·无锡市·宜兴市。地址：江苏无锡宜兴市云湖旅游景区。,31.2869485,119.5705973,wgs84
无锡兴市陶瓷博物馆,4A,江苏,无锡市,,江苏无锡兴市陶瓷博物馆,景点景区,国家4A旅游景区。所属地：江苏·无锡市。地址：江苏无锡兴市陶瓷博物馆。,31.4930660,120.3073076,wgs84
无锡市清名桥古运河景区,4A,江苏,无锡市,梁溪区,江苏无锡市清名桥古运河景区,景点景区,国家4A旅游景区。所属地：江苏·无锡市·梁溪区。地址：江苏无锡市清名桥古运河景区。,31.5592523,120.3139276,wgs84
无锡市中华赏石园景区,4A,江苏,无锡市,新吴区,江苏无锡市中华赏石园景区,景点景区,国家4A旅游景区。所属地：江苏·无锡市·新吴区。地址：江苏无锡市中华赏石园景区。,31.5044359,120.5052194,wgs84
无锡宜兴市张公洞旅游景区,4A,江苏,无锡市,宜兴市,江苏无锡宜兴市张公洞旅游景区,景点景区,国家4A旅游景区。所属地：江苏·无锡市·宜兴市。地址：江苏无锡宜兴市张公洞旅游景区。,31.2531617,119.7789280,wgs84
无锡市鸿山泰伯景区,4A,江苏,无锡市,新吴区,江苏无锡市鸿山泰伯景区,景点景区,国家4A旅游景区。所属地：江苏·无锡市·新吴区。地址：江苏无锡市鸿山泰伯景区。,31.5503650,120.4828463,wgs84
无锡市南禅寺景区,4A,江苏,无锡市,梁溪区,江苏无锡市南禅寺景区,景点景区,国家4A旅游景区。所属地：江苏·无锡市·梁溪区。地址：江苏无锡市南禅寺景区。,31.5686669,120.3041283,wgs84
无锡市中国吴文化博物馆•鸿山遗址博物馆,4A,江苏,无锡市,新吴区,江苏无锡市中国吴文化博物馆•鸿山遗址博物馆,景点景区,国家4A旅游景区。所属地：江苏·无锡市·新吴区。地址：江苏无锡市中国吴文化博物馆•鸿山遗址博物馆。,31.4947039,120.5037043,wgs84
无锡动物园•太湖欢乐园,4A,江苏,无锡市,滨湖区,江苏无锡动物园•太湖欢乐园,景点景区,国家4A旅游景区。所属地：江苏·无锡市·滨湖区。地址：江苏无锡动物园•太湖欢乐园。,31.5855130,120.2313124,wgs84
无锡博物院,4A,江苏,无锡市,梁溪区,江苏无锡博物院,景点景区,国家4A旅游景区。所属地：江苏·无锡市·梁溪区。地址：江苏无锡博物院。,31.5515180,120.3012693,wgs84
无锡市东林书院,4A,江苏,无锡市,梁溪区,江苏无锡市东林书院,景点景区,国家4A旅游景区。所属地：江苏·无锡市·梁溪区。地址：江苏无锡市东林书院。,31.5788217,120.3039346,wgs84
无锡市梅园横山风景区,4A,江苏,无锡市,滨湖区,江苏无锡市梅园横山风景区,景点景区,国家4A旅游景区。所属地：江苏·无锡市·滨湖区。地址：江苏无锡市梅园横山风景区。,31.5583134,120.2214712,wgs84
无锡宜兴市陶祖圣境景区,4A,江苏,无锡市,宜兴市,江苏无锡宜兴市陶祖圣境景区,景点景区,国家4A旅游景区。所属地：江苏·无锡市·宜兴市。地址：江苏无锡宜兴市陶祖圣境景区。,31.1864011,119.7283677,wgs84
无锡市崇安寺景区,4A,江苏,无锡市,梁溪区,江苏无锡市崇安寺景区,景点景区,国家4A旅游景区。所属地：江苏·无锡市·梁溪区。地址：江苏无锡市崇安寺景区。,31.5787744,120.2966813,wgs84
无锡江阴市滨江要塞旅游区,4A,江苏,无锡市,江阴市,江苏无锡江阴市滨江要塞旅游区,景点景区,国家4A旅游景区。所属地：江苏·无锡市·江阴市。地址：江苏无锡江阴市滨江要塞旅游区。,31.9281052,120.2727418,wgs84
无锡江阴市江苏学政文化旅游区,4A,江苏,无锡市,江阴市,江苏无锡江阴市江苏学政文化旅游区,景点景区,国家4A旅游景区。所属地：江苏·无锡市·江阴市。地址：江苏无锡江阴市江苏学政文化旅游区。,31.9096891,120.2675362,wgs84
无锡宜兴市竹海风景区,4A,江苏,无锡市,宜兴市,江苏无锡宜兴市竹海风景区,景点景区,国家4A旅游景区。所属地：江苏·无锡市·宜兴市。地址：江苏无锡宜兴市竹海风景区。,31.1691469,119.6930102,wgs84
无锡宜兴市团氿风景区,4A,江苏,无锡市,宜兴市,江苏无锡宜兴市团氿风景区,景点景区,国家4A旅游景区。所属地：江苏·无锡市·宜兴市。地址：江苏无锡宜兴市团氿风景区。,31.3732167,119.7989011,wgs84
无锡宜兴市龙背山森林公园,4A,江苏,无锡市,宜兴市,江苏无锡宜兴市龙背山森林公园,景点景区,国家4A旅游景区。所属地：江苏·无锡市·宜兴市。地址：江苏无锡宜兴市龙背山森林公园。,31.3361439,119.8067960,wgs84
无锡市蠡园公园,4A,江苏,无锡市,滨湖区,江苏无锡市蠡园公园,景点景区,国家4A旅游景区。所属地：江苏·无锡市·滨湖区。地址：江苏无锡市蠡园公园。,31.5199053,120.2554001,wgs84
无锡市薛福成故居,4A,江苏,无锡市,梁溪区,江苏无锡市薛福成故居,景点景区,国家4A旅游景区。所属地：江苏·无锡市·梁溪区。地址：江苏无锡市薛福成故居。,31.5729626,120.2913472,wgs84
无锡宜兴市善卷风景区,4A,江苏,无锡市,宜兴市,江苏无锡宜兴市善卷风景区,景点景区,国家4A旅游景区。所属地：江苏·无锡市·宜兴市。地址：江苏无锡宜兴市善卷风景区。,31.3427115,119.8184644,wgs84
泰州市稻河景区,4A,江苏,泰州市,海陵区,江苏泰州市稻河景区,景点景区,国家4A旅游景区。所属地：江苏·泰州市·海陵区。地址：江苏泰州市稻河景区。,32.4993413,119.9106836,wgs84
泰州市高港口岸雕花楼景区,4A,江苏,泰州市,高港区,江苏泰州市高港口岸雕花楼景区,景点景区,国家4A旅游景区。所属地：江苏·泰州市·高港区。地址：江苏泰州市高港口岸雕花楼景区。,32.3052717,119.8730046,wgs84
泰州市秋雪湖生态景区,4A,江苏,泰州市,海陵区,江苏泰州市秋雪湖生态景区,景点景区,国家4A旅游景区。所属地：江苏·泰州市·海陵区。地址：江苏泰州市秋雪湖生态景区。,32.5534360,119.9732025,wgs84
泰州姜堰市古罗塘旅游文化景区,4A,江苏,泰州市,姜堰区,江苏泰州姜堰市古罗塘旅游文化景区,景点景区,国家4A旅游景区。所属地：江苏·泰州市·姜堰区。地址：江苏泰州姜堰市古罗塘旅游文化景区。,32.5112818,120.1468414,wgs84
泰州兴化市郑板桥·范仲淹纪念馆,4A,江苏,泰州市,兴化市,江苏泰州兴化市郑板桥·范仲淹纪念馆,景点景区,国家4A旅游景区。所属地：江苏·泰州市·兴化市。地址：江苏泰州兴化市郑板桥·范仲淹纪念馆。,32.9369380,119.8390052,wgs84
泰州市天德湖景区,4A,江苏,泰州市,,江苏泰州市天德湖景区,景点景区,国家4A旅游景区。所属地：江苏·泰州市。地址：江苏泰州市天德湖景区。,32.4580043,119.9183801,wgs84
泰州兴化市李中水上森林景区,4A,江苏,泰州市,兴化市,江苏泰州兴化市李中水上森林景区,景点景区,国家4A旅游景区。所属地：江苏·泰州市·兴化市。地址：江苏泰州兴化市李中水上森林景区。,33.0324313,119.7263273,wgs84
泰州姜堰市溱潼古镇,4A,江苏,泰州市,姜堰区,江苏泰州姜堰市溱潼古镇,景点景区,国家4A旅游景区。所属地：江苏·泰州市·姜堰区。地址：江苏泰州姜堰市溱潼古镇。,32.6505215,120.0933153,wgs84
泰州市凤城河风景区,4A,江苏,泰州市,海陵区,江苏泰州市凤城河风景区,景点景区,国家4A旅游景区。所属地：江苏·泰州市·海陵区。地址：江苏泰州市凤城河风景区。,32.4838953,119.9227053,wgs84
泰州泰兴市新四军黄桥战役纪念馆,4A,江苏,泰州市,泰兴市,江苏泰州泰兴市新四军黄桥战役纪念馆,景点景区,国家4A旅游景区。所属地：江苏·泰州市·泰兴市。地址：江苏泰州泰兴市新四军黄桥战役纪念馆。,32.2442737,120.2266069,wgs84
淮安市金湖水上森林,4A,江苏,淮安市,金湖县,江苏淮安市金湖水上森林,景点景区,国家4A旅游景区。所属地：江苏·淮安市·金湖县。地址：江苏淮安市金湖水上森林。,33.0634790,119.2787260,wgs84
淮安市西游记文化体验园•龙宫大白鲸世界,4A,江苏,淮安市,淮安区,江苏淮安市西游记文化体验园•龙宫大白鲸世界,景点景区,国家4A旅游景区。所属地：江苏·淮安市·淮安区。地址：江苏淮安市西游记文化体验园•龙宫大白鲸世界。,33.6537666,119.1837654,wgs84
淮安市今世缘旅游景区,4A,江苏,淮安市,涟水县,江苏淮安市今世缘旅游景区,景点景区,国家4A旅游景区。所属地：江苏·淮安市·涟水县。地址：江苏淮安市今世缘旅游景区。,34.0152305,119.1869458,wgs84
淮安市金湖荷花荡景区,4A,江苏,淮安市,金湖县,江苏淮安市金湖荷花荡景区,景点景区,国家4A旅游景区。所属地：江苏·淮安市·金湖县。地址：江苏淮安市金湖荷花荡景区。,32.8597145,119.2304076,wgs84
淮安市涟水县五岛湖旅游区,4A,江苏,淮安市,涟水县,江苏淮安市涟水县五岛湖旅游区,景点景区,国家4A旅游景区。所属地：江苏·淮安市·涟水县。地址：江苏淮安市涟水县五岛湖旅游区。,33.7713095,119.2621953,wgs84
淮安市洪泽湖古堰景区,4A,江苏,淮安市,洪泽区,江苏淮安市洪泽湖古堰景区,景点景区,国家4A旅游景区。所属地：江苏·淮安市·洪泽区。地址：江苏淮安市洪泽湖古堰景区。,33.2903664,118.8355814,wgs84
淮安市刘老庄连纪念园景区,4A,江苏,淮安市,淮阴区,江苏淮安市刘老庄连纪念园景区,景点景区,国家4A旅游景区。所属地：江苏·淮安市·淮阴区。地址：江苏淮安市刘老庄连纪念园景区。,33.8204811,118.9912437,wgs84
淮安市里运河文化长廊景区,4A,江苏,淮安市,清江浦区,江苏淮安市里运河文化长廊景区,景点景区,国家4A旅游景区。所属地：江苏·淮安市·清江浦区。地址：江苏淮安市里运河文化长廊景区。,33.5945624,119.0326346,wgs84
淮安市吴承恩故居景区,4A,江苏,淮安市,淮安区,江苏淮安市吴承恩故居景区,景点景区,国家4A旅游景区。所属地：江苏·淮安市·淮安区。地址：江苏淮安市吴承恩故居景区。,33.5292312,119.1331096,wgs84
淮安市中国漕运博物馆景区,4A,江苏,淮安市,淮安区,江苏淮安市中国漕运博物馆景区,景点景区,国家4A旅游景区。所属地：江苏·淮安市·淮安区。地址：江苏淮安市中国漕运博物馆景区。,33.5090199,119.1392928,wgs84
淮安市淮安府署景区,4A,江苏,淮安市,淮安区,江苏淮安市淮安府署景区,景点景区,国家4A旅游景区。所属地：江苏·淮安市·淮安区。地址：江苏淮安市淮安府署景区。,33.5041947,119.1355089,wgs84
淮安盱眙县黄花塘新四军军部纪念馆,4A,江苏,淮安市,盱眙县,江苏淮安盱眙县黄花塘新四军军部纪念馆,景点景区,国家4A旅游景区。所属地：江苏·淮安市·盱眙县。地址：江苏淮安盱眙县黄花塘新四军军部纪念馆。,32.8884920,118.7442432,wgs84
淮安市古淮河文化生态景区,4A,江苏,淮安市,清江浦区,江苏淮安市古淮河文化生态景区,景点景区,国家4A旅游景区。所属地：江苏·淮安市·清江浦区。地址：江苏淮安市古淮河文化生态景区。,33.6122974,119.0849633,wgs84
淮安盱眙县第一山景区,4A,江苏,淮安市,盱眙县,江苏淮安盱眙县第一山景区,景点景区,国家4A旅游景区。所属地：江苏·淮安市·盱眙县。地址：江苏淮安盱眙县第一山景区。,33.0181354,118.4934057,wgs84
淮安市博物馆,4A,江苏,淮安市,清江浦区,江苏淮安市博物馆,景点景区,国家4A旅游景区。所属地：江苏·淮安市·清江浦区。地址：江苏淮安市博物馆。,33.6137361,119.0064456,wgs84
淮安盱眙县铁山寺国家森林公园,4A,江苏,淮安市,盱眙县,江苏淮安盱眙县铁山寺国家森林公园,景点景区,国家4A旅游景区。所属地：江苏·淮安市·盱眙县。地址：江苏淮安盱眙县铁山寺国家森林公园。,32.7415794,118.4851324,wgs84
淮安市白马湖生态旅游景区,4A,江苏,淮安市,洪泽区,江苏淮安市白马湖生态旅游景区,景点景区,国家4A旅游景区。所属地：江苏·淮安市·洪泽区。地址：江苏淮安市白马湖生态旅游景区。,33.3193038,119.0419289,wgs84
淮安市明祖陵景区,4A,江苏,淮安市,盱眙县,江苏淮安市明祖陵景区,景点景区,国家4A旅游景区。所属地：江苏·淮安市·盱眙县。地址：江苏淮安市明祖陵景区。,33.0816698,118.4421273,wgs84
盐城市大丰梦幻迷宫,4A,江苏,盐城市,大丰区,江苏盐城市大丰梦幻迷宫,景点景区,国家4A旅游景区。所属地：江苏·盐城市·大丰区。地址：江苏盐城市大丰梦幻迷宫。,32.9750177,120.3831640,wgs84
盐城市大丰中华水浒园,4A,江苏,盐城市,大丰区,江苏盐城市大丰中华水浒园,景点景区,国家4A旅游景区。所属地：江苏·盐城市·大丰区。地址：江苏盐城市大丰中华水浒园。,33.0670463,120.3011300,wgs84
盐城东台市安丰古镇,4A,江苏,盐城市,东台市,江苏盐城东台市安丰古镇,景点景区,国家4A旅游景区。所属地：江苏·盐城市·东台市。地址：江苏盐城东台市安丰古镇。,32.7288841,120.4019844,wgs84
盐城市九龙口景区,4A,江苏,盐城市,建湖县,江苏盐城市九龙口景区,景点景区,国家4A旅游景区。所属地：江苏·盐城市·建湖县。地址：江苏盐城市九龙口景区。,33.4013429,119.6017974,wgs84
盐城市大丰梅花湾景区,4A,江苏,盐城市,大丰区,江苏盐城市大丰梅花湾景区,景点景区,国家4A旅游景区。所属地：江苏·盐城市·大丰区。地址：江苏盐城市大丰梅花湾景区。,33.2271303,120.4292406,wgs84
东台黄海森林公园景区,4A,江苏,盐城市,东台市,江苏盐城东台黄海森林公园景区,景点景区,国家4A旅游景区。所属地：江苏·盐城市·东台市。地址：江苏盐城东台黄海森林公园景区。,32.8744111,120.8300024,wgs84
盐城市丹顶鹤湿地生态旅游区,4A,江苏,盐城市,亭湖区,江苏盐城市丹顶鹤湿地生态旅游区,景点景区,国家4A旅游景区。所属地：江苏·盐城市·亭湖区。地址：江苏盐城市丹顶鹤湿地生态旅游区。,33.6054935,120.4991004,wgs84
盐城市大丰荷兰花海景区,4A,江苏,盐城市,大丰区,江苏盐城市大丰荷兰花海景区,景点景区,国家4A旅游景区。所属地：江苏·盐城市·大丰区。地址：江苏盐城市大丰荷兰花海景区。,33.2644634,120.4315257,wgs84
盐城市大丰港海洋世界景区,4A,江苏,盐城市,大丰区,江苏盐城市大丰港海洋世界景区,景点景区,国家4A旅游景区。所属地：江苏·盐城市·大丰区。地址：江苏盐城市大丰港海洋世界景区。,33.2019565,120.4962608,wgs84
盐城东台市天仙缘景区,4A,江苏,盐城市,东台市,江苏盐城东台市天仙缘景区,景点景区,国家4A旅游景区。所属地：江苏·盐城市·东台市。地址：江苏盐城东台市天仙缘景区。,32.8394166,120.2842813,wgs84
盐城市大丰上海知青纪念馆,4A,江苏,盐城市,大丰区,江苏盐城市大丰上海知青纪念馆,景点景区,国家4A旅游景区。所属地：江苏·盐城市·大丰区。地址：江苏盐城市大丰上海知青纪念馆。,33.2525701,120.5959533,wgs84
盐城市射阳县息心寺景区,4A,江苏,盐城市,射阳县,江苏盐城市射阳县息心寺景区,景点景区,国家4A旅游景区。所属地：江苏·盐城市·射阳县。地址：江苏盐城市射阳县息心寺景区。,33.7898855,120.3373433,wgs84
盐城市阜宁金沙湖旅游景区,4A,江苏,盐城市,阜宁县,江苏盐城市阜宁金沙湖旅游景区,景点景区,国家4A旅游景区。所属地：江苏·盐城市·阜宁县。地址：江苏盐城市阜宁金沙湖旅游景区。,33.7191630,119.8100666,wgs84
盐城新四军纪念馆,4A,江苏,盐城市,亭湖区,江苏盐城新四军纪念馆,景点景区,国家4A旅游景区。所属地：江苏·盐城市·亭湖区。地址：江苏盐城新四军纪念馆。,33.3905421,120.1560832,wgs84
盐城市大纵湖旅游景区,4A,江苏,盐城市,盐都区,江苏盐城市大纵湖旅游景区,景点景区,国家4A旅游景区。所属地：江苏·盐城市·盐都区。地址：江苏盐城市大纵湖旅游景区。,33.1759479,119.8178849,wgs84
盐城市海盐历史文化风景区,4A,江苏,盐城市,亭湖区,江苏盐城市海盐历史文化风景区,景点景区,国家4A旅游景区。所属地：江苏·盐城市·亭湖区。地址：江苏盐城市海盐历史文化风景区。,33.3633500,120.1633689,wgs84
盐城大洋湾景区,4A,江苏,盐城市,亭湖区,江苏盐城大洋湾景区,景点景区,国家4A旅游景区。所属地：江苏·盐城市·亭湖区。地址：江苏盐城大洋湾景区。,33.4259527,120.1824739,wgs84
苏州市黎里古镇,4A,江苏,苏州市,吴江区,江苏苏州市黎里古镇,景点景区,国家4A旅游景区。所属地：江苏·苏州市·吴江区。地址：江苏苏州市黎里古镇。,30.9910504,120.7069517,wgs84
苏州市大阳山国家森林公园,4A,江苏,苏州市,虎丘区,江苏苏州市大阳山国家森林公园,景点景区,国家4A旅游景区。所属地：江苏·苏州市·虎丘区。地址：江苏苏州市大阳山国家森林公园。,31.3458468,120.4601340,wgs84
苏州湾黄金湖岸旅游区,4A,江苏,苏州市,吴江区,江苏苏州湾黄金湖岸旅游区,景点景区,国家4A旅游景区。所属地：江苏·苏州市·吴江区。地址：江苏苏州湾黄金湖岸旅游区。,31.1337452,120.5791253,wgs84
苏州张家港市暨阳湖生态旅游区,4A,江苏,苏州市,张家港市,江苏苏州张家港市暨阳湖生态旅游区,景点景区,国家4A旅游景区。所属地：江苏·苏州市·张家港市。地址：江苏苏州张家港市暨阳湖生态旅游区。,31.8473177,120.5337897,wgs84
苏州常熟市梅李聚沙园景区,4A,江苏,苏州市,常熟市,江苏苏州常熟市梅李聚沙园景区,景点景区,国家4A旅游景区。所属地：江苏·苏州市·常熟市。地址：江苏苏州常熟市梅李聚沙园景区。,31.7073750,120.8669606,wgs84
苏州太仓市沙溪古镇景区,4A,江苏,苏州市,太仓市,江苏苏州太仓市沙溪古镇景区,景点景区,国家4A旅游景区。所属地：江苏·苏州市·太仓市。地址：江苏苏州太仓市沙溪古镇景区。,31.5672531,121.0630122,wgs84
苏州市天池山景区,4A,江苏,苏州市,吴中区,江苏苏州市天池山景区,景点景区,国家4A旅游景区。所属地：江苏·苏州市·吴中区。地址：江苏苏州市天池山景区。,31.2966507,120.4766216,wgs84
苏州张家港市永联小镇景区,4A,江苏,苏州市,张家港市,江苏苏州张家港市永联小镇景区,景点景区,国家4A旅游景区。所属地：江苏·苏州市·张家港市。地址：江苏苏州张家港市永联小镇景区。,31.8475008,120.7058988,wgs84
苏州市光福景区,4A,江苏,苏州市,吴中区,江苏苏州市光福景区,景点景区,国家4A旅游景区。所属地：江苏·苏州市·吴中区。地址：江苏苏州市光福景区。,31.2900603,120.3678294,wgs84
苏州吴江市震泽古镇景区,4A,江苏,苏州市,吴江区,江苏苏州吴江市震泽古镇景区,景点景区,国家4A旅游景区。所属地：江苏·苏州市·吴江区。地址：江苏苏州吴江市震泽古镇景区。,30.9163683,120.5025842,wgs84
苏州张家港市香山景区,4A,江苏,苏州市,张家港市,江苏苏州张家港市香山景区,景点景区,国家4A旅游景区。所属地：江苏·苏州市·张家港市。地址：江苏苏州张家港市香山景区。,31.9333139,120.4039882,wgs84
苏州市中国刺绣艺术馆,4A,江苏,苏州市,虎丘区,江苏苏州市中国刺绣艺术馆,景点景区,国家4A旅游景区。所属地：江苏·苏州市·虎丘区。地址：江苏苏州市中国刺绣艺术馆。,31.3364385,120.3398559,wgs84
苏州市上方山国家森林公园,4A,江苏,苏州市,虎丘区,江苏苏州市上方山国家森林公园,景点景区,国家4A旅游景区。所属地：江苏·苏州市·虎丘区。地址：江苏苏州市上方山国家森林公园。,31.2324774,120.5654482,wgs84
苏州市天平山景区,4A,江苏,苏州市,吴中区,江苏苏州市天平山景区,景点景区,国家4A旅游景区。所属地：江苏·苏州市·吴中区。地址：江苏苏州市天平山景区。,31.2897467,120.4985554,wgs84
苏州市太仓现代农业园,4A,江苏,苏州市,太仓市,江苏苏州市太仓现代农业园,景点景区,国家4A旅游景区。所属地：江苏·苏州市·太仓市。地址：江苏苏州市太仓现代农业园。,31.4598203,121.1257208,wgs84
苏州常熟市蒋巷乡村旅游景区,4A,江苏,苏州市,常熟市,江苏苏州常熟市蒋巷乡村旅游景区,景点景区,国家4A旅游景区。所属地：江苏·苏州市·常熟市。地址：江苏苏州常熟市蒋巷乡村旅游景区。,31.5076091,120.9628732,wgs84
苏州市太湖国家湿地公园,4A,江苏,苏州市,吴中区,江苏苏州市太湖国家湿地公园,景点景区,国家4A旅游景区。所属地：江苏·苏州市·吴中区。地址：江苏苏州市太湖国家湿地公园。,31.2208148,120.4398679,wgs84
苏州市张家港市凤凰山风景区,4A,江苏,苏州市,张家港市,江苏苏州市张家港市凤凰山风景区,景点景区,国家4A旅游景区。所属地：江苏·苏州市·张家港市。地址：江苏苏州市张家港市凤凰山风景区。,31.7751967,120.6437030,wgs84
苏州市平江历史街区,4A,江苏,苏州市,姑苏区,江苏苏州市平江历史街区,景点景区,国家4A旅游景区。所属地：江苏·苏州市·姑苏区。地址：江苏苏州市平江历史街区。,31.3187395,120.5977932,wgs84
苏州市七里山塘景区,4A,江苏,苏州市,姑苏区,江苏苏州市七里山塘景区,景点景区,国家4A旅游景区。所属地：江苏·苏州市·姑苏区。地址：江苏苏州市七里山塘景区。,31.3189904,120.5983714,wgs84
苏州昆山市千灯古镇游览区,4A,江苏,苏州市,昆山市,江苏苏州昆山市千灯古镇游览区,景点景区,国家4A旅游景区。所属地：江苏·苏州市·昆山市。地址：江苏苏州昆山市千灯古镇游览区。,31.2680838,120.9982837,wgs84
苏州市御窑金砖博物馆,4A,江苏,苏州市,相城区,江苏苏州市御窑金砖博物馆,景点景区,国家4A旅游景区。所属地：江苏·苏州市·相城区。地址：江苏苏州市御窑金砖博物馆。,31.3633579,120.6074366,wgs84
苏州常熟市方塔古迹名胜区,4A,江苏,苏州市,常熟市,江苏苏州常熟市方塔古迹名胜区,景点景区,国家4A旅游景区。所属地：江苏·苏州市·常熟市。地址：江苏苏州常熟市方塔古迹名胜区。,31.6563124,120.7480849,wgs84
苏州市白马涧生态园,4A,江苏,苏州市,虎丘区,江苏苏州市白马涧生态园,景点景区,国家4A旅游景区。所属地：江苏·苏州市·虎丘区。地址：江苏苏州市白马涧生态园。,31.3019010,120.4915701,wgs84
苏州市寒山寺,4A,江苏,苏州市,姑苏区,江苏苏州市寒山寺,景点景区,国家4A旅游景区。所属地：江苏·苏州市·姑苏区。地址：江苏苏州市寒山寺。,31.3122339,120.5647934,wgs84
苏州昆山市锦溪古镇,4A,江苏,苏州市,昆山市,江苏苏州昆山市锦溪古镇,景点景区,国家4A旅游景区。所属地：江苏·苏州市·昆山市。地址：江苏苏州昆山市锦溪古镇。,31.1787361,120.8957268,wgs84
苏州昆山市亭林园,4A,江苏,苏州市,昆山市,江苏苏州昆山市亭林园,景点景区,国家4A旅游景区。所属地：江苏·苏州市·昆山市。地址：江苏苏州昆山市亭林园。,31.3929071,120.9454250,wgs84
苏州吴江市静思园,4A,江苏,苏州市,吴江区,江苏苏州吴江市静思园,景点景区,国家4A旅游景区。所属地：江苏·苏州市·吴江区。地址：江苏苏州吴江市静思园。,31.1632937,120.6832434,wgs84
苏州市西山景区,4A,江苏,苏州市,吴中区,江苏苏州市西山景区,景点景区,国家4A旅游景区。所属地：江苏·苏州市·吴中区。地址：江苏苏州市西山景区。,31.1227924,120.2811454,wgs84
苏州市木渎古镇,4A,江苏,苏州市,吴中区,江苏苏州市木渎古镇,景点景区,国家4A旅游景区。所属地：江苏·苏州市·吴中区。地址：江苏苏州市木渎古镇。,31.2563616,120.5001876,wgs84
苏州市盘门景区,4A,江苏,苏州市,姑苏区,江苏苏州市盘门景区,景点景区,国家4A旅游景区。所属地：江苏·苏州市·姑苏区。地址：江苏苏州市盘门景区。,31.2905293,120.6131403,wgs84
苏州市网师园,4A,江苏,苏州市,姑苏区,江苏苏州市网师园,景点景区,国家4A旅游景区。所属地：江苏·苏州市·姑苏区。地址：江苏苏州市网师园。,31.2997777,120.6297688,wgs84
苏州市狮子林,4A,江苏,苏州市,姑苏区,江苏苏州市狮子林,景点景区,国家4A旅游景区。所属地：江苏·苏州市·姑苏区。地址：江苏苏州市狮子林。,31.3120040,120.5986500,wgs84
苏州市甪直古镇游览区,4A,江苏,苏州市,吴江区,江苏苏州市甪直古镇游览区,景点景区,国家4A旅游景区。所属地：江苏·苏州市·吴江区。地址：江苏苏州市甪直古镇游览区。,31.1593176,120.7159796,wgs84
连云港市东海水晶文化旅游区,4A,江苏,连云港市,东海县,江苏连云港市东海水晶文化旅游区,景点景区,国家4A旅游景区。所属地：江苏·连云港市·东海县。地址：江苏连云港市东海水晶文化旅游区。,34.5432054,118.7333168,wgs84
连云港市东海西双湖景区,4A,江苏,连云港市,东海县,江苏连云港市东海西双湖景区,景点景区,国家4A旅游景区。所属地：江苏·连云港市·东海县。地址：江苏连云港市东海西双湖景区。,34.5381937,118.7342366,wgs84
连云港市桃花涧景区,4A,江苏,连云港市,海州区,江苏连云港市桃花涧景区,景点景区,国家4A旅游景区。所属地：江苏·连云港市·海州区。地址：江苏连云港市桃花涧景区。,34.5310349,119.1290442,wgs84
连云港灌南县二郎神文化遗迹公园,4A,江苏,连云港市,灌南县,江苏连云港灌南县二郎神文化遗迹公园,景点景区,国家4A旅游景区。所属地：江苏·连云港市·灌南县。地址：江苏连云港灌南县二郎神文化遗迹公园。,34.1268360,119.3198804,wgs84
连云港市海上云台山景区,4A,江苏,连云港市,连云区,江苏连云港市海上云台山景区,景点景区,国家4A旅游景区。所属地：江苏·连云港市·连云区。地址：江苏连云港市海上云台山景区。,34.6987695,119.4340530,wgs84
连云港市革命纪念馆景区,4A,江苏,连云港市,海州区,江苏连云港市革命纪念馆景区,景点景区,国家4A旅游景区。所属地：江苏·连云港市·海州区。地址：江苏连云港市革命纪念馆景区。,34.5949927,119.2200865,wgs84
连云港市大伊山景区,4A,江苏,连云港市,灌云县,江苏连云港市大伊山景区,景点景区,国家4A旅游景区。所属地：江苏·连云港市·灌云县。地址：江苏连云港市大伊山景区。,34.3069242,119.2401698,wgs84
连云港市渔湾风景区,4A,江苏,连云港市,连云区,江苏连云港市渔湾风景区,景点景区,国家4A旅游景区。所属地：江苏·连云港市·连云区。地址：江苏连云港市渔湾风景区。,34.6451798,119.3302447,wgs84
连云港市孔望山风景区,4A,江苏,连云港市,海州区,江苏连云港市孔望山风景区,景点景区,国家4A旅游景区。所属地：江苏·连云港市·海州区。地址：江苏连云港市孔望山风景区。,34.5655586,119.1707205,wgs84
连云港市连岛旅游度假区,4A,江苏,连云港市,连云区,江苏连云港市连岛旅游度假区,景点景区,国家4A旅游景区。所属地：江苏·连云港市·连云区。地址：江苏连云港市连岛旅游度假区。,34.7605001,119.4655629,wgs84
连云港市灌云县伊甸园景区,4A,江苏,连云港市,灌云县,江苏连云港市灌云县伊甸园景区,景点景区,国家4A旅游景区。所属地：江苏·连云港市·灌云县。地址：江苏连云港市灌云县伊甸园景区。,34.3122308,119.3099586,wgs84
镇江市江苏茶博园,4A,江苏,镇江市,句容市,江苏镇江市江苏茶博园,景点景区,国家4A旅游景区。所属地：江苏·镇江市·句容市。地址：江苏镇江市江苏茶博园。,31.9260465,119.2591836,wgs84
镇江市中国米芾书法公园,4A,江苏,镇江市,丹徒区,江苏镇江市中国米芾书法公园,景点景区,国家4A旅游景区。所属地：江苏·镇江市·丹徒区。地址：江苏镇江市中国米芾书法公园。,32.1283669,119.3822967,wgs84
镇江市中国镇江醋文化博物馆,4A,江苏,镇江市,丹徒区,江苏镇江市中国镇江醋文化博物馆,景点景区,国家4A旅游景区。所属地：江苏·镇江市·丹徒区。地址：江苏镇江市中国镇江醋文化博物馆。,32.1057285,119.4742733,wgs84
镇江市西津渡历史文化街区,4A,江苏,镇江市,润州区,江苏镇江市西津渡历史文化街区,景点景区,国家4A旅游景区。所属地：江苏·镇江市·润州区。地址：江苏镇江市西津渡历史文化街区。,32.2156916,119.4236514,wgs84
镇江市南山风景名胜区,4A,江苏,镇江市,润州区,江苏镇江市南山风景名胜区,景点景区,国家4A旅游景区。所属地：江苏·镇江市·润州区。地址：江苏镇江市南山风景名胜区。,32.1818602,119.4467350,wgs84
镇江市博物馆,4A,江苏,镇江市,润州区,江苏镇江市博物馆,景点景区,国家4A旅游景区。所属地：江苏·镇江市·润州区。地址：江苏镇江市博物馆。,32.2152474,119.4264988,wgs84
镇江市宝华山国家森林公园,4A,江苏,镇江市,扬中市,江苏镇江市宝华山国家森林公园,景点景区,国家4A旅游景区。所属地：江苏·镇江市·扬中市。地址：江苏镇江市宝华山国家森林公园。,32.2244818,119.8374757,wgs84
沈阳“九·一八”历史博物馆,4A,辽宁,沈阳市,大东区,辽宁沈阳市沈阳“九·一八”历史博物馆,景点景区,国家4A旅游景区。所属地：辽宁·沈阳市·大东区。地址：辽宁沈阳市沈阳“九·一八”历史博物馆。,41.8339309,123.4615087,wgs84
沈飞航空博览园,4A,辽宁,沈阳市,皇姑区,辽宁沈阳市沈飞航空博览园,景点景区,国家4A旅游景区。所属地：辽宁·沈阳市·皇姑区。地址：辽宁沈阳市沈飞航空博览园。,41.8612395,123.4269520,wgs84
沈阳三农博览园,4A,辽宁,沈阳市,新民市,辽宁沈阳市沈阳三农博览园,景点景区,国家4A旅游景区。所属地：辽宁·沈阳市·新民市。地址：辽宁沈阳市沈阳三农博览园。,42.1393635,122.7751001,wgs84
老北市景区,4A,辽宁,沈阳市,和平区,辽宁沈阳市老北市景区,景点景区,国家4A旅游景区。所属地：辽宁·沈阳市·和平区。地址：辽宁沈阳市老北市景区。,41.8044562,123.4201423,wgs84
中华寺景区,4A,辽宁,沈阳市,浑南区,辽宁沈阳市中华寺景区,景点景区,国家4A旅游景区。所属地：辽宁·沈阳市·浑南区。地址：辽宁沈阳市中华寺景区。,41.7651792,123.7798019,wgs84
沈阳市植物园（沈阳世博园）,5A,辽宁,沈阳市,浑南区,辽宁沈阳市沈阳市植物园（沈阳世博园）,景点景区,国家5A旅游景区。所属地：辽宁·沈阳市·浑南区。地址：辽宁沈阳市沈阳市植物园（沈阳世博园）。,41.8678406,123.6493249,wgs84
沈阳棋盘山风景区,4A,辽宁,沈阳市,浑南区,辽宁沈阳市沈阳棋盘山风景区,景点景区,国家4A旅游景区。所属地：辽宁·沈阳市·浑南区。地址：辽宁沈阳市沈阳棋盘山风景区。,41.9296044,123.6783558,wgs84
沈阳市北陵公园(清昭陵）,4A,辽宁,沈阳市,皇姑区,辽宁沈阳市沈阳市北陵公园(清昭陵）,景点景区,国家4A旅游景区。所属地：辽宁·沈阳市·皇姑区。地址：辽宁沈阳市沈阳市北陵公园(清昭陵）。,41.8488246,123.4221254,wgs84
沈阳市东陵公园（清福陵）,4A,辽宁,沈阳市,浑南区,辽宁沈阳市沈阳市东陵公园（清福陵）,景点景区,国家4A旅游景区。所属地：辽宁·沈阳市·浑南区。地址：辽宁沈阳市沈阳市东陵公园（清福陵）。,41.8370440,123.5860430,wgs84
沈阳科学宫,4A,辽宁,沈阳市,沈河区,辽宁沈阳市沈阳科学宫,景点景区,国家4A旅游景区。所属地：辽宁·沈阳市·沈河区。地址：辽宁沈阳市沈阳科学宫。,41.7591383,123.4299890,wgs84
沈阳爱新觉罗皇家博物院,4A,辽宁,沈阳市,法库县,辽宁沈阳市沈阳爱新觉罗皇家博物院,景点景区,国家4A旅游景区。所属地：辽宁·沈阳市·法库县。地址：辽宁沈阳市沈阳爱新觉罗皇家博物院。,42.3327542,123.3022113,wgs84
华晨宝马铁西工厂,4A,辽宁,沈阳市,铁西区,辽宁沈阳市华晨宝马铁西工厂,景点景区,国家4A旅游景区。所属地：辽宁·沈阳市·铁西区。地址：辽宁沈阳市华晨宝马铁西工厂。,41.6752307,123.1542734,wgs84
沈阳工业博物馆,4A,辽宁,沈阳市,铁西区,辽宁沈阳市沈阳工业博物馆,景点景区,国家4A旅游景区。所属地：辽宁·沈阳市·铁西区。地址：辽宁沈阳市沈阳工业博物馆。,41.8188674,123.3491633,wgs84
稻梦空间,4A,辽宁,沈阳市,沈北新区,辽宁沈阳市稻梦空间,景点景区,国家4A旅游景区。所属地：辽宁·沈阳市·沈北新区。地址：辽宁沈阳市稻梦空间。,42.0744121,123.2942752,wgs84
沈阳方特欢乐世界,4A,辽宁,沈阳市,沈北新区,辽宁沈阳市沈阳方特欢乐世界,景点景区,国家4A旅游景区。所属地：辽宁·沈阳市·沈北新区。地址：辽宁沈阳市沈阳方特欢乐世界。,41.9613752,123.4127389,wgs84
张学良旧居陈列馆,4A,辽宁,沈阳市,沈河区,辽宁沈阳市张学良旧居陈列馆,景点景区,国家4A旅游景区。所属地：辽宁·沈阳市·沈河区。地址：辽宁沈阳市张学良旧居陈列馆。,41.7921049,123.4517797,wgs84
沈阳怪坡风景区,4A,辽宁,沈阳市,沈北新区,辽宁沈阳市沈阳怪坡风景区,景点景区,国家4A旅游景区。所属地：辽宁·沈阳市·沈北新区。地址：辽宁沈阳市沈阳怪坡风景区。,42.0584380,123.6299108,wgs84
沈阳故宫,4A,辽宁,沈阳市,沈河区,辽宁沈阳市沈阳故宫,景点景区,国家4A旅游景区。所属地：辽宁·沈阳市·沈河区。地址：辽宁沈阳市沈阳故宫。,41.7949436,123.4482390,wgs84
沈阳森林动物园,4A,辽宁,沈阳市,浑南区,辽宁沈阳市沈阳森林动物园,景点景区,国家4A旅游景区。所属地：辽宁·沈阳市·浑南区。地址：辽宁沈阳市沈阳森林动物园。,41.9262785,123.6782136,wgs84
大连七彩南山景区,4A,辽宁,大连市,旅顺口区,辽宁大连市大连七彩南山景区,景点景区,国家4A旅游景区。所属地：辽宁·大连市·旅顺口区。地址：辽宁大连市大连七彩南山景区。,38.8417047,121.2522420,wgs84
辽宁省大连市大连博物馆,4A,辽宁,大连市,沙河口区,辽宁大连市 大连市大连博物馆,景点景区,国家4A旅游景区。所属地：辽宁·大连市·沙河口区。地址：辽宁大连市 大连市大连博物馆。,38.8880920,121.5808929,wgs84
辽宁省大连市沙河口区大连自然博物馆,4A,辽宁,大连市,沙河口区,辽宁大连市 大连市沙河口区大连自然博物馆,景点景区,国家4A旅游景区。所属地：辽宁·大连市·沙河口区。地址：辽宁大连市 大连市沙河口区大连自然博物馆。,38.8695997,121.5565724,wgs84
辽宁省大连市金州区大连铭湖度假景区,4A,辽宁,大连市,金州区,辽宁大连市 大连市金州区大连铭湖度假景区,景点景区,国家4A旅游景区。所属地：辽宁·大连市·金州区。地址：辽宁大连市 大连市金州区大连铭湖度假景区。,39.4972104,121.7961684,wgs84
大连棒棰岛宾馆景区,4A,辽宁,大连市,中山区,辽宁大连市大连棒棰岛宾馆景区,景点景区,国家4A旅游景区。所属地：辽宁·大连市·中山区。地址：辽宁大连市大连棒棰岛宾馆景区。,38.8938158,121.7089152,wgs84
辽宁省大连市普兰店市平岛辽参小镇生态旅游景区,4A,辽宁,大连市,普兰店区,辽宁大连市 大连市普兰店市平岛辽参小镇生态旅游景区,景点景区,国家4A旅游景区。所属地：辽宁·大连市·普兰店区。地址：辽宁大连市 大连市普兰店市平岛辽参小镇生态旅游景区。,39.3361816,122.3385112,wgs84
辽宁省大连市金石滩景区,5A,辽宁,大连市,金州区,辽宁大连市 大连市金石滩景区,景点景区,国家5A旅游景区。所属地：辽宁·大连市·金州区。地址：辽宁大连市 大连市金石滩景区。,39.0950277,121.9903105,wgs84
辽宁省大连市西岗区大连武术文化博物馆景区,4A,辽宁,大连市,西岗区,辽宁大连市 大连市西岗区大连武术文化博物馆景区,景点景区,国家4A旅游景区。所属地：辽宁·大连市·西岗区。地址：辽宁大连市 大连市西岗区大连武术文化博物馆景区。,38.8742725,121.6239940,wgs84
大连森林动物园,4A,辽宁,大连市,西岗区,辽宁大连市大连森林动物园,景点景区,国家4A旅游景区。所属地：辽宁·大连市·西岗区。地址：辽宁大连市大连森林动物园。,38.8829502,121.6039014,wgs84
辽宁省大连市普兰店区世外俭汤旅游景区,4A,辽宁,大连市,普兰店区,辽宁大连市 大连市普兰店区世外俭汤旅游景区,景点景区,国家4A旅游景区。所属地：辽宁·大连市·普兰店区。地址：辽宁大连市 大连市普兰店区世外俭汤旅游景区。,39.9088420,122.4161781,wgs84
大连老虎滩海洋公园,5A,辽宁,大连市,中山区,辽宁大连市大连老虎滩海洋公园,景点景区,国家5A旅游景区。所属地：辽宁·大连市·中山区。地址：辽宁大连市大连老虎滩海洋公园。,38.8708265,121.6703707,wgs84
辽宁省大连市旅顺口区东鸡冠山景区,4A,辽宁,大连市,旅顺口区,辽宁大连市 大连市旅顺口区东鸡冠山景区,景点景区,国家4A旅游景区。所属地：辽宁·大连市·旅顺口区。地址：辽宁大连市 大连市旅顺口区东鸡冠山景区。,38.8316003,121.2779593,wgs84
辽宁省大连市旅顺口区白玉山景区,4A,辽宁,大连市,旅顺口区,辽宁大连市 大连市旅顺口区白玉山景区,景点景区,国家4A旅游景区。所属地：辽宁·大连市·旅顺口区。地址：辽宁大连市 大连市旅顺口区白玉山景区。,38.8118019,121.2504778,wgs84
辽宁省大连市瓦房店市仙浴湾旅游度假区,4A,辽宁,大连市,瓦房店市,辽宁大连市 大连市瓦房店市仙浴湾旅游度假区,景点景区,国家4A旅游景区。所属地：辽宁·大连市·瓦房店市。地址：辽宁大连市 大连市瓦房店市仙浴湾旅游度假区。,39.7175197,121.4897793,wgs84
大连市安波旅游景区,4A,辽宁,大连市,旅顺口区,辽宁大连市大连市安波旅游景区,景点景区,国家4A旅游景区。所属地：辽宁·大连市·旅顺口区。地址：辽宁大连市大连市安波旅游景区。,38.8035019,121.2538949,wgs84
辽宁省大连市沙河口区大连圣亚海洋世界,4A,辽宁,大连市,沙河口区,辽宁大连市 大连市沙河口区大连圣亚海洋世界,景点景区,国家4A旅游景区。所属地：辽宁·大连市·沙河口区。地址：辽宁大连市 大连市沙河口区大连圣亚海洋世界。,38.8787844,121.5667038,wgs84
辽宁省大连市瓦房店市将军石旅游景区,4A,辽宁,大连市,瓦房店市,辽宁大连市 大连市瓦房店市将军石旅游景区,景点景区,国家4A旅游景区。所属地：辽宁·大连市·瓦房店市。地址：辽宁大连市 大连市瓦房店市将军石旅游景区。,39.9201783,121.6758309,wgs84
辽宁省大连市旅顺口区大连横山北普陀主题文化公园景区,4A,辽宁,大连市,旅顺口区,辽宁大连市 大连市旅顺口区大连横山北普陀主题文化公园景区,景点景区,国家4A旅游景区。所属地：辽宁·大连市·旅顺口区。地址：辽宁大连市 大连市旅顺口区大连横山北普陀主题文化公园景区。,38.8745961,121.4115621,wgs84
大连旅顺潜艇博物馆景区,4A,辽宁,大连市,旅顺口区,辽宁大连市大连旅顺潜艇博物馆景区,景点景区,国家4A旅游景区。所属地：辽宁·大连市·旅顺口区。地址：辽宁大连市大连旅顺潜艇博物馆景区。,38.7944236,121.2677658,wgs84
辽宁省大连市庄河市海王九岛旅游度假区,4A,辽宁,大连市,庄河市,辽宁大连市 大连市庄河市海王九岛旅游度假区,景点景区,国家4A旅游景区。所属地：辽宁·大连市·庄河市。地址：辽宁大连市 大连市庄河市海王九岛旅游度假区。,39.4407187,123.0803538,wgs84
辽宁省大连市金州区关向应纪念馆景区,4A,辽宁,大连市,金州区,辽宁大连市 大连市金州区关向应纪念馆景区,景点景区,国家4A旅游景区。所属地：辽宁·大连市·金州区。地址：辽宁大连市 大连市金州区关向应纪念馆景区。,39.2827287,121.9346145,wgs84
大连冰峪省级旅游度假区,4A,辽宁,大连市,金州区,辽宁大连市大连冰峪 级旅游度假区,景点景区,国家4A旅游景区。所属地：辽宁·大连市·金州区。地址：辽宁大连市大连冰峪 级旅游度假区。,39.1009169,121.9822261,wgs84
大连英歌石植物园,4A,辽宁,大连市,旅顺口区,辽宁大连市大连英歌石植物园,景点景区,国家4A旅游景区。所属地：辽宁·大连市·旅顺口区。地址：辽宁大连市大连英歌石植物园。,38.8947441,121.3531778,wgs84
大连香洲田园城旅游景区,4A,辽宁,大连市,瓦房店市,辽宁大连市大连香洲田园城旅游景区,景点景区,国家4A旅游景区。所属地：辽宁·大连市·瓦房店市。地址：辽宁大连市大连香洲田园城旅游景区。,39.4583431,121.5503954,wgs84
旅顺日俄监狱旧址博物馆,4A,辽宁,大连市,旅顺口区,辽宁大连市旅顺日俄监狱旧址博物馆,景点景区,国家4A旅游景区。所属地：辽宁·大连市·旅顺口区。地址：辽宁大连市旅顺日俄监狱旧址博物馆。,38.8244408,121.2607911,wgs84
辽宁省大连市甘井子区西郊森林公园景区,4A,辽宁,大连市,甘井子区,辽宁大连市 大连市甘井子区西郊森林公园景区,景点景区,国家4A旅游景区。所属地：辽宁·大连市·甘井子区。地址：辽宁大连市 大连市甘井子区西郊森林公园景区。,38.9524341,121.5203449,wgs84
紫云花汐薰衣草庄园景区,4A,辽宁,大连市,金州区,辽宁大连市紫云花汐薰衣草庄园景区,景点景区,国家4A旅游景区。所属地：辽宁·大连市·金州区。地址：辽宁大连市紫云花汐薰衣草庄园景区。,39.3018084,121.9126076,wgs84
辽宁省大连市庄河市天门山景区,4A,辽宁,大连市,庄河市,辽宁大连市 大连市庄河市天门山景区,景点景区,国家4A旅游景区。所属地：辽宁·大连市·庄河市。地址：辽宁大连市 大连市庄河市天门山景区。,39.6795720,122.9621485,wgs84
鞍山市山水庄园度假旅游景区,4A,辽宁,鞍山市,立山区,辽宁鞍山市鞍山市山水庄园度假旅游景区,景点景区,国家4A旅游景区。所属地：辽宁·鞍山市·立山区。地址：辽宁鞍山市鞍山市山水庄园度假旅游景区。,41.0551516,123.2039293,wgs84
辽宁省鞍山市玉佛苑景区,4A,辽宁,鞍山市,铁东区,辽宁鞍山市 鞍山市玉佛苑景区,景点景区,国家4A旅游景区。所属地：辽宁·鞍山市·铁东区。地址：辽宁鞍山市 鞍山市玉佛苑景区。,41.1007756,123.0079660,wgs84
鞍山佳宁欢乐谷景区,4A,辽宁,鞍山市,铁东区,辽宁鞍山市鞍山佳宁欢乐谷景区,景点景区,国家4A旅游景区。所属地：辽宁·鞍山市·铁东区。地址：辽宁鞍山市鞍山佳宁欢乐谷景区。,41.0664499,122.9610191,wgs84
辽宁省鞍山市海城市天源农业景区,4A,辽宁,鞍山市,海城市,辽宁鞍山市 鞍山市海城市天源农业景区,景点景区,国家4A旅游景区。所属地：辽宁·鞍山市·海城市。地址：辽宁鞍山市 鞍山市海城市天源农业景区。,40.8807196,122.6800528,wgs84
辽宁省鞍山市千山区祥和度假庄园景区,4A,辽宁,鞍山市,千山区,辽宁鞍山市 鞍山市千山区祥和度假庄园景区,景点景区,国家4A旅游景区。所属地：辽宁·鞍山市·千山区。地址：辽宁鞍山市 鞍山市千山区祥和度假庄园景区。,41.0299224,122.8683039,wgs84
千山老院子景区,4A,辽宁,鞍山市,铁东区,辽宁鞍山市千山老院子景区,景点景区,国家4A旅游景区。所属地：辽宁·鞍山市·铁东区。地址：辽宁鞍山市千山老院子景区。,41.0712222,122.9540274,wgs84
辽宁省鞍山市岫岩满族自治县龙泉湖旅游度假风景区,4A,辽宁,鞍山市,岫岩满族自治县,辽宁鞍山市 鞍山市岫岩满族自治县龙泉湖旅游度假风景区,景点景区,国家4A旅游景区。所属地：辽宁·鞍山市·岫岩满族自治县。地址：辽宁鞍山市 鞍山市岫岩满族自治县龙泉湖旅游度假风景区。,40.1754723,123.2043309,wgs84
御汤泉旅游度假区,4A,辽宁,鞍山市,千山区,辽宁鞍山市御汤泉旅游度假区,景点景区,国家4A旅游景区。所属地：辽宁·鞍山市·千山区。地址：辽宁鞍山市御汤泉旅游度假区。,41.0250216,122.9029869,wgs84
龙潭湾风景区,4A,辽宁,鞍山市,岫岩满族自治县,辽宁鞍山市龙潭湾风景区,景点景区,国家4A旅游景区。所属地：辽宁·鞍山市·岫岩满族自治县。地址：辽宁鞍山市龙潭湾风景区。,40.1776832,123.0322152,wgs84
辽宁省鞍山市岫岩满族自治县清凉山风景区,4A,辽宁,鞍山市,岫岩满族自治县,辽宁鞍山市 鞍山市岫岩满族自治县清凉山风景区,景点景区,国家4A旅游景区。所属地：辽宁·鞍山市·岫岩满族自治县。地址：辽宁鞍山市 鞍山市岫岩满族自治县清凉山风景区。,40.5672147,123.6721932,wgs84
辽宁省鞍山市铁西区鞍钢博物馆景区,4A,辽宁,鞍山市,铁西区,辽宁鞍山市 鞍山市铁西区鞍钢博物馆景区,景点景区,国家4A旅游景区。所属地：辽宁·鞍山市·铁西区。地址：辽宁鞍山市 鞍山市铁西区鞍钢博物馆景区。,41.1200548,122.9816517,wgs84
辽宁千山景区,5A,辽宁,鞍山市,铁东区,辽宁鞍山市辽宁千山景区,景点景区,国家5A旅游景区。所属地：辽宁·鞍山市·铁东区。地址：辽宁鞍山市辽宁千山景区。,41.0138476,123.1359529,wgs84
双龙山旅游景区,4A,辽宁,鞍山市,千山区,辽宁鞍山市双龙山旅游景区,景点景区,国家4A旅游景区。所属地：辽宁·鞍山市·千山区。地址：辽宁鞍山市双龙山旅游景区。,41.0672748,122.9028668,wgs84
辽宁省鞍山市汤岗子温泉旅游度假区,4A,辽宁,鞍山市,千山区,辽宁鞍山市 鞍山市汤岗子温泉旅游度假区,景点景区,国家4A旅游景区。所属地：辽宁·鞍山市·千山区。地址：辽宁鞍山市 鞍山市汤岗子温泉旅游度假区。,41.0061557,122.9031431,wgs84
辽宁省抚顺市望花区雷锋纪念馆景区,4A,辽宁,抚顺市,望花区,辽宁抚顺市 抚顺市望花区雷锋纪念馆景区,景点景区,国家4A旅游景区。所属地：辽宁·抚顺市·望花区。地址：辽宁抚顺市 抚顺市望花区雷锋纪念馆景区。,41.8479277,123.7960188,wgs84
辽宁省抚顺市抚顺县抚顺三块石公园,4A,辽宁,抚顺市,抚顺县,辽宁抚顺市 抚顺市抚顺县抚顺三块石公园,景点景区,国家4A旅游景区。所属地：辽宁·抚顺市·抚顺县。地址：辽宁抚顺市 抚顺市抚顺县抚顺三块石公园。,41.7312235,124.3604926,wgs84
辽宁天女山森林公园,4A,辽宁,抚顺市,抚顺县,辽宁抚顺市辽宁天女山森林公园,景点景区,国家4A旅游景区。所属地：辽宁·抚顺市·抚顺县。地址：辽宁抚顺市辽宁天女山森林公园。,41.5719284,124.3430856,wgs84
沈抚示范区皇家海洋乐园,4A,辽宁,沈阳市,于洪区,辽宁沈抚示范区沈抚示范区皇家海洋乐园,景点景区,国家4A旅游景区。所属地：辽宁·沈阳市·于洪区。地址：辽宁沈抚示范区沈抚示范区皇家海洋乐园。,41.7517008,123.3375022,wgs84
辽宁省沈抚改革创新示范区丰远热高乐园景区,4A,辽宁,抚顺市,望花区,辽宁沈抚示范区 沈抚改革创新示范区丰远热高乐园景区,景点景区,国家4A旅游景区。所属地：辽宁·抚顺市·望花区。地址：辽宁沈抚示范区 沈抚改革创新示范区丰远热高乐园景区。,41.8813309,123.7332305,wgs84
和睦森林公园,4A,辽宁,抚顺市,新宾满族自治县,辽宁抚顺市和睦森林公园,景点景区,国家4A旅游景区。所属地：辽宁·抚顺市·新宾满族自治县。地址：辽宁抚顺市和睦森林公园。,41.7626874,124.6945355,wgs84
赫图阿拉城旅游景区,4A,辽宁,抚顺市,新宾满族自治县,辽宁抚顺市赫图阿拉城旅游景区,景点景区,国家4A旅游景区。所属地：辽宁·抚顺市·新宾满族自治县。地址：辽宁抚顺市赫图阿拉城旅游景区。,41.7019948,124.8596079,wgs84
辽宁省抚顺市清原满族自治县枸乃甸乡筐子沟村筐子沟景区,4A,辽宁,抚顺市,清原满族自治县,辽宁抚顺市 抚顺市清原满族自治县枸乃甸乡筐子沟村筐子沟景区,景点景区,国家4A旅游景区。所属地：辽宁·抚顺市·清原满族自治县。地址：辽宁抚顺市 抚顺市清原满族自治县枸乃甸乡筐子沟村筐子沟景区。,42.1425924,124.8127615,wgs84
红河峡谷漂流景区,4A,辽宁,抚顺市,清原满族自治县,辽宁抚顺市红河峡谷漂流景区,景点景区,国家4A旅游景区。所属地：辽宁·抚顺市·清原满族自治县。地址：辽宁抚顺市红河峡谷漂流景区。,41.9901491,124.8973234,wgs84
本溪水洞景区,5A,辽宁,本溪市,本溪满族自治县,辽宁本溪市本溪水洞景区,景点景区,国家5A旅游景区。所属地：辽宁·本溪市·本溪满族自治县。地址：辽宁本溪市本溪水洞景区。,41.2763039,124.0663319,wgs84
小市一庄景区,4A,辽宁,本溪市,本溪满族自治县,辽宁本溪市小市一庄景区,景点景区,国家4A旅游景区。所属地：辽宁·本溪市·本溪满族自治县。地址：辽宁本溪市小市一庄景区。,41.2982362,124.0527062,wgs84
铁刹山风景区,4A,辽宁,本溪市,本溪满族自治县,辽宁本溪市铁刹山风景区,景点景区,国家4A旅游景区。所属地：辽宁·本溪市·本溪满族自治县。地址：辽宁本溪市铁刹山风景区。,41.3123164,124.3361895,wgs84
汤池沟绿石谷森林公园,4A,辽宁,本溪市,本溪满族自治县,辽宁本溪市汤池沟绿石谷森林公园,景点景区,国家4A旅游景区。所属地：辽宁·本溪市·本溪满族自治县。地址：辽宁本溪市汤池沟绿石谷森林公园。,41.0805224,124.2031494,wgs84
关门山森林公园,4A,辽宁,本溪市,本溪满族自治县,辽宁本溪市关门山森林公园,景点景区,国家4A旅游景区。所属地：辽宁·本溪市·本溪满族自治县。地址：辽宁本溪市关门山森林公园。,41.1505333,124.1449252,wgs84
大石湖风景区,4A,辽宁,本溪市,本溪满族自治县,辽宁本溪市大石湖风景区,景点景区,国家4A旅游景区。所属地：辽宁·本溪市·本溪满族自治县。地址：辽宁本溪市大石湖风景区。,41.1169378,124.4892678,wgs84
本溪关山湖风景区,4A,辽宁,本溪市,本溪满族自治县,辽宁本溪市本溪关山湖风景区,景点景区,国家4A旅游景区。所属地：辽宁·本溪市·本溪满族自治县。地址：辽宁本溪市本溪关山湖风景区。,41.2996053,124.1143897,wgs84
大雅河漂流景区,4A,辽宁,本溪市,桓仁满族自治县,辽宁本溪市大雅河漂流景区,景点景区,国家4A旅游景区。所属地：辽宁·本溪市·桓仁满族自治县。地址：辽宁本溪市大雅河漂流景区。,41.1567972,125.0874749,wgs84
五女山景区,4A,辽宁,本溪市,桓仁满族自治县,辽宁本溪市五女山景区,景点景区,国家4A旅游景区。所属地：辽宁·本溪市·桓仁满族自治县。地址：辽宁本溪市五女山景区。,41.3244181,125.4071867,wgs84
虎谷峡景区,4A,辽宁,本溪市,桓仁满族自治县,辽宁本溪市虎谷峡景区,景点景区,国家4A旅游景区。所属地：辽宁·本溪市·桓仁满族自治县。地址：辽宁本溪市虎谷峡景区。,41.1797427,125.3593082,wgs84
枫林谷森林公园,4A,辽宁,本溪市,桓仁满族自治县,辽宁本溪市枫林谷森林公园,景点景区,国家4A旅游景区。所属地：辽宁·本溪市·桓仁满族自治县。地址：辽宁本溪市枫林谷森林公园。,41.1185464,125.2000812,wgs84
大冰沟森林公园,4A,辽宁,本溪市,南芬区,辽宁本溪市大冰沟森林公园,景点景区,国家4A旅游景区。所属地：辽宁·本溪市·南芬区。地址：辽宁本溪市大冰沟森林公园。,41.0958822,123.9033925,wgs84
本溪大峡谷景区,4A,辽宁,本溪市,本溪满族自治县,辽宁本溪市本溪大峡谷景区,景点景区,国家4A旅游景区。所属地：辽宁·本溪市·本溪满族自治县。地址：辽宁本溪市本溪大峡谷景区。,41.1408455,124.1260279,wgs84
抗美援朝纪念馆,4A,辽宁,丹东市,振兴区,辽宁丹东市抗美援朝纪念馆,景点景区,国家4A旅游景区。所属地：辽宁·丹东市·振兴区。地址：辽宁丹东市抗美援朝纪念馆。,40.1175153,124.3590304,wgs84
鸭绿江景区,4A,辽宁,丹东市,振兴区,辽宁丹东市鸭绿江景区,景点景区,国家4A旅游景区。所属地：辽宁·丹东市·振兴区。地址：辽宁丹东市鸭绿江景区。,40.1213605,124.3917487,wgs84
辽宁省丹东市凤城市大梨树生态农业观光旅游区,4A,辽宁,丹东市,凤城市,辽宁丹东市 丹东市凤城市大梨树生态农业观光旅游区,景点景区,国家4A旅游景区。所属地：辽宁·丹东市·凤城市。地址：辽宁丹东市 丹东市凤城市大梨树生态农业观光旅游区。,40.4001754,123.9576235,wgs84
辽宁省丹东市宽甸满族自治县天桥沟景区,4A,辽宁,丹东市,宽甸满族自治县,辽宁丹东市 丹东市宽甸满族自治县天桥沟景区,景点景区,国家4A旅游景区。所属地：辽宁·丹东市·宽甸满族自治县。地址：辽宁丹东市 丹东市宽甸满族自治县天桥沟景区。,40.5351727,124.7201475,wgs84
辽宁省丹东市凤城市凤凰山风景区,4A,辽宁,丹东市,凤城市,辽宁丹东市 丹东市凤城市凤凰山风景区,景点景区,国家4A旅游景区。所属地：辽宁·丹东市·凤城市。地址：辽宁丹东市 丹东市凤城市凤凰山风景区。,40.4317280,124.0641455,wgs84
辽宁省丹东市宽甸满族自治县天华山森林公园,4A,辽宁,丹东市,宽甸满族自治县,辽宁丹东市 丹东市宽甸满族自治县天华山森林公园,景点景区,国家4A旅游景区。所属地：辽宁·丹东市·宽甸满族自治县。地址：辽宁丹东市 丹东市宽甸满族自治县天华山森林公园。,41.0747214,124.5797071,wgs84
辽宁省丹东市东港市大鹿岛甲午海战古战场景区,4A,辽宁,丹东市,东港市,辽宁丹东市 丹东市东港市大鹿岛甲午海战古战场景区,景点景区,国家4A旅游景区。所属地：辽宁·丹东市·东港市。地址：辽宁丹东市 丹东市东港市大鹿岛甲午海战古战场景区。,39.7573732,123.7215967,wgs84
辽宁省丹东市东港市獐岛风景区,4A,辽宁,丹东市,东港市,辽宁丹东市 丹东市东港市獐岛风景区,景点景区,国家4A旅游景区。所属地：辽宁·丹东市·东港市。地址：辽宁丹东市 丹东市东港市獐岛风景区。,39.7914678,123.8119587,wgs84
蒲石河森林公园景区,4A,辽宁,丹东市,凤城市,辽宁丹东市蒲石河森林公园景区,景点景区,国家4A旅游景区。所属地：辽宁·丹东市·凤城市。地址：辽宁丹东市蒲石河森林公园景区。,41.0125019,124.2847289,wgs84
辽宁省锦州市北镇大朝阳温泉山城旅游区,4A,辽宁,锦州市,北镇市,辽宁锦州市 锦州市北镇大朝阳温泉山城旅游区,景点景区,国家4A旅游景区。所属地：辽宁·锦州市·北镇市。地址：辽宁锦州市 锦州市北镇大朝阳温泉山城旅游区。,41.5993953,121.7075847,wgs84
锦州市北镇医巫闾山大芦花风景区,4A,辽宁,锦州市,北镇市,辽宁锦州市锦州市北镇医巫闾山大芦花风景区,景点景区,国家4A旅游景区。所属地：辽宁·锦州市·北镇市。地址：辽宁锦州市锦州市北镇医巫闾山大芦花风景区。,41.5131502,121.6381425,wgs84
辽宁省锦州市北镇市医巫闾山风景区,4A,辽宁,锦州市,义县,辽宁锦州市 锦州市北镇市医巫闾山风景区,景点景区,国家4A旅游景区。所属地：辽宁·锦州市·义县。地址：辽宁锦州市 锦州市北镇市医巫闾山风景区。,41.4853440,121.6047979,wgs84
锦州市北镇青岩寺景区,4A,辽宁,锦州市,北镇市,辽宁锦州市锦州市北镇青岩寺景区,景点景区,国家4A旅游景区。所属地：辽宁·锦州市·北镇市。地址：辽宁锦州市锦州市北镇青岩寺景区。,41.4718994,121.6164540,wgs84
辽宁省锦州市滨海新区锦州世博园,4A,辽宁,锦州市,太和区,辽宁锦州市 锦州市滨海新区锦州世博园,景点景区,国家4A旅游景区。所属地：辽宁·锦州市·太和区。地址：辽宁锦州市 锦州市滨海新区锦州世博园。,40.8531859,121.0679607,wgs84
辽宁省锦州市滨海新区笔架山风景区,4A,辽宁,锦州市,太和区,辽宁锦州市 锦州市滨海新区笔架山风景区,景点景区,国家4A旅游景区。所属地：辽宁·锦州市·太和区。地址：辽宁锦州市 锦州市滨海新区笔架山风景区。,40.8276784,121.0674629,wgs84
辽宁省锦州市北普陀山景区,4A,辽宁,锦州市,古塔区,辽宁锦州市 锦州市北普陀山景区,景点景区,国家4A旅游景区。所属地：辽宁·锦州市·古塔区。地址：辽宁锦州市 锦州市北普陀山景区。,41.1601818,121.0555035,wgs84
锦州市博物馆,4A,辽宁,锦州市,古塔区,辽宁锦州市锦州市博物馆,景点景区,国家4A旅游景区。所属地：辽宁·锦州市·古塔区。地址：辽宁锦州市锦州市博物馆。,41.1094918,121.1192978,wgs84
辽宁省锦州市凌海市岩井寺旅游景区,4A,辽宁,锦州市,凌海市,辽宁锦州市 锦州市凌海市岩井寺旅游景区,景点景区,国家4A旅游景区。所属地：辽宁·锦州市·凌海市。地址：辽宁锦州市 锦州市凌海市岩井寺旅游景区。,41.1713141,121.3520821,wgs84
辽宁省锦州市凌海市辽西九华山风景区,4A,辽宁,锦州市,凌海市,辽宁锦州市 锦州市凌海市辽西九华山风景区,景点景区,国家4A旅游景区。所属地：辽宁·锦州市·凌海市。地址：辽宁锦州市 锦州市凌海市辽西九华山风景区。,41.1561297,121.3336603,wgs84
锦州市东方华地温泉湿地旅游区,4A,辽宁,锦州市,黑山县,辽宁锦州市锦州市东方华地温泉湿地旅游区,景点景区,国家4A旅游景区。所属地：辽宁·锦州市·黑山县。地址：辽宁锦州市锦州市东方华地温泉湿地旅游区。,41.9082020,122.0891421,wgs84
辽沈战役纪念馆,4A,辽宁,锦州市,凌河区,辽宁锦州市辽沈战役纪念馆,景点景区,国家4A旅游景区。所属地：辽宁·锦州市·凌河区。地址：辽宁锦州市辽沈战役纪念馆。,41.1273206,121.1425457,wgs84
辽宁省锦州市义县奉国寺景区,4A,辽宁,锦州市,义县,辽宁锦州市 锦州市义县奉国寺景区,景点景区,国家4A旅游景区。所属地：辽宁·锦州市·义县。地址：辽宁锦州市 锦州市义县奉国寺景区。,41.5425478,121.2424434,wgs84
辽宁省营口市仙人岛白沙湾黄金海岸景区,4A,辽宁,营口市,盖州市,辽宁营口市 营口市仙人岛白沙湾黄金海岸景区,景点景区,国家4A旅游景区。所属地：辽宁·营口市·盖州市。地址：辽宁营口市 营口市仙人岛白沙湾黄金海岸景区。,40.1266694,122.0062077,wgs84
辽宁团山国家级海洋公园景区,4A,辽宁,营口市,盖州市,辽宁营口市辽宁团山国家级海洋公园景区,景点景区,国家4A旅游景区。所属地：辽宁·营口市·盖州市。地址：辽宁营口市辽宁团山国家级海洋公园景区。,40.4060428,122.2053733,wgs84
营口虹溪谷旅游度假区,4A,辽宁,营口市,盖州市,辽宁营口市营口虹溪谷旅游度假区,景点景区,国家4A旅游景区。所属地：辽宁·营口市·盖州市。地址：辽宁营口市营口虹溪谷旅游度假区。,40.2409566,122.2464034,wgs84
辽宁省营口市盖州市万福赤山旅游景区,4A,辽宁,营口市,盖州市,辽宁营口市 营口市盖州市万福赤山旅游景区,景点景区,国家4A旅游景区。所属地：辽宁·营口市·盖州市。地址：辽宁营口市 营口市盖州市万福赤山旅游景区。,40.0956878,122.6173171,wgs84
辽宁省营口市鲅鱼圈区月亮湖公园,4A,辽宁,营口市,鲅鱼圈区,辽宁营口市 营口市鲅鱼圈区月亮湖公园,景点景区,国家4A旅游景区。所属地：辽宁·营口市·鲅鱼圈区。地址：辽宁营口市 营口市鲅鱼圈区月亮湖公园。,40.2337583,122.1034241,wgs84
辽宁省营口市鲅鱼圈区望儿山景区,4A,辽宁,营口市,鲅鱼圈区,辽宁营口市 营口市鲅鱼圈区望儿山景区,景点景区,国家4A旅游景区。所属地：辽宁·营口市·鲅鱼圈区。地址：辽宁营口市 营口市鲅鱼圈区望儿山景区。,40.1883915,122.1679234,wgs84
阜新万人坑死难矿工纪念馆,4A,辽宁,阜新市,太平区,辽宁阜新市阜新万人坑死难矿工纪念馆,景点景区,国家4A旅游景区。所属地：辽宁·阜新市·太平区。地址：辽宁阜新市阜新万人坑死难矿工纪念馆。,41.9766122,121.6977232,wgs84
阜新海棠山风景区,4A,辽宁,阜新市,阜新蒙古族自治县,辽宁阜新市阜新海棠山风景区,景点景区,国家4A旅游景区。所属地：辽宁·阜新市·阜新蒙古族自治县。地址：辽宁阜新市阜新海棠山风景区。,41.9188226,121.8170013,wgs84
阜新宝地斯帕温泉度假区,4A,辽宁,阜新市,阜新蒙古族自治县,辽宁阜新市阜新宝地斯帕温泉度假区,景点景区,国家4A旅游景区。所属地：辽宁·阜新市·阜新蒙古族自治县。地址：辽宁阜新市阜新宝地斯帕温泉度假区。,41.9401410,121.5449688,wgs84
阜新瑞应寺风景区,4A,辽宁,阜新市,阜新蒙古族自治县,辽宁阜新市阜新瑞应寺风景区,景点景区,国家4A旅游景区。所属地：辽宁·阜新市·阜新蒙古族自治县。地址：辽宁阜新市阜新瑞应寺风景区。,41.9353467,121.4416807,wgs84
阜新黄家沟旅游度假区,4A,辽宁,阜新市,细河区,辽宁阜新市阜新黄家沟旅游度假区,景点景区,国家4A旅游景区。所属地：辽宁·阜新市·细河区。地址：辽宁阜新市阜新黄家沟旅游度假区。,42.0638862,121.6071994,wgs84
辽阳市雷锋纪念馆,4A,辽宁,辽阳市,白塔区,辽宁辽阳市辽阳市雷锋纪念馆,景点景区,国家4A旅游景区。所属地：辽宁·辽阳市·白塔区。地址：辽宁辽阳市辽阳市雷锋纪念馆。,41.2792042,123.1630387,wgs84
佟二堡购物旅游区,4A,辽宁,辽阳市,灯塔市,辽宁辽阳市佟二堡购物旅游区,景点景区,国家4A旅游景区。所属地：辽宁·辽阳市·灯塔市。地址：辽宁辽阳市佟二堡购物旅游区。,41.4398529,123.0419696,wgs84
辽宁汤河国际温泉旅游度假区,4A,辽宁,辽阳市,弓长岭区,辽宁辽阳市辽宁汤河国际温泉旅游度假区,景点景区,国家4A旅游景区。所属地：辽宁·辽阳市·弓长岭区。地址：辽宁辽阳市辽宁汤河国际温泉旅游度假区。,41.1299945,123.4000820,wgs84
辽阳市广佑寺景区,4A,辽宁,辽阳市,白塔区,辽宁辽阳市辽阳市广佑寺景区,景点景区,国家4A旅游景区。所属地：辽宁·辽阳市·白塔区。地址：辽宁辽阳市辽阳市广佑寺景区。,41.2754961,123.1696978,wgs84
辽阳市太子河历史文化风光带景区,4A,辽宁,辽阳市,白塔区,辽宁辽阳市辽阳市太子河历史文化风光带景区,景点景区,国家4A旅游景区。所属地：辽宁·辽阳市·白塔区。地址：辽宁辽阳市辽阳市太子河历史文化风光带景区。,41.2511390,123.1759821,wgs84
辽阳龙石风景旅游区,4A,辽宁,辽阳市,宏伟区,辽宁辽阳市辽阳龙石风景旅游区,景点景区,国家4A旅游景区。所属地：辽宁·辽阳市·宏伟区。地址：辽宁辽阳市辽阳龙石风景旅游区。,41.1829507,123.2369094,wgs84
铁岭市铁煤蒸汽机车博物馆,4A,辽宁,铁岭市,调兵山市,辽宁铁岭市铁岭市铁煤蒸汽机车博物馆,景点景区,国家4A旅游景区。所属地：辽宁·铁岭市·调兵山市。地址：辽宁铁岭市铁岭市铁煤蒸汽机车博物馆。,42.4102504,123.6671863,wgs84
铁岭市铁岭莲花湿地景区,4A,辽宁,铁岭市,铁岭县,辽宁铁岭市铁岭市铁岭莲花湿地景区,景点景区,国家4A旅游景区。所属地：辽宁·铁岭市·铁岭县。地址：辽宁铁岭市铁岭市铁岭莲花湿地景区。,42.2556276,123.7226796,wgs84
辽宁省铁岭市西丰县城子山风景区,4A,辽宁,铁岭市,西丰县,辽宁铁岭市 铁岭市西丰县城子山风景区,景点景区,国家4A旅游景区。所属地：辽宁·铁岭市·西丰县。地址：辽宁铁岭市 铁岭市西丰县城子山风景区。,42.5197267,124.7037806,wgs84
喀左龙凤山风景区,4A,辽宁,朝阳市,喀喇沁左翼蒙古族自治县,辽宁朝阳市喀左龙凤山风景区,景点景区,国家4A旅游景区。所属地：辽宁·朝阳市·喀喇沁左翼蒙古族自治县。地址：辽宁朝阳市喀左龙凤山风景区。,41.0570401,119.9786106,wgs84
喀左龙源旅游区,4A,辽宁,朝阳市,喀喇沁左翼蒙古族自治县,辽宁朝阳市喀左龙源旅游区,景点景区,国家4A旅游景区。所属地：辽宁·朝阳市·喀喇沁左翼蒙古族自治县。地址：辽宁朝阳市喀左龙源旅游区。,41.0798961,119.7507955,wgs84
喀左浴龙谷温泉度假区,4A,辽宁,朝阳市,喀喇沁左翼蒙古族自治县,辽宁朝阳市喀左浴龙谷温泉度假区,景点景区,国家4A旅游景区。所属地：辽宁·朝阳市·喀喇沁左翼蒙古族自治县。地址：辽宁朝阳市喀左浴龙谷温泉度假区。,41.0497385,119.6718239,wgs84
牛河梁国家考古遗址公园,4A,辽宁,朝阳市,建平县,辽宁朝阳市牛河梁国家考古遗址公园,景点景区,国家4A旅游景区。所属地：辽宁·朝阳市·建平县。地址：辽宁朝阳市牛河梁国家考古遗址公园。,41.3223395,119.5154020,wgs84
北票市大黑山景区,4A,辽宁,朝阳市,北票市,辽宁朝阳市北票市大黑山景区,景点景区,国家4A旅游景区。所属地：辽宁·朝阳市·北票市。地址：辽宁朝阳市北票市大黑山景区。,42.0123437,120.5016349,wgs84
辽宁朝阳鸟化石国家地质公园景区,4A,辽宁,朝阳市,龙城区,辽宁朝阳市辽宁朝阳鸟化石国家地质公园景区,景点景区,国家4A旅游景区。所属地：辽宁·朝阳市·龙城区。地址：辽宁朝阳市辽宁朝阳鸟化石国家地质公园景区。,41.5984524,120.3793752,wgs84
朝阳市凤凰山景区,4A,辽宁,朝阳市,双塔区,辽宁朝阳市朝阳市凤凰山景区,景点景区,国家4A旅游景区。所属地：辽宁·朝阳市·双塔区。地址：辽宁朝阳市朝阳市凤凰山景区。,41.5466880,120.5102837,wgs84
朝阳化石谷景区,4A,辽宁,朝阳市,龙城区,辽宁朝阳市朝阳化石谷景区,景点景区,国家4A旅游景区。所属地：辽宁·朝阳市·龙城区。地址：辽宁朝阳市朝阳化石谷景区。,41.5906714,120.4053595,wgs84
朝阳县千佛洞风景区,4A,辽宁,朝阳市,朝阳县,辽宁朝阳市朝阳县千佛洞风景区,景点景区,国家4A旅游景区。所属地：辽宁·朝阳市·朝阳县。地址：辽宁朝阳市朝阳县千佛洞风景区。,41.2800540,120.3479284,wgs84
盘锦辽河碑林景区,4A,辽宁,盘锦市,双台子区,辽宁盘锦市盘锦辽河碑林景区,景点景区,国家4A旅游景区。所属地：辽宁·盘锦市·双台子区。地址：辽宁盘锦市盘锦辽河碑林景区。,41.1859810,122.0183685,wgs84
辽宁省盘锦市兴隆台区广厦艺术街,4A,辽宁,盘锦市,兴隆台区,辽宁盘锦市 盘锦市兴隆台区广厦艺术街,景点景区,国家4A旅游景区。所属地：辽宁·盘锦市·兴隆台区。地址：辽宁盘锦市 盘锦市兴隆台区广厦艺术街。,41.1311983,122.0975938,wgs84
盘锦红海滩国家风景廊道景区,5A,辽宁,盘锦市,大洼区,辽宁盘锦市盘锦红海滩国家风景廊道景区,景点景区,国家5A旅游景区。所属地：辽宁·盘锦市·大洼区。地址：辽宁盘锦市盘锦红海滩国家风景廊道景区。,40.7962020,121.9533907,wgs84
盘锦苇海●鼎翔生态旅游度假区,4A,辽宁,盘锦市,兴隆台区,辽宁盘锦市盘锦苇海●鼎翔生态旅游度假区,景点景区,国家4A旅游景区。所属地：辽宁·盘锦市·兴隆台区。地址：辽宁盘锦市盘锦苇海●鼎翔生态旅游度假区。,41.1166766,121.8249693,wgs84
盘锦特产博物园景区,4A,辽宁,盘锦市,盘山县,辽宁盘锦市盘锦特产博物园景区,景点景区,国家4A旅游景区。所属地：辽宁·盘锦市·盘山县。地址：辽宁盘锦市盘锦特产博物园景区。,41.2506279,121.9917059,wgs84
盘锦中尧七彩庄园,4A,辽宁,盘锦市,大洼区,辽宁盘锦市盘锦中尧七彩庄园,景点景区,国家4A旅游景区。所属地：辽宁·盘锦市·大洼区。地址：辽宁盘锦市盘锦中尧七彩庄园。,40.9503910,122.0782094,wgs84
盘锦北旅田园大唐文化旅游区,4A,辽宁,盘锦市,大洼区,辽宁盘锦市盘锦北旅田园大唐文化旅游区,景点景区,国家4A旅游景区。所属地：辽宁·盘锦市·大洼区。地址：辽宁盘锦市盘锦北旅田园大唐文化旅游区。,41.1115157,122.1901121,wgs84
龙湾海滨风景区,4A,辽宁,葫芦岛市,龙港区,辽宁葫芦岛市龙湾海滨风景区,景点景区,国家4A旅游景区。所属地：辽宁·葫芦岛市·龙港区。地址：辽宁葫芦岛市龙湾海滨风景区。,40.6799257,120.8319018,wgs84
辽宁省葫芦岛市兴城市欢乐龙湾景区,4A,辽宁,葫芦岛市,兴城市,辽宁葫芦岛市 葫芦岛市兴城市欢乐龙湾景区,景点景区,国家4A旅游景区。所属地：辽宁·葫芦岛市·兴城市。地址：辽宁葫芦岛市 葫芦岛市兴城市欢乐龙湾景区。,40.6132840,120.7230213,wgs84
灵山景区,4A,辽宁,葫芦岛市,,辽宁葫芦岛市灵山景区,景点景区,国家4A旅游景区。所属地：辽宁·葫芦岛市。地址：辽宁葫芦岛市灵山景区。,40.7095946,120.8317448,wgs84
辽宁东戴河新区银泰水星海洋乐园景区,4A,辽宁,葫芦岛市,绥中县,辽宁葫芦岛市辽宁东戴河新区银泰水星海洋乐园景区,景点景区,国家4A旅游景区。所属地：辽宁·葫芦岛市·绥中县。地址：辽宁葫芦岛市辽宁东戴河新区银泰水星海洋乐园景区。,40.0587630,119.9482636,wgs84
九门口长城景区,4A,辽宁,葫芦岛市,龙港区,辽宁葫芦岛市九门口长城景区,景点景区,国家4A旅游景区。所属地：辽宁·葫芦岛市·龙港区。地址：辽宁葫芦岛市九门口长城景区。,40.7249974,120.8537358,wgs84
辽宁省葫芦岛市兴城市觉华岛旅游度假区,4A,辽宁,葫芦岛市,兴城市,辽宁葫芦岛市 葫芦岛市兴城市觉华岛旅游度假区,景点景区,国家4A旅游景区。所属地：辽宁·葫芦岛市·兴城市。地址：辽宁葫芦岛市 葫芦岛市兴城市觉华岛旅游度假区。,40.6284486,120.7972408,wgs84
辽宁省葫芦岛市建昌县龙潭大峡谷自然风景区,4A,辽宁,葫芦岛市,建昌县,辽宁葫芦岛市 葫芦岛市建昌县龙潭大峡谷自然风景区,景点景区,国家4A旅游景区。所属地：辽宁·葫芦岛市·建昌县。地址：辽宁葫芦岛市 葫芦岛市建昌县龙潭大峡谷自然风景区。,40.5547483,119.3482506,wgs84
辽宁省葫芦岛市兴城海滨风景区,4A,辽宁,葫芦岛市,兴城市,辽宁葫芦岛市 葫芦岛市兴城海滨风景区,景点景区,国家4A旅游景区。所属地：辽宁·葫芦岛市·兴城市。地址：辽宁葫芦岛市 葫芦岛市兴城海滨风景区。,40.6060097,120.7903456,wgs84
葫芦古镇,4A,辽宁,葫芦岛市,龙港区,辽宁葫芦岛市葫芦古镇,景点景区,国家4A旅游景区。所属地：辽宁·葫芦岛市·龙港区。地址：辽宁葫芦岛市葫芦古镇。,40.7740774,120.9512060,wgs84
辽宁省葫芦岛市兴城市古城景区,4A,辽宁,葫芦岛市,兴城市,辽宁葫芦岛市 葫芦岛市兴城市古城景区,景点景区,国家4A旅游景区。所属地：辽宁·葫芦岛市·兴城市。地址：辽宁葫芦岛市 葫芦岛市兴城市古城景区。,40.6209972,120.7075968,wgs84
南岳衡山旅游区,5A,湖南,衡阳市,南岳区,湖南衡阳市南岳衡山旅游区,景点景区,国家5A旅游景区。所属地：湖南·衡阳市·南岳区。地址：湖南衡阳市南岳衡山旅游区。,27.2551796,112.7144645,wgs84
张家界武陵源—天门山旅游区（武陵源旅游区）,5A,湖南,张家界市,武陵源区,湖南张家界市张家界武陵源—天门山旅游区（武陵源旅游区）,景点景区,国家5A旅游景区。所属地：湖南·张家界市·武陵源区。地址：湖南张家界市张家界武陵源—天门山旅游区（武陵源旅游区）。,29.3553900,110.4631488,wgs84
张家界武陵源—天门山旅游区(天门山旅游区),5A,湖南,张家界市,武陵源区,湖南张家界市张家界武陵源—天门山旅游区(天门山旅游区),景点景区,国家5A旅游景区。所属地：湖南·张家界市·武陵源区。地址：湖南张家界市张家界武陵源—天门山旅游区(天门山旅游区)。,29.3661895,110.5988666,wgs84
湘潭市韶山旅游区,5A,湖南,湘潭市,韶山市,湖南湘潭市湘潭市韶山旅游区,景点景区,国家5A旅游景区。所属地：湖南·湘潭市·韶山市。地址：湖南湘潭市湘潭市韶山旅游区。,27.9165211,112.4880830,wgs84
岳阳楼-君山岛旅游区,5A,湖南,岳阳市,岳阳楼区,湖南岳阳市岳阳楼-君山岛旅游区,景点景区,国家5A旅游景区。所属地：湖南·岳阳市·岳阳楼区。地址：湖南岳阳市岳阳楼-君山岛旅游区。,29.3744425,113.1237310,wgs84
长沙市岳麓山-橘子洲旅游区,5A,湖南,长沙市,岳麓区,湖南长沙市长沙市岳麓山-橘子洲旅游区,景点景区,国家5A旅游景区。所属地：湖南·长沙市·岳麓区。地址：湖南长沙市长沙市岳麓山-橘子洲旅游区。,28.1785529,112.9563477,wgs84
长沙市花明楼景区,5A,湖南,长沙市,宁乡市,湖南长沙市长沙市花明楼景区,景点景区,国家5A旅游景区。所属地：湖南·长沙市·宁乡市。地址：湖南长沙市长沙市花明楼景区。,28.0497295,112.6167372,wgs84
郴州市东江湖旅游区,5A,湖南,郴州市,资兴市,湖南郴州市郴州市东江湖旅游区,景点景区,国家5A旅游景区。所属地：湖南·郴州市·资兴市。地址：湖南郴州市郴州市东江湖旅游区。,25.8615575,113.3858007,wgs84
新宁崀山旅游区,5A,湖南,邵阳市,新宁县,湖南邵阳市新宁崀山旅游区,景点景区,国家5A旅游景区。所属地：湖南·邵阳市·新宁县。地址：湖南邵阳市新宁崀山旅游区。,26.4005241,110.8209522,wgs84
株洲市炎帝陵景区,5A,湖南,株洲市,炎陵县,湖南株洲市株洲市炎帝陵景区,景点景区,国家5A旅游景区。所属地：湖南·株洲市·炎陵县。地址：湖南株洲市株洲市炎帝陵景区。,26.4228288,113.6653700,wgs84
常德市桃花源旅游区,5A,湖南,常德市,桃源县,湖南常德市常德市桃花源旅游区,景点景区,国家5A旅游景区。所属地：湖南·常德市·桃源县。地址：湖南常德市常德市桃花源旅游区。,28.7973822,111.4368719,wgs84
湘西州矮寨·十八洞·德夯大峡谷景区,5A,湖南,湘西土家族苗族自治州,吉首市,湖南湘西自治州湘西州矮寨·十八洞·德夯大峡谷景区,景点景区,国家5A旅游景区。所属地：湖南·湘西土家族苗族自治州·吉首市。地址：湖南湘西自治州湘西州矮寨·十八洞·德夯大峡谷景区。,28.3898405,109.7875091,wgs84
长沙世界之窗,4A,湖南,长沙市,长沙县,湖南长沙市长沙世界之窗,景点景区,国家4A旅游景区。所属地：湖南·长沙市·长沙县。地址：湖南长沙市长沙世界之窗。,28.2396546,113.0489771,wgs84
黄龙洞旅游区,4A,湖南,张家界市,武陵源区,湖南张家界市黄龙洞旅游区,景点景区,国家4A旅游景区。所属地：湖南·张家界市·武陵源区。地址：湖南张家界市黄龙洞旅游区。,29.3775127,110.6208554,wgs84
株洲市炎陵神农谷景区,4A,湖南,株洲市,炎陵县,湖南株洲市株洲市炎陵神农谷景区,景点景区,国家4A旅游景区。所属地：湖南·株洲市·炎陵县。地址：湖南株洲市株洲市炎陵神农谷景区。,26.4962181,114.0449493,wgs84
长沙海底世界,4A,湖南,长沙市,长沙县,湖南长沙市长沙海底世界,景点景区,国家4A旅游景区。所属地：湖南·长沙市·长沙县。地址：湖南长沙市长沙海底世界。,28.2488110,113.0992368,wgs84
郴州市苏仙岭旅游区,4A,湖南,郴州市,苏仙区,湖南郴州市郴州市苏仙岭旅游区,景点景区,国家4A旅游景区。所属地：湖南·郴州市·苏仙区。地址：湖南郴州市郴州市苏仙岭旅游区。,25.8130498,113.0409416,wgs84
张家界宝峰湖旅游区,4A,湖南,张家界市,武陵源区,湖南张家界市张家界宝峰湖旅游区,景点景区,国家4A旅游景区。所属地：湖南·张家界市·武陵源区。地址：湖南张家界市张家界宝峰湖旅游区。,29.3661895,110.5988666,wgs84
张家界土家风情园,4A,湖南,张家界市,永定区,湖南张家界市张家界土家风情园,景点景区,国家4A旅游景区。所属地：湖南·张家界市·永定区。地址：湖南张家界市张家界土家风情园。,29.1179081,110.4563039,wgs84
张家界江垭温泉度假村,4A,湖南,张家界市,慈利县,湖南张家界市张家界江垭温泉度假村,景点景区,国家4A旅游景区。所属地：湖南·张家界市·慈利县。地址：湖南张家界市张家界江垭温泉度假村。,29.5052945,110.7537644,wgs84
长沙天心阁,4A,湖南,长沙市,长沙县,湖南长沙市长沙天心阁,景点景区,国家4A旅游景区。所属地：湖南·长沙市·长沙县。地址：湖南长沙市长沙天心阁。,28.2493271,113.0749456,wgs84
湖南省博物馆,4A,湖南,长沙市,开福区,湖南长沙市湖南省博物馆,景点景区,国家4A旅游景区。所属地：湖南·长沙市·开福区。地址：湖南长沙市湖南省博物馆。,28.2151939,112.9879770,wgs84
长沙市雷锋纪念馆,4A,湖南,长沙市,望城区,湖南长沙市长沙市雷锋纪念馆,景点景区,国家4A旅游景区。所属地：湖南·长沙市·望城区。地址：湖南长沙市长沙市雷锋纪念馆。,28.2073535,112.8396349,wgs84
岳阳市任弼时纪念馆,4A,湖南,岳阳市,汨罗市,湖南岳阳市岳阳市任弼时纪念馆,景点景区,国家4A旅游景区。所属地：湖南·岳阳市·汨罗市。地址：湖南岳阳市岳阳市任弼时纪念馆。,28.5162570,113.1404841,wgs84
益阳奥林匹克公园,4A,湖南,益阳市,赫山区,湖南益阳市益阳奥林匹克公园,景点景区,国家4A旅游景区。所属地：湖南·益阳市·赫山区。地址：湖南益阳市益阳奥林匹克公园。,28.5548300,112.3504642,wgs84
湘潭彭德怀纪念馆,4A,湖南,湘潭市,湘潭县,湖南湘潭市湘潭彭德怀纪念馆,景点景区,国家4A旅游景区。所属地：湖南·湘潭市·湘潭县。地址：湖南湘潭市湘潭彭德怀纪念馆。,27.6618968,112.6508013,wgs84
郴州市汝城福泉山庄,4A,湖南,郴州市,汝城县,湖南郴州市郴州市汝城福泉山庄,景点景区,国家4A旅游景区。所属地：湖南·郴州市·汝城县。地址：湖南郴州市郴州市汝城福泉山庄。,25.5325804,113.9052791,wgs84
长沙市大围山国家森林公园,4A,湖南,长沙市,浏阳市,湖南长沙市长沙市大围山国家森林公园,景点景区,国家4A旅游景区。所属地：湖南·长沙市·浏阳市。地址：湖南长沙市长沙市大围山国家森林公园。,28.4269145,114.0717974,wgs84
万福温泉国际旅游度假区,4A,湖南,张家界市,慈利县,湖南张家界市万福温泉国际旅游度假区,景点景区,国家4A旅游景区。所属地：湖南·张家界市·慈利县。地址：湖南张家界市万福温泉国际旅游度假区。,29.4185034,111.1704848,wgs84
郴州市莽山国家森林公园,4A,湖南,郴州市,宜章县,湖南郴州市郴州市莽山国家森林公园,景点景区,国家4A旅游景区。所属地：湖南·郴州市·宜章县。地址：湖南郴州市郴州市莽山国家森林公园。,24.9389979,112.9169742,wgs84
永州市九嶷山舜帝陵景区,4A,湖南,永州市,宁远县,湖南永州市永州市九嶷山舜帝陵景区,景点景区,国家4A旅游景区。所属地：湖南·永州市·宁远县。地址：湖南永州市永州市九嶷山舜帝陵景区。,25.3800003,112.0336680,wgs84
张家界市龙王洞旅游区,4A,湖南,张家界市,慈利县,湖南张家界市张家界市龙王洞旅游区,景点景区,国家4A旅游景区。所属地：湖南·张家界市·慈利县。地址：湖南张家界市张家界市龙王洞旅游区。,29.4408025,110.7282262,wgs84
株洲市茶陵云阳山景区,4A,湖南,株洲市,茶陵县,湖南株洲市株洲市茶陵云阳山景区,景点景区,国家4A旅游景区。所属地：湖南·株洲市·茶陵县。地址：湖南株洲市株洲市茶陵云阳山景区。,26.7626171,113.4717071,wgs84
永州市祁阳浯溪碑林景区,4A,湖南,永州市,祁阳市,湖南永州市永州市祁阳浯溪碑林景区,景点景区,国家4A旅游景区。所属地：湖南·永州市·祁阳市。地址：湖南永州市永州市祁阳浯溪碑林景区。,26.5667490,111.8405246,wgs84
湘西州凤凰古城旅游区,4A,湖南,湘西土家族苗族自治州,凤凰县,湖南湘西州湘西州凤凰古城旅游区,景点景区,国家4A旅游景区。所属地：湖南·湘西土家族苗族自治州·凤凰县。地址：湖南湘西州湘西州凤凰古城旅游区。,27.9311243,109.4598932,wgs84
怀化市中国人民抗日战争胜利受降纪念馆,4A,湖南,怀化市,芷江侗族自治县,湖南怀化市怀化市中国人民抗日战争胜利受降纪念馆,景点景区,国家4A旅游景区。所属地：湖南·怀化市·芷江侗族自治县。地址：湖南怀化市怀化市中国人民抗日战争胜利受降纪念馆。,27.4524350,109.7162259,wgs84
常德市柳叶湖旅游度假区,4A,湖南,常德市,武陵区,湖南常德市常德市柳叶湖旅游度假区,景点景区,国家4A旅游景区。所属地：湖南·常德市·武陵区。地址：湖南常德市常德市柳叶湖旅游度假区。,29.0632105,111.7508462,wgs84
郴州市万华岩旅游区,4A,湖南,郴州市,北湖区,湖南郴州市郴州市万华岩旅游区,景点景区,国家4A旅游景区。所属地：湖南·郴州市·北湖区。地址：湖南郴州市郴州市万华岩旅游区。,25.7012877,112.9272731,wgs84
娄底市梅山龙宫景区,4A,湖南,娄底市,新化县,湖南娄底市娄底市梅山龙宫景区,景点景区,国家4A旅游景区。所属地：湖南·娄底市·新化县。地址：湖南娄底市娄底市梅山龙宫景区。,27.9544414,111.2881981,wgs84
娄底市双峰曾国藩故居旅游区,4A,湖南,娄底市,双峰县,湖南娄底市娄底市双峰曾国藩故居旅游区,景点景区,国家4A旅游景区。所属地：湖南·娄底市·双峰县。地址：湖南娄底市娄底市双峰曾国藩故居旅游区。,27.4136350,112.4537288,wgs84
郴州市王仙岭旅游区,4A,湖南,郴州市,资兴市,湖南郴州市郴州市王仙岭旅游区,景点景区,国家4A旅游景区。所属地：湖南·郴州市·资兴市。地址：湖南郴州市郴州市王仙岭旅游区。,25.9420199,113.2596787,wgs84
衡阳市罗荣桓故居纪念馆,4A,湖南,衡阳市,衡东县,湖南衡阳市衡阳市罗荣桓故居纪念馆,景点景区,国家4A旅游景区。所属地：湖南·衡阳市·衡东县。地址：湖南衡阳市衡阳市罗荣桓故居纪念馆。,27.0719282,113.1497199,wgs84
长沙市杨开慧纪念馆,4A,湖南,长沙市,长沙县,湖南长沙市长沙市杨开慧纪念馆,景点景区,国家4A旅游景区。所属地：湖南·长沙市·长沙县。地址：湖南长沙市长沙市杨开慧纪念馆。,28.5906555,113.2044223,wgs84
益阳山乡巨变第一村旅游区,4A,湖南,益阳市,赫山区,湖南益阳市益阳山乡巨变第一村旅游区,景点景区,国家4A旅游景区。所属地：湖南·益阳市·赫山区。地址：湖南益阳市益阳山乡巨变第一村旅游区。,28.5498182,112.3106056,wgs84
益阳市安化茶马古道风景区,4A,湖南,益阳市,安化县,湖南益阳市益阳市安化茶马古道风景区,景点景区,国家4A旅游景区。所属地：湖南·益阳市·安化县。地址：湖南益阳市益阳市安化茶马古道风景区。,28.2324851,111.3574722,wgs84
长沙市靖港古镇景区,4A,湖南,长沙市,望城区,湖南长沙市长沙市靖港古镇景区,景点景区,国家4A旅游景区。所属地：湖南·长沙市·望城区。地址：湖南长沙市长沙市靖港古镇景区。,28.4608341,112.7847212,wgs84
长沙市浏阳胡耀邦故里旅游区,4A,湖南,长沙市,浏阳市,湖南长沙市长沙市浏阳胡耀邦故里旅游区,景点景区,国家4A旅游景区。所属地：湖南·长沙市·浏阳市。地址：湖南长沙市长沙市浏阳胡耀邦故里旅游区。,28.0811256,113.8789845,wgs84
郴州市龙女景区,4A,湖南,郴州市,北湖区,湖南郴州市郴州市龙女景区,景点景区,国家4A旅游景区。所属地：湖南·郴州市·北湖区。地址：湖南郴州市郴州市龙女景区。,25.8547448,113.0243278,wgs84
湘西州吉首市乾州古城景区,4A,湖南,湘西土家族苗族自治州,吉首市,湖南湘西自治州湘西州吉首市乾州古城景区,景点景区,国家4A旅游景区。所属地：湖南·湘西土家族苗族自治州·吉首市。地址：湖南湘西自治州湘西州吉首市乾州古城景区。,28.2574903,109.6953515,wgs84
张家界大峡谷,4A,湖南,张家界市,慈利县,湖南张家界市张家界大峡谷,景点景区,国家4A旅游景区。所属地：湖南·张家界市·慈利县。地址：湖南张家界市张家界大峡谷。,29.4002204,110.6933191,wgs84
长沙生态动物园,4A,湖南,长沙市,芙蓉区,湖南长沙市长沙生态动物园,景点景区,国家4A旅游景区。所属地：湖南·长沙市·芙蓉区。地址：湖南长沙市长沙生态动物园。,28.0363087,112.9978429,wgs84
湖南省森林植物园,4A,湖南,长沙市,雨花区,湖南长沙市湖南省森林植物园,景点景区,国家4A旅游景区。所属地：湖南·长沙市·雨花区。地址：湖南长沙市湖南省森林植物园。,28.1065517,113.0262764,wgs84
石燕湖生态旅游景区,4A,湖南,长沙市,雨花区,湖南长沙市石燕湖生态旅游景区,景点景区,国家4A旅游景区。所属地：湖南·长沙市·雨花区。地址：湖南长沙市石燕湖生态旅游景区。,28.0121289,113.0822092,wgs84
长沙市宁乡紫龙湾旅游区,4A,湖南,长沙市,宁乡市,湖南长沙市长沙市宁乡紫龙湾旅游区,景点景区,国家4A旅游景区。所属地：湖南·长沙市·宁乡市。地址：湖南长沙市长沙市宁乡紫龙湾旅游区。,27.9842530,112.3396883,wgs84
湘潭市湘乡东山书院旅游区,4A,湖南,湘潭市,湘乡市,湖南湘潭市湘潭市湘乡东山书院旅游区,景点景区,国家4A旅游景区。所属地：湖南·湘潭市·湘乡市。地址：湖南湘潭市湘潭市湘乡东山书院旅游区。,27.7326015,112.5476774,wgs84
湘西州凤凰南华山神凤文化景区,4A,湖南,湘西土家族苗族自治州,凤凰县,湖南湘西自治州湘西州凤凰南华山神凤文化景区,景点景区,国家4A旅游景区。所属地：湖南·湘西土家族苗族自治州·凤凰县。地址：湖南湘西自治州湘西州凤凰南华山神凤文化景区。,27.9506804,109.6017595,wgs84
怀化市通道万佛山旅游景区,4A,湖南,怀化市,通道侗族自治县,湖南怀化市怀化市通道万佛山旅游景区,景点景区,国家4A旅游景区。所属地：湖南·怀化市·通道侗族自治县。地址：湖南怀化市怀化市通道万佛山旅游景区。,26.3320398,109.8637517,wgs84
长沙市沩山密印景区,4A,湖南,长沙市,宁乡市,湖南长沙市长沙市沩山密印景区,景点景区,国家4A旅游景区。所属地：湖南·长沙市·宁乡市。地址：湖南长沙市长沙市沩山密印景区。,28.1764580,111.9669718,wgs84
岳阳市君山野生荷花世界旅游区,4A,湖南,岳阳市,君山区,湖南岳阳市岳阳市君山野生荷花世界旅游区,景点景区,国家4A旅游景区。所属地：湖南·岳阳市·君山区。地址：湖南岳阳市岳阳市君山野生荷花世界旅游区。,29.5110629,112.8397270,wgs84
永州市双牌阳明山旅游区,4A,湖南,永州市,双牌县,湖南永州市永州市双牌阳明山旅游区,景点景区,国家4A旅游景区。所属地：湖南·永州市·双牌县。地址：湖南永州市永州市双牌阳明山旅游区。,26.1110280,111.9165575,wgs84
湘西州猛洞河漂流景区,4A,湖南,湘西土家族苗族自治州,永顺县,湖南湘西自治州湘西州猛洞河漂流景区,景点景区,国家4A旅游景区。所属地：湖南·湘西土家族苗族自治州·永顺县。地址：湖南湘西自治州湘西州猛洞河漂流景区。,28.9807052,109.7635364,wgs84
娄底市紫鹊界梯田景区,4A,湖南,娄底市,新化县,湖南娄底市娄底市紫鹊界梯田景区,景点景区,国家4A旅游景区。所属地：湖南·娄底市·新化县。地址：湖南娄底市娄底市紫鹊界梯田景区。,27.6963920,110.9636414,wgs84
张家界市贺龙纪念馆,4A,湖南,张家界市,桑植县,湖南张家界市张家界市贺龙纪念馆,景点景区,国家4A旅游景区。所属地：湖南·张家界市·桑植县。地址：湖南张家界市张家界市贺龙纪念馆。,29.4762518,110.1639441,wgs84
株洲市方特欢乐世界,4A,湖南,株洲市,石峰区,湖南株洲市株洲市方特欢乐世界,景点景区,国家4A旅游景区。所属地：湖南·株洲市·石峰区。地址：湖南株洲市株洲市方特欢乐世界。,27.9905771,113.1882031,wgs84
株洲市神农城炎帝文化主题公园,4A,湖南,株洲市,天元区,湖南株洲市株洲市神农城炎帝文化主题公园,景点景区,国家4A旅游景区。所属地：湖南·株洲市·天元区。地址：湖南株洲市株洲市神农城炎帝文化主题公园。,27.8239124,113.1170851,wgs84
湘西州芙蓉镇景区,4A,湖南,湘西土家族苗族自治州,永顺县,湖南湘西自治州湘西州芙蓉镇景区,景点景区,国家4A旅游景区。所属地：湖南·湘西土家族苗族自治州·永顺县。地址：湖南湘西自治州湘西州芙蓉镇景区。,28.7466261,109.9424912,wgs84
岳阳市平江纪念馆,4A,湖南,岳阳市,平江县,湖南岳阳市岳阳市平江纪念馆,景点景区,国家4A旅游景区。所属地：湖南·岳阳市·平江县。地址：湖南岳阳市岳阳市平江纪念馆。,28.7052397,113.5757294,wgs84
岳阳市张谷英旅游区,4A,湖南,岳阳市,岳阳县,湖南岳阳市岳阳市张谷英旅游区,景点景区,国家4A旅游景区。所属地：湖南·岳阳市·岳阳县。地址：湖南岳阳市岳阳市张谷英旅游区。,29.0072844,113.4781149,wgs84
长沙市洋湖湿地景区,4A,湖南,长沙市,岳麓区,湖南长沙市长沙市洋湖湿地景区,景点景区,国家4A旅游景区。所属地：湖南·长沙市·岳麓区。地址：湖南长沙市长沙市洋湖湿地景区。,28.1238927,112.9416951,wgs84
长沙市关山旅游区,4A,湖南,长沙市,开福区,湖南长沙市长沙市关山旅游区,景点景区,国家4A旅游景区。所属地：湖南·长沙市·开福区。地址：湖南长沙市长沙市关山旅游区。,28.2604406,113.0238371,wgs84
郴州市九龙江国家森林公园,4A,湖南,郴州市,汝城县,湖南郴州市郴州市九龙江国家森林公园,景点景区,国家4A旅游景区。所属地：湖南·郴州市·汝城县。地址：湖南郴州市郴州市九龙江国家森林公园。,25.3853000,113.7662287,wgs84
湘乡茅浒水乡度假村旅游区,4A,湖南,湘潭市,湘乡市,湖南湘潭市湘乡茅浒水乡度假村旅游区,景点景区,国家4A旅游景区。所属地：湖南·湘潭市·湘乡市。地址：湖南湘潭市湘乡茅浒水乡度假村旅游区。,27.7493071,112.5821069,wgs84
岳阳市圣安寺景区,4A,湖南,岳阳市,岳阳楼区,湖南岳阳市岳阳市圣安寺景区,景点景区,国家4A旅游景区。所属地：湖南·岳阳市·岳阳楼区。地址：湖南岳阳市岳阳市圣安寺景区。,29.3350274,113.0841639,wgs84
岳阳市平江石牛寨景区,4A,湖南,岳阳市,平江县,湖南岳阳市岳阳市平江石牛寨景区,景点景区,国家4A旅游景区。所属地：湖南·岳阳市·平江县。地址：湖南岳阳市岳阳市平江石牛寨景区。,28.9069970,114.0415553,wgs84
湘西州红石林景区,4A,湖南,湘西土家族苗族自治州,古丈县,湖南湘西自治州湘西州红石林景区,景点景区,国家4A旅游景区。所属地：湖南·湘西土家族苗族自治州·古丈县。地址：湖南湘西自治州湘西州红石林景区。,28.7556871,109.8334661,wgs84
怀化市黔阳古城,4A,湖南,怀化市,洪江市,湖南怀化市怀化市黔阳古城,景点景区,国家4A旅游景区。所属地：湖南·怀化市·洪江市。地址：湖南怀化市怀化市黔阳古城。,27.1944079,109.8126182,wgs84
娄底市湄江旅游区,4A,湖南,娄底市,娄星区,湖南娄底市娄底市湄江旅游区,景点景区,国家4A旅游景区。所属地：湖南·娄底市·娄星区。地址：湖南娄底市娄底市湄江旅游区。,27.7432748,112.0032429,wgs84
永州市柳宗元文化旅游区,4A,湖南,永州市,零陵区,湖南永州市永州市柳宗元文化旅游区,景点景区,国家4A旅游景区。所属地：湖南·永州市·零陵区。地址：湖南永州市永州市柳宗元文化旅游区。,26.2201832,111.6032576,wgs84
湘西州凤凰奇梁洞景区,4A,湖南,湘西土家族苗族自治州,凤凰县,湖南湘西自治州湘西州凤凰奇梁洞景区,景点景区,国家4A旅游景区。所属地：湖南·湘西土家族苗族自治州·凤凰县。地址：湖南湘西自治州湘西州凤凰奇梁洞景区。,28.0039012,109.5544224,wgs84
郴州市宝山工矿旅游景区,4A,湖南,郴州市,资兴市,湖南郴州市郴州市宝山工矿旅游景区,景点景区,国家4A旅游景区。所属地：湖南·郴州市·资兴市。地址：湖南郴州市郴州市宝山工矿旅游景区。,25.9792938,113.2360254,wgs84
常德市夹山景区,4A,湖南,常德市,石门县,湖南常德市常德市夹山景区,景点景区,国家4A旅游景区。所属地：湖南·常德市·石门县。地址：湖南常德市常德市夹山景区。,30.0123757,110.6565753,wgs84
长沙黑麋峰国家森林公园,4A,湖南,长沙市,望城区,湖南长沙市长沙黑麋峰国家森林公园,景点景区,国家4A旅游景区。所属地：湖南·长沙市·望城区。地址：湖南长沙市长沙黑麋峰国家森林公园。,28.4596680,113.0138811,wgs84
常德市花岩溪景区,4A,湖南,常德市,鼎城区,湖南常德市常德市花岩溪景区,景点景区,国家4A旅游景区。所属地：湖南·常德市·鼎城区。地址：湖南常德市常德市花岩溪景区。,28.7057093,111.5281481,wgs84
常德市规划展示馆,4A,湖南,常德市,武陵区,湖南常德市常德市规划展示馆,景点景区,国家4A旅游景区。所属地：湖南·常德市·武陵区。地址：湖南常德市常德市规划展示馆。,29.0545272,111.6700915,wgs84
郴州市飞天山国家地质公园,4A,湖南,郴州市,苏仙区,湖南郴州市郴州市飞天山国家地质公园,景点景区,国家4A旅游景区。所属地：湖南·郴州市·苏仙区。地址：湖南郴州市郴州市飞天山国家地质公园。,25.9107201,113.1236714,wgs84
郴州市安仁稻田公园,4A,湖南,郴州市,安仁县,湖南郴州市郴州市安仁稻田公园,景点景区,国家4A旅游景区。所属地：湖南·郴州市·安仁县。地址：湖南郴州市郴州市安仁稻田公园。,26.6911113,113.2817353,wgs84
衡阳市蔡伦竹海旅游风景区,4A,湖南,衡阳市,耒阳市,湖南衡阳市衡阳市蔡伦竹海旅游风景区,景点景区,国家4A旅游景区。所属地：湖南·衡阳市·耒阳市。地址：湖南衡阳市衡阳市蔡伦竹海旅游风景区。,26.2058990,112.9754577,wgs84
湘潭市水府旅游区,4A,湖南,湘潭市,湘乡市,湖南湘潭市湘潭市水府旅游区,景点景区,国家4A旅游景区。所属地：湖南·湘潭市·湘乡市。地址：湖南湘潭市湘潭市水府旅游区。,27.6864933,112.2109344,wgs84
湘潭市昭山景区,4A,湖南,湘潭市,岳塘区,湖南湘潭市湘潭市昭山景区,景点景区,国家4A旅游景区。所属地：湖南·湘潭市·岳塘区。地址：湖南湘潭市湘潭市昭山景区。,27.9467803,113.0138272,wgs84
湘潭市盘龙大观园,4A,湖南,湘潭市,岳塘区,湖南湘潭市湘潭市盘龙大观园,景点景区,国家4A旅游景区。所属地：湖南·湘潭市·岳塘区。地址：湖南湘潭市湘潭市盘龙大观园。,27.8967393,113.0215726,wgs84
怀化市洪江古商城,4A,湖南,怀化市,洪江市,湖南怀化市怀化市洪江古商城,景点景区,国家4A旅游景区。所属地：湖南·怀化市·洪江市。地址：湖南怀化市怀化市洪江古商城。,27.1174521,109.9980041,wgs84
长沙千龙湖生态旅游区,4A,湖南,长沙市,长沙县,湖南长沙市长沙千龙湖生态旅游区,景点景区,国家4A旅游景区。所属地：湖南·长沙市·长沙县。地址：湖南长沙市长沙千龙湖生态旅游区。,28.2493271,113.0749456,wgs84
常德市城头山旅游景区,4A,湖南,常德市,澧县,湖南常德市常德市城头山旅游景区,景点景区,国家4A旅游景区。所属地：湖南·常德市·澧县。地址：湖南常德市常德市城头山旅游景区。,29.6715767,111.6544435,wgs84
郴州市永兴板梁古村旅游区,4A,湖南,郴州市,永兴县,湖南郴州市郴州市永兴板梁古村旅游区,景点景区,国家4A旅游景区。所属地：湖南·郴州市·永兴县。地址：湖南郴州市郴州市永兴板梁古村旅游区。,26.0819775,112.8623445,wgs84
衡阳市石鼓书院,4A,湖南,衡阳市,石鼓区,湖南衡阳市衡阳市石鼓书院,景点景区,国家4A旅游景区。所属地：湖南·衡阳市·石鼓区。地址：湖南衡阳市衡阳市石鼓书院。,26.9144380,112.6109093,wgs84
怀化市通道皇都侗文化村旅游区,4A,湖南,怀化市,通道侗族自治县,湖南怀化市怀化市通道皇都侗文化村旅游区,景点景区,国家4A旅游景区。所属地：湖南·怀化市·通道侗族自治县。地址：湖南怀化市怀化市通道皇都侗文化村旅游区。,26.1073973,109.7201374,wgs84
溪布老街非遗文化体验基地,4A,湖南,张家界市,武陵源区,湖南张家界市溪布老街非遗文化体验基地,景点景区,国家4A旅游景区。所属地：湖南·张家界市·武陵源区。地址：湖南张家界市溪布老街非遗文化体验基地。,29.3383227,110.5454318,wgs84
湘西浦市古镇景区,4A,湖南,湘西土家族苗族自治州,泸溪县,湖南湘西自治州湘西浦市古镇景区,景点景区,国家4A旅游景区。所属地：湖南·湘西土家族苗族自治州·泸溪县。地址：湖南湘西自治州湘西浦市古镇景区。,28.0939180,110.1021138,wgs84
常德市林伯渠故居景区,4A,湖南,常德市,临澧县,湖南常德市常德市林伯渠故居景区,景点景区,国家4A旅游景区。所属地：湖南·常德市·临澧县。地址：湖南常德市常德市林伯渠故居景区。,29.5311539,111.6061758,wgs84
常德市彭山景区,4A,湖南,常德市,武陵区,湖南常德市常德市彭山景区,景点景区,国家4A旅游景区。所属地：湖南·常德市·武陵区。地址：湖南常德市常德市彭山景区。,29.0804552,111.6987160,wgs84
永州市东安舜皇山旅游区,4A,湖南,永州市,东安县,湖南永州市永州市东安舜皇山旅游区,景点景区,国家4A旅游景区。所属地：湖南·永州市·东安县。地址：湖南永州市永州市东安舜皇山旅游区。,26.4011146,111.0431464,wgs84
湘西自治州老司城景区,4A,湖南,湘西土家族苗族自治州,永顺县,湖南湘西自治州湘西自治州老司城景区,景点景区,国家4A旅游景区。所属地：湖南·湘西土家族苗族自治州·永顺县。地址：湖南湘西自治州湘西自治州老司城景区。,28.9971878,109.9718792,wgs84
怀化市沅陵凤滩景区,4A,湖南,怀化市,沅陵县,湖南怀化市怀化市沅陵凤滩景区,景点景区,国家4A旅游景区。所属地：湖南·怀化市·沅陵县。地址：湖南怀化市怀化市沅陵凤滩景区。,28.7185934,110.2751302,wgs84
怀化市通道转兵纪念地,4A,湖南,怀化市,通道侗族自治县,湖南怀化市怀化市通道转兵纪念地,景点景区,国家4A旅游景区。所属地：湖南·怀化市·通道侗族自治县。地址：湖南怀化市怀化市通道转兵纪念地。,26.1613655,109.7798366,wgs84
长沙市浏阳秋收起义纪念园,4A,湖南,长沙市,浏阳市,湖南长沙市长沙市浏阳秋收起义纪念园,景点景区,国家4A旅游景区。所属地：湖南·长沙市·浏阳市。地址：湖南长沙市长沙市浏阳秋收起义纪念园。,28.1663293,113.6376180,wgs84
株洲市红军标语博物馆,4A,湖南,株洲市,炎陵县,湖南株洲市株洲市红军标语博物馆,景点景区,国家4A旅游景区。所属地：湖南·株洲市·炎陵县。地址：湖南株洲市株洲市红军标语博物馆。,26.4915784,113.7674282,wgs84
邵阳市湘窖生态文化酿酒城,4A,湖南,邵阳市,,湖南邵阳市邵阳市湘窖生态文化酿酒城,景点景区,国家4A旅游景区。所属地：湖南·邵阳市。地址：湖南邵阳市邵阳市湘窖生态文化酿酒城。,27.2421220,111.4622138,wgs84
湘西州里耶古城景区,4A,湖南,湘西土家族苗族自治州,龙山县,湖南湘西州湘西州里耶古城景区,景点景区,国家4A旅游景区。所属地：湖南·湘西土家族苗族自治州·龙山县。地址：湖南湘西州湘西州里耶古城景区。,28.7839896,109.2899196,wgs84
怀化市通道芋头古侗寨景区,4A,湖南,怀化市,通道侗族自治县,湖南怀化市怀化市通道芋头古侗寨景区,景点景区,国家4A旅游景区。所属地：湖南·怀化市·通道侗族自治县。地址：湖南怀化市怀化市通道芋头古侗寨景区。,26.1389441,109.7101747,wgs84
岳阳市天岳幕阜山景区,4A,湖南,岳阳市,君山区,湖南岳阳市岳阳市天岳幕阜山景区,景点景区,国家4A旅游景区。所属地：湖南·岳阳市·君山区。地址：湖南岳阳市岳阳市天岳幕阜山景区。,29.5160551,112.8488484,wgs84
株洲市酒仙湖景区,4A,湖南,株洲市,攸县,湖南株洲市株洲市酒仙湖景区,景点景区,国家4A旅游景区。所属地：湖南·株洲市·攸县。地址：湖南株洲市株洲市酒仙湖景区。,27.2140629,113.5788469,wgs84
邵阳市黄桑生态旅游区,4A,湖南,邵阳市,新宁县,湖南邵阳市邵阳市黄桑生态旅游区,景点景区,国家4A旅游景区。所属地：湖南·邵阳市·新宁县。地址：湖南邵阳市邵阳市黄桑生态旅游区。,26.4005241,110.8209522,wgs84
岳阳市屈子文化园景区,4A,湖南,岳阳市,汨罗市,湖南岳阳市岳阳市屈子文化园景区,景点景区,国家4A旅游景区。所属地：湖南·岳阳市·汨罗市。地址：湖南岳阳市岳阳市屈子文化园景区。,28.8671265,113.0496926,wgs84
常德市枫林花海景区,4A,湖南,常德市,桃源县,湖南常德市常德市枫林花海景区,景点景区,国家4A旅游景区。所属地：湖南·常德市·桃源县。地址：湖南常德市常德市枫林花海景区。,29.0495369,111.5368653,wgs84
怀化市黄岩生态旅游区,4A,湖南,怀化市,中方县,湖南怀化市怀化市黄岩生态旅游区,景点景区,国家4A旅游景区。所属地：湖南·怀化市·中方县。地址：湖南怀化市怀化市黄岩生态旅游区。,27.4501732,110.0678488,wgs84
娄底市三联峒景区,4A,湖南,娄底市,新化县,湖南娄底市娄底市三联峒景区,景点景区,国家4A旅游景区。所属地：湖南·娄底市·新化县。地址：湖南娄底市娄底市三联峒景区。,27.5414538,111.2341261,wgs84
永州市桐子坳景区,4A,湖南,永州市,双牌县,湖南永州市永州市桐子坳景区,景点景区,国家4A旅游景区。所属地：湖南·永州市·双牌县。地址：湖南永州市永州市桐子坳景区。,26.0487682,111.8478163,wgs84
永州市江永勾蓝瑶寨景区,4A,湖南,永州市,江永县,湖南永州市永州市江永勾蓝瑶寨景区,景点景区,国家4A旅游景区。所属地：湖南·永州市·江永县。地址：湖南永州市永州市江永勾蓝瑶寨景区。,25.0980633,111.1774653,wgs84
怀化市溆浦穿岩山景区,4A,湖南,怀化市,溆浦县,湖南怀化市怀化市溆浦穿岩山景区,景点景区,国家4A旅游景区。所属地：湖南·怀化市·溆浦县。地址：湖南怀化市怀化市溆浦穿岩山景区。,27.7088135,110.5686034,wgs84
长沙市新华联铜官窑古镇景区,4A,湖南,长沙市,望城区,湖南长沙市长沙市新华联铜官窑古镇景区,景点景区,国家4A旅游景区。所属地：湖南·长沙市·望城区。地址：湖南长沙市长沙市新华联铜官窑古镇景区。,28.4046046,112.8324853,wgs84
长沙市田汉文化园旅游区,4A,湖南,长沙市,长沙县,湖南长沙市长沙市田汉文化园旅游区,景点景区,国家4A旅游景区。所属地：湖南·长沙市·长沙县。地址：湖南长沙市长沙市田汉文化园旅游区。,28.3246065,113.2028108,wgs84
长沙滨江文化园景区,4A,湖南,长沙市,开福区,湖南长沙市长沙滨江文化园景区,景点景区,国家4A旅游景区。所属地：湖南·长沙市·开福区。地址：湖南长沙市长沙滨江文化园景区。,28.2452339,112.9740442,wgs84
湘潭市昭山城市海景水上乐园景区,4A,湖南,湘潭市,岳塘区,湖南湘潭市湘潭市昭山城市海景水上乐园景区,景点景区,国家4A旅游景区。所属地：湖南·湘潭市·岳塘区。地址：湖南湘潭市湘潭市昭山城市海景水上乐园景区。,27.9287667,113.0053378,wgs84
邵阳市武冈云山国家森林公园景区,4A,湖南,邵阳市,武冈市,湖南邵阳市邵阳市武冈云山国家森林公园景区,景点景区,国家4A旅游景区。所属地：湖南·邵阳市·武冈市。地址：湖南邵阳市邵阳市武冈云山国家森林公园景区。,26.6517820,110.6289295,wgs84
邵阳市新邵白水洞景区,4A,湖南,邵阳市,新邵县,湖南邵阳市邵阳市新邵白水洞景区,景点景区,国家4A旅游景区。所属地：湖南·邵阳市·新邵县。地址：湖南邵阳市邵阳市新邵白水洞景区。,27.4129620,111.4069897,wgs84
张家界市桑植九天峰恋景区,4A,湖南,张家界市,桑植县,湖南张家界市张家界市桑植九天峰恋景区,景点景区,国家4A旅游景区。所属地：湖南·张家界市·桑植县。地址：湖南张家界市张家界市桑植九天峰恋景区。,29.4169465,110.2000405,wgs84
郴州市西瑶绿谷旅游区,4A,湖南,郴州市,临武县,湖南郴州市郴州市西瑶绿谷旅游区,景点景区,国家4A旅游景区。所属地：湖南·郴州市·临武县。地址：湖南郴州市郴州市西瑶绿谷旅游区。,25.2773987,112.4905044,wgs84
郴州市汝城沙洲红色旅游景区,4A,湖南,郴州市,汝城县,湖南郴州市郴州市汝城沙洲红色旅游景区,景点景区,国家4A旅游景区。所属地：湖南·郴州市·汝城县。地址：湖南郴州市郴州市汝城沙洲红色旅游景区。,25.5469131,113.3593740,wgs84
永州市零陵东山景区,4A,湖南,永州市,零陵区,湖南永州市永州市零陵东山景区,景点景区,国家4A旅游景区。所属地：湖南·永州市·零陵区。地址：湖南永州市永州市零陵东山景区。,26.2208384,111.6128419,wgs84
湘西民族文化园景区,4A,湖南,湘西土家族苗族自治州,龙山县,湖南湘西州湘西民族文化园景区,景点景区,国家4A旅游景区。所属地：湖南·湘西土家族苗族自治州·龙山县。地址：湖南湘西州湘西民族文化园景区。,28.9475223,109.4816783,wgs84
长沙铜官窑国家考古遗址公园,4A,湖南,长沙市,望城区,湖南长沙市长沙铜官窑国家考古遗址公园,景点景区,国家4A旅游景区。所属地：湖南·长沙市·望城区。地址：湖南长沙市长沙铜官窑国家考古遗址公园。,28.4137199,112.8347917,wgs84
长沙市望城光明大观园景区,4A,湖南,长沙市,望城区,湖南长沙市长沙市望城光明大观园景区,景点景区,国家4A旅游景区。所属地：湖南·长沙市·望城区。地址：湖南长沙市长沙市望城光明大观园景区。,28.2456704,112.7089586,wgs84
衡阳市常宁印山文化旅游区,4A,湖南,衡阳市,常宁市,湖南衡阳市衡阳市常宁印山文化旅游区,景点景区,国家4A旅游景区。所属地：湖南·衡阳市·常宁市。地址：湖南衡阳市衡阳市常宁印山文化旅游区。,26.1858045,112.5167361,wgs84
衡阳市衡阳县王船山故里生态文化旅游区,4A,湖南,衡阳市,衡阳县,湖南衡阳市衡阳市衡阳县王船山故里生态文化旅游区,景点景区,国家4A旅游景区。所属地：湖南·衡阳市·衡阳县。地址：湖南衡阳市衡阳市衡阳县王船山故里生态文化旅游区。,27.2012394,112.2112614,wgs84
株洲市芋园文化旅游景区,4A,湖南,株洲市,,湖南株洲市株洲市芋园文化旅游景区,景点景区,国家4A旅游景区。所属地：湖南·株洲市。地址：湖南株洲市株洲市芋园文化旅游景区。,27.8306842,113.1281661,wgs84
邵阳市隆回大花瑶虎形山景区,4A,湖南,邵阳市,隆回县,湖南邵阳市邵阳市隆回大花瑶虎形山景区,景点景区,国家4A旅游景区。所属地：湖南·邵阳市·隆回县。地址：湖南邵阳市邵阳市隆回大花瑶虎形山景区。,27.5458463,110.6976659,wgs84
岳阳市湘阴洋沙湖旅游景区,4A,湖南,岳阳市,湘阴县,湖南岳阳市岳阳市湘阴洋沙湖旅游景区,景点景区,国家4A旅游景区。所属地：湖南·岳阳市·湘阴县。地址：湖南岳阳市岳阳市湘阴洋沙湖旅游景区。,28.6366980,112.8810672,wgs84
常德市卡乐星球旅游景区,4A,湖南,常德市,鼎城区,湖南常德市常德市卡乐星球旅游景区,景点景区,国家4A旅游景区。所属地：湖南·常德市·鼎城区。地址：湖南常德市常德市卡乐星球旅游景区。,29.0784296,111.7466683,wgs84
永州市蓝山云冰山景区,4A,湖南,永州市,蓝山县,湖南永州市永州市蓝山云冰山景区,景点景区,国家4A旅游景区。所属地：湖南·永州市·蓝山县。地址：湖南永州市永州市蓝山云冰山景区。,25.3726950,112.1913397,wgs84
永州市宁远下灌旅游区,4A,湖南,永州市,宁远县,湖南永州市永州市宁远下灌旅游区,景点景区,国家4A旅游景区。所属地：湖南·永州市·宁远县。地址：湖南永州市永州市宁远下灌旅游区。,25.4754117,112.0087220,wgs84
永州市道县濂溪故里景区,4A,湖南,永州市,道县,湖南永州市永州市道县濂溪故里景区,景点景区,国家4A旅游景区。所属地：湖南·永州市·道县。地址：湖南永州市永州市道县濂溪故里景区。,25.5093056,111.5051044,wgs84
怀化市鹤城区九丰现代农博园景区,4A,湖南,怀化市,鹤城区,湖南怀化市怀化市鹤城区九丰现代农博园景区,景点景区,国家4A旅游景区。所属地：湖南·怀化市·鹤城区。地址：湖南怀化市怀化市鹤城区九丰现代农博园景区。,27.5670092,110.0412255,wgs84
怀化市靖州飞山景区,4A,湖南,怀化市,靖州苗族侗族自治县,湖南怀化市怀化市靖州飞山景区,景点景区,国家4A旅游景区。所属地：湖南·怀化市·靖州苗族侗族自治县。地址：湖南怀化市怀化市靖州飞山景区。,26.5988750,109.6498551,wgs84
娄底市新化大熊山景区,4A,湖南,娄底市,新化县,湖南娄底市娄底市新化大熊山景区,景点景区,国家4A旅游景区。所属地：湖南·娄底市·新化县。地址：湖南娄底市娄底市新化大熊山景区。,28.1386945,111.3179197,wgs84
郴州市天堂温泉景区,4A,湖南,郴州市,北湖区,湖南郴州市郴州市天堂温泉景区,景点景区,国家4A旅游景区。所属地：湖南·郴州市·北湖区。地址：湖南郴州市郴州市天堂温泉景区。,25.7762210,113.0089236,wgs84
益阳安化云台山景区,4A,湖南,益阳市,安化县,湖南益阳市益阳安化云台山景区,景点景区,国家4A旅游景区。所属地：湖南·益阳市·安化县。地址：湖南益阳市益阳安化云台山景区。,28.3737204,110.9821147,wgs84
永州道县陈树湘红色文化园,4A,湖南,永州市,道县,湖南永州市永州道县陈树湘红色文化园,景点景区,国家4A旅游景区。所属地：湖南·永州市·道县。地址：湖南永州市永州道县陈树湘红色文化园。,25.5295232,111.5956225,wgs84
株洲茶陵工农兵政府旧址景区,4A,湖南,株洲市,茶陵县,湖南株洲市株洲茶陵工农兵政府旧址景区,景点景区,国家4A旅游景区。所属地：湖南·株洲市·茶陵县。地址：湖南株洲市株洲茶陵工农兵政府旧址景区。,26.7993492,113.5610976,wgs84
邵阳蔡锷故里景区,4A,湖南,邵阳市,大祥区,湖南邵阳市邵阳蔡锷故里景区,景点景区,国家4A旅游景区。所属地：湖南·邵阳市·大祥区。地址：湖南邵阳市邵阳蔡锷故里景区。,27.1568316,111.5218061,wgs84
衡阳夏明翰故里景区,4A,湖南,衡阳市,衡阳县,湖南衡阳市衡阳夏明翰故里景区,景点景区,国家4A旅游景区。所属地：湖南·衡阳市·衡阳县。地址：湖南衡阳市衡阳夏明翰故里景区。,26.9728761,112.3649325,wgs84
娄底蔡和森同志纪念馆·故居景区,4A,湖南,娄底市,双峰县,湖南娄底市娄底蔡和森同志纪念馆·故居景区,景点景区,国家4A旅游景区。所属地：湖南·娄底市·双峰县。地址：湖南娄底市娄底蔡和森同志纪念馆·故居景区。,27.4600898,112.1968829,wgs84
怀化会同粟裕故里景区,4A,湖南,怀化市,会同县,湖南怀化市怀化会同粟裕故里景区,景点景区,国家4A旅游景区。所属地：湖南·怀化市·会同县。地址：湖南怀化市怀化会同粟裕故里景区。,26.8906933,109.7310302,wgs84
长沙县影珠山景区,4A,湖南,长沙市,长沙县,湖南长沙市长沙县影珠山景区,景点景区,国家4A旅游景区。所属地：湖南·长沙市·长沙县。地址：湖南长沙市长沙县影珠山景区。,28.5343707,113.1878065,wgs84
长沙华谊兄弟（长沙）电影小镇,4A,湖南,长沙市,岳麓区,湖南长沙市长沙华谊兄弟（长沙）电影小镇,景点景区,国家4A旅游景区。所属地：湖南·长沙市·岳麓区。地址：湖南长沙市长沙华谊兄弟（长沙）电影小镇。,28.0815886,112.9112796,wgs84
衡阳奇石文化博物馆,4A,湖南,衡阳市,蒸湘区,湖南衡阳市衡阳奇石文化博物馆,景点景区,国家4A旅游景区。所属地：湖南·衡阳市·蒸湘区。地址：湖南衡阳市衡阳奇石文化博物馆。,26.9102975,112.5086696,wgs84
株洲茶陵县花湖谷景区,4A,湖南,株洲市,茶陵县,湖南株洲市株洲茶陵县花湖谷景区,景点景区,国家4A旅游景区。所属地：湖南·株洲市·茶陵县。地址：湖南株洲市株洲茶陵县花湖谷景区。,26.7810129,113.5338265,wgs84
常德石门县龙王洞景区,4A,湖南,常德市,石门县,湖南常德市常德石门县龙王洞景区,景点景区,国家4A旅游景区。所属地：湖南·常德市·石门县。地址：湖南常德市常德石门县龙王洞景区。,29.6547809,111.0588428,wgs84
张家界桑植县中国工农红军第二方面军长征出发地景区,4A,湖南,张家界市,桑植县,湖南张家界市张家界桑植县中国工农红军第二方面军长征出发地景区,景点景区,国家4A旅游景区。所属地：湖南·张家界市·桑植县。地址：湖南张家界市张家界桑植县中国工农红军第二方面军长征出发地景区。,29.4596783,110.2297471,wgs84
益阳天意木国景区,4A,湖南,益阳市,赫山区,湖南益阳市益阳天意木国景区,景点景区,国家4A旅游景区。所属地：湖南·益阳市·赫山区。地址：湖南益阳市益阳天意木国景区。,28.4051321,112.4038986,wgs84
永州祁阳市石洞源景区,4A,湖南,永州市,祁阳市,湖南永州市永州祁阳市石洞源景区,景点景区,国家4A旅游景区。所属地：湖南·永州市·祁阳市。地址：湖南永州市永州祁阳市石洞源景区。,26.5179760,112.0214648,wgs84
永州新田县龙家大院景区,4A,湖南,永州市,新田县,湖南永州市永州新田县龙家大院景区,景点景区,国家4A旅游景区。所属地：湖南·永州市·新田县。地址：湖南永州市永州新田县龙家大院景区。,25.8189440,112.1196773,wgs84
湘西龙山县太平山景区,4A,湖南,湘西土家族苗族自治州,龙山县,湖南湘西州湘西龙山县太平山景区,景点景区,国家4A旅游景区。所属地：湖南·湘西土家族苗族自治州·龙山县。地址：湖南湘西州湘西龙山县太平山景区。,29.4922643,109.4951765,wgs84
湘西凤凰县中华大熊猫苑,4A,湖南,湘西土家族苗族自治州,凤凰县,湖南湘西州湘西凤凰县中华大熊猫苑,景点景区,国家4A旅游景区。所属地：湖南·湘西土家族苗族自治州·凤凰县。地址：湖南湘西州湘西凤凰县中华大熊猫苑。,27.9616027,109.5765809,wgs84
